Area,Year,Area harvested,Production,Yield,Temp_Medie_An,Precip_Tot_An,Zile_Inghet_An,Temp_Max_primavara_critica,Precip_primavara_critica,Inghet_primavara_critica,Umid_Sol_primavara_critica,Temp_Max_vara_crestere,Precip_vara_crestere,Inghet_vara_crestere,Umid_Sol_vara_crestere
Afghanistan,2005,2751.0,20239.0,73570.0,11.38,296.6,119.0,25.93,90.8,15.0,0.412,36.74,110.7,0.0,0.379
Afghanistan,2006,7000.0,52500.0,75000.0,12.38,420.0,99.0,32.83,92.3,15.0,0.444,36.12,93.2,0.0,0.359
Afghanistan,2007,7000.0,59500.0,85000.0,12.15,339.4,107.0,30.87,145.0,20.0,0.533,34.38,76.3,0.0,0.369
Afghanistan,2008,7000.0,56061.0,80087.0,12.04,418.9,89.0,31.84,166.8,1.0,0.428,34.73,133.8,0.0,0.388
Afghanistan,2009,8550.0,72765.0,85105.0,10.97,601.8,117.0,28.33,271.4,19.0,0.629,35.37,66.9,0.0,0.404
Afghanistan,2010,8550.0,59850.0,70000.0,12.16,700.4,91.0,30.12,160.9,9.0,0.515,33.79,322.8,0.0,0.473
Afghanistan,2011,8863.0,62041.0,70000.0,11.22,856.0,112.0,30.37,256.1,22.0,0.562,33.78,191.5,0.0,0.422
Afghanistan,2012,9148.0,70000.0,76519.0,9.02,890.1,121.0,25.43,348.7,21.0,0.773,32.96,178.8,0.0,0.486
Afghanistan,2013,10341.0,78597.0,76005.0,11.5,642.6,110.0,28.85,338.5,15.0,0.696,36.01,10.7,0.0,0.402
Afghanistan,2014,12247.0,89403.0,73000.0,10.55,838.6,119.0,26.84,399.5,28.0,0.732,34.71,75.3,0.0,0.453
Afghanistan,2015,13038.0,89733.0,68824.0,10.97,994.2,102.0,26.29,338.6,17.0,0.717,32.92,208.9,0.0,0.477
Afghanistan,2016,19365.0,140903.0,72762.0,11.9,988.9,82.0,26.32,484.0,9.0,0.708,31.79,365.0,0.0,0.586
Afghanistan,2017,26847.0,175000.0,65184.0,12.13,362.0,113.0,30.96,92.8,24.0,0.531,35.69,43.2,0.0,0.361
Afghanistan,2018,28381.0,217192.0,76527.0,12.9,231.0,87.0,30.65,79.2,2.0,0.395,36.33,25.8,0.0,0.352
Afghanistan,2019,27559.0,250324.0,90832.0,11.44,451.5,118.0,29.23,152.3,20.0,0.582,36.33,39.9,0.0,0.381
Africa,2005,128478.0,1903990.0,148196.0,18.99,763.2,0.0,27.19,280.4,0.0,0.756,29.09,19.3,0.0,0.493
Africa,2006,130743.0,2019887.0,154493.0,18.48,1458.1,0.0,27.3,619.8,0.0,0.774,29.73,10.9,0.0,0.568
Africa,2007,134942.0,2021888.0,149834.0,18.45,1315.2,0.0,27.61,326.9,0.0,0.793,29.31,115.2,0.0,0.569
Africa,2008,136337.0,2141215.0,157053.0,18.34,1193.9,0.0,26.88,338.5,0.0,0.797,29.64,7.4,0.0,0.524
Africa,2009,135063.0,2161994.0,160073.0,18.6,1270.6,0.0,31.45,421.3,0.0,0.813,29.49,1.0,0.0,0.512
Africa,2010,153508.0,2203907.0,143570.0,18.94,825.9,0.0,28.55,324.0,0.0,0.717,29.08,13.5,0.0,0.496
Africa,2011,156345.0,2316523.0,148167.0,18.56,1518.9,0.0,26.35,475.9,0.0,0.847,30.17,1.0,0.0,0.541
Africa,2012,152599.0,2366296.0,155066.0,18.63,1140.1,0.0,26.9,306.0,0.0,0.797,30.38,12.8,0.0,0.504
Africa,2013,166446.0,2726919.0,163832.0,18.93,1204.9,0.0,27.36,341.7,0.0,0.759,30.31,7.1,0.0,0.494
Africa,2014,157317.0,2556821.0,162527.0,18.69,1353.6,0.0,26.99,391.6,0.0,0.844,31.12,4.3,0.0,0.533
Africa,2015,164901.0,2877574.0,174503.0,19.13,1275.7,0.0,27.49,205.8,0.0,0.736,30.31,0.6,0.0,0.477
Africa,2016,180186.0,2731225.0,151578.0,18.94,1324.4,0.0,27.88,537.8,0.0,0.841,30.49,1.1,0.0,0.527
Africa,2017,171591.0,3084246.0,179744.0,18.51,1860.0,0.0,27.05,342.3,0.0,0.794,28.25,201.4,0.0,0.568
Africa,2018,166374.0,2867625.0,172360.0,18.14,2245.8,0.0,26.71,711.8,0.0,0.87,28.84,82.4,0.0,0.599
Africa,2019,161676.0,3132896.0,193776.0,18.9,2275.9,0.0,27.96,553.5,0.0,0.839,29.86,27.7,0.0,0.519
Albania,2005,3000.0,16000.0,53333.0,11.09,994.5,79.0,24.71,177.0,14.0,0.866,36.82,123.5,0.0,0.529
Albania,2006,5500.0,27566.0,50120.0,11.51,853.6,73.0,29.44,240.8,10.0,0.897,37.76,210.6,0.0,0.573
Albania,2007,7000.0,36000.0,51429.0,12.81,826.3,56.0,27.74,156.0,2.0,0.737,40.14,74.0,0.0,0.499
Albania,2008,6500.0,45000.0,69231.0,12.52,800.1,53.0,31.1,201.2,1.0,0.812,37.19,99.7,0.0,0.516
Albania,2009,5000.0,47202.0,94404.0,12.42,1207.2,63.0,27.0,242.8,14.0,0.864,36.48,169.7,0.0,0.564
Albania,2010,3913.0,54604.0,139545.0,12.21,1372.1,59.0,23.57,261.7,10.0,0.897,35.62,96.6,0.0,0.56
Albania,2011,3450.0,64000.0,185507.0,12.48,523.1,71.0,24.46,153.0,13.0,0.802,37.92,44.2,0.0,0.509
Albania,2012,3719.0,71300.0,191718.0,12.92,922.3,81.0,25.48,264.2,11.0,0.779,39.37,30.2,0.0,0.51
Albania,2013,3838.0,75730.0,197316.0,12.71,854.6,61.0,26.41,319.7,10.0,0.883,36.66,89.1,0.0,0.544
Albania,2014,3863.0,82060.0,212426.0,12.64,797.5,32.0,25.74,192.8,6.0,0.679,34.8,129.8,0.0,0.535
Albania,2015,4008.0,91736.0,228882.0,13.13,650.6,58.0,27.16,146.4,20.0,0.798,38.03,74.4,0.0,0.497
Albania,2016,4230.0,101532.0,240028.0,12.73,934.5,56.0,25.7,225.0,3.0,0.824,34.7,95.7,0.0,0.534
Albania,2017,4346.0,96338.0,221671.0,12.87,670.4,59.0,25.04,139.2,6.0,0.706,39.02,32.5,0.0,0.484
Albania,2018,4294.0,108375.0,252387.0,13.43,764.6,49.0,27.47,243.8,3.0,0.849,33.75,116.5,0.0,0.531
Albania,2019,4407.0,105933.0,240374.0,13.42,770.5,54.0,25.37,206.2,5.0,0.69,39.68,75.1,0.0,0.512
Algeria,2005,24279.0,199712.0,82257.0,18.4,553.5,0.0,23.87,72.4,0.0,0.539,30.91,25.5,0.0,0.37
Algeria,2006,28658.0,283242.0,98835.0,19.28,585.7,0.0,27.35,125.2,0.0,0.549,30.86,26.0,0.0,0.382
Algeria,2007,31904.0,190010.0,59557.0,18.84,861.4,0.0,26.27,295.8,0.0,0.573,32.6,26.5,0.0,0.388
Algeria,2008,33206.0,260967.0,78590.0,18.83,587.7,0.0,22.61,120.2,0.0,0.498,31.0,24.5,0.0,0.379
Algeria,2009,36616.0,267469.0,73047.0,19.13,672.1,0.0,32.09,167.8,0.0,0.567,31.96,12.7,0.0,0.372
Algeria,2010,52419.0,378637.0,72233.0,18.86,651.4,0.0,24.5,134.1,0.0,0.501,30.55,18.0,0.0,0.372
Algeria,2011,51080.0,404105.0,79112.0,19.25,700.6,0.0,26.18,175.0,0.0,0.538,32.25,26.0,0.0,0.397
Algeria,2012,48828.0,397529.0,81414.0,18.99,733.7,0.0,24.7,189.8,0.0,0.65,31.83,30.8,0.0,0.389
Algeria,2013,48064.0,455937.0,94860.0,18.73,786.5,0.0,22.86,231.8,0.0,0.563,30.66,22.4,0.0,0.399
Algeria,2014,40418.0,462815.0,114507.0,19.4,661.5,0.0,23.14,109.9,0.0,0.509,32.32,44.2,0.0,0.378
Algeria,2015,41011.0,451472.0,110086.0,19.42,479.7,0.0,29.06,90.2,0.0,0.563,31.98,44.2,0.0,0.376
Algeria,2016,46070.0,500855.0,108716.0,19.45,584.2,0.0,24.38,210.6,0.0,0.528,29.63,11.8,0.0,0.375
Algeria,2017,44620.0,494239.0,110766.0,19.53,540.8,0.0,25.83,62.0,0.0,0.53,35.46,28.7,0.0,0.369
Algeria,2018,39034.0,487808.0,124970.0,18.93,896.7,0.0,24.2,345.6,0.0,0.571,30.32,72.2,0.0,0.422
Algeria,2019,32989.0,558830.0,169399.0,19.21,472.1,0.0,22.66,129.4,0.0,0.507,32.86,23.3,0.0,0.373
Americas,2005,364986.0,9008510.0,246818.0,14.11,649.9,4.0,29.3,43.0,0.0,0.368,30.64,414.3,0.0,0.479
Americas,2006,357028.0,9024167.0,252758.0,13.71,858.3,6.0,29.47,125.4,0.0,0.374,26.43,430.2,0.0,0.518
Americas,2007,347925.0,8845340.0,254231.0,13.6,844.0,3.0,28.02,119.1,0.0,0.407,28.37,481.2,0.0,0.53
Americas,2008,342956.0,9113166.0,265724.0,13.47,733.5,8.0,30.02,63.1,1.0,0.369,27.19,494.0,0.0,0.552
Americas,2009,344438.0,9092087.0,263969.0,14.0,802.2,3.0,29.76,102.2,1.0,0.371,28.68,335.3,0.0,0.492
Americas,2010,335204.0,9045252.0,269843.0,13.11,816.3,9.0,30.36,45.6,0.0,0.425,29.09,494.0,0.0,0.54
Americas,2011,347778.0,9702017.0,278972.0,13.86,729.5,3.0,31.05,59.6,0.0,0.361,28.46,495.6,0.0,0.533
Americas,2012,343106.0,9004010.0,262426.0,13.51,717.7,2.0,29.3,56.6,0.0,0.382,28.19,476.2,0.0,0.527
Americas,2013,342460.0,10213825.0,298249.0,13.85,849.2,3.0,29.8,84.6,3.0,0.364,28.01,412.7,0.0,0.517
Americas,2014,328568.0,10588413.0,322259.0,13.65,854.7,2.0,29.26,123.1,0.0,0.391,25.84,443.0,0.0,0.57
Americas,2015,329044.0,9626415.0,292557.0,13.94,793.1,0.0,27.24,207.1,0.0,0.432,26.44,346.7,0.0,0.541
Americas,2016,322514.0,9880305.0,306353.0,13.87,895.7,3.0,30.26,136.1,0.0,0.397,24.2,518.6,0.0,0.57
Americas,2017,320504.0,10166420.0,317201.0,14.01,768.3,6.0,30.22,117.9,0.0,0.38,28.07,441.6,0.0,0.516
Americas,2018,307667.0,9410823.0,305877.0,14.05,946.8,7.0,30.01,122.6,0.0,0.393,28.82,489.8,0.0,0.541
Americas,2019,303925.0,9810144.0,322782.0,14.74,738.4,1.0,30.01,47.9,0.0,0.376,27.79,423.1,0.0,0.513
Argentina,2005,43723.0,1206210.0,275875.0,15.59,440.4,21.0,36.24,87.4,0.0,0.336,22.17,96.0,17.0,0.396
Argentina,2006,40173.0,1100000.0,273816.0,16.29,504.4,13.0,33.45,63.2,3.0,0.355,25.01,67.7,8.0,0.362
Argentina,2007,36222.0,1000000.0,276075.0,14.88,587.8,45.0,32.92,205.5,3.0,0.445,22.77,29.2,42.0,0.418
Argentina,2008,34021.0,950000.0,279239.0,16.58,390.6,21.0,32.48,68.8,4.0,0.345,25.93,46.5,14.0,0.361
Argentina,2009,31657.0,894000.0,282402.0,16.56,369.5,21.0,37.42,56.0,0.0,0.303,27.72,38.6,19.0,0.321
Argentina,2010,25213.0,720000.0,285567.0,15.48,536.3,31.0,33.4,143.4,2.0,0.417,25.64,33.1,28.0,0.383
Argentina,2011,39829.0,1150000.0,288734.0,15.82,580.6,24.0,37.3,185.0,0.0,0.393,22.5,35.4,24.0,0.433
Argentina,2012,35971.0,1050000.0,291902.0,15.8,631.0,31.0,37.12,117.1,0.0,0.368,23.25,93.3,31.0,0.386
Argentina,2013,32874.0,970000.0,295066.0,16.11,543.2,25.0,32.53,135.9,1.0,0.382,29.01,58.8,22.0,0.376
Argentina,2014,26702.0,711052.0,266292.0,15.34,797.5,15.0,33.35,258.1,1.0,0.463,24.68,135.8,14.0,0.542
Argentina,2015,26727.0,693275.0,259391.0,15.83,592.2,22.0,37.13,168.1,0.0,0.417,22.71,55.1,19.0,0.414
Argentina,2016,20495.0,458908.0,223912.0,15.46,581.6,14.0,34.52,156.4,0.0,0.392,24.64,65.9,12.0,0.489
Argentina,2017,19496.0,458908.0,235386.0,15.83,736.7,10.0,32.68,272.0,1.0,0.474,20.39,105.2,9.0,0.501
Argentina,2018,23958.0,510478.0,213072.0,16.22,619.2,20.0,38.37,137.1,0.0,0.349,26.48,74.6,20.0,0.426
Argentina,2019,22335.0,538722.0,241201.0,16.05,398.8,20.0,33.61,103.0,0.0,0.336,25.16,48.7,17.0,0.391
Armenia,2005,8686.0,90798.0,104534.0,8.08,294.5,145.0,26.55,113.5,37.0,0.484,32.71,100.5,0.0,0.468
Armenia,2006,8614.0,96268.0,111758.0,8.45,259.1,140.0,27.13,117.4,25.0,0.507,35.31,38.0,0.0,0.452
Armenia,2007,8942.0,111836.0,125068.0,7.56,366.5,159.0,27.26,115.9,48.0,0.505,32.33,139.4,0.0,0.485
Armenia,2008,8298.0,117199.0,141238.0,7.71,264.6,139.0,25.76,100.4,25.0,0.51,33.05,74.2,0.0,0.471
Armenia,2009,8811.0,120844.0,137151.0,7.12,344.7,153.0,23.71,92.6,46.0,0.494,31.69,114.3,0.0,0.475
Armenia,2010,9321.0,56487.0,60602.0,9.43,344.0,118.0,21.32,165.3,31.0,0.564,33.92,47.5,0.0,0.477
Armenia,2011,8962.0,77602.0,86590.0,6.39,494.6,162.0,24.49,187.1,31.0,0.562,34.06,144.9,0.0,0.519
Armenia,2012,9583.0,110289.0,115088.0,7.39,338.7,136.0,26.49,99.3,33.0,0.522,32.66,84.2,0.0,0.477
Armenia,2013,9715.0,111946.0,115230.0,7.2,372.5,139.0,23.56,154.8,28.0,0.547,31.13,87.5,0.0,0.494
Armenia,2014,9976.0,132627.0,132946.0,8.23,359.5,146.0,24.5,115.7,27.0,0.498,32.69,89.0,0.0,0.479
Armenia,2015,10447.0,126995.0,121561.0,8.24,369.6,158.0,23.33,144.6,43.0,0.565,34.67,64.6,0.0,0.473
Armenia,2016,10311.0,62574.0,60687.0,7.15,405.4,149.0,21.98,91.1,30.0,0.567,32.77,107.3,0.0,0.496
Armenia,2017,10617.0,116051.0,109307.0,7.85,302.0,148.0,23.98,113.7,40.0,0.555,34.18,57.5,0.0,0.472
Armenia,2018,10519.0,109939.0,104515.0,8.99,426.9,135.0,22.99,155.6,23.0,0.548,35.24,121.8,0.0,0.503
Armenia,2019,10069.0,81674.0,81114.0,8.18,308.2,155.0,24.92,116.4,45.0,0.555,35.03,83.5,0.0,0.477
Asia,2005,2988667.0,35063528.0,117322.0,-1.15,709.3,284.0,17.55,121.3,92.0,0.524,19.24,387.3,24.0,0.584
Asia,2006,2961494.0,36517275.0,123307.0,-0.45,557.9,286.0,17.31,97.9,92.0,0.512,22.14,352.8,22.0,0.53
Asia,2007,3092872.0,39278688.0,126997.0,-0.82,746.2,293.0,18.99,119.3,86.0,0.463,18.57,453.0,33.0,0.603
Asia,2008,3114445.0,41776842.0,134139.0,-1.43,671.7,309.0,18.78,92.8,91.0,0.506,18.61,358.7,45.0,0.56
Asia,2009,3202645.0,44012593.0,137426.0,-0.79,688.9,282.0,18.12,138.9,91.0,0.518,19.28,401.6,27.0,0.593
Asia,2010,3339224.0,45363388.0,135850.0,-0.83,639.1,290.0,18.87,106.2,90.0,0.496,19.68,420.1,25.0,0.604
Asia,2011,3412283.0,49481501.0,145010.0,-1.39,693.0,306.0,18.74,130.1,91.0,0.49,19.35,357.0,46.0,0.575
Asia,2012,3504682.0,51812137.0,147837.0,-1.44,721.1,291.0,19.39,134.2,91.0,0.53,19.1,452.1,22.0,0.624
Asia,2013,3559637.0,53036481.0,148994.0,-0.69,629.8,290.0,21.57,162.7,91.0,0.517,21.69,316.5,23.0,0.573
Asia,2014,3601975.0,53953463.0,149789.0,-0.72,647.4,293.0,16.16,135.9,90.0,0.501,20.81,351.4,36.0,0.557
Asia,2015,3646505.0,51860910.0,142221.0,-0.65,548.0,306.0,17.95,99.0,91.0,0.484,20.83,289.2,47.0,0.529
Asia,2016,3343281.0,54274689.0,162340.0,-0.43,619.6,289.0,18.17,179.8,91.0,0.49,23.65,284.9,22.0,0.512
Asia,2017,3147945.0,54826699.0,174167.0,-0.52,714.9,279.0,16.57,152.2,91.0,0.51,21.36,333.3,21.0,0.543
Asia,2018,3134141.0,53137673.0,169545.0,-1.14,802.7,272.0,19.92,179.6,89.0,0.543,18.65,423.6,15.0,0.631
Asia,2019,3229833.0,56379811.0,174560.0,-1.32,773.6,284.0,16.6,151.1,89.0,0.573,18.99,402.3,28.0,0.629
Australia,2005,20500.0,452650.0,220805.0,22.73,173.6,0.0,42.79,0.7,0.0,0.23,31.4,65.2,0.0,0.278
Australia,2006,20000.0,301251.0,150626.0,22.73,107.8,1.0,38.74,15.7,0.0,0.233,32.54,25.7,1.0,0.246
Australia,2007,20000.0,377980.0,188990.0,22.38,186.9,1.0,44.09,63.2,0.0,0.262,30.7,6.6,1.0,0.252
Australia,2008,16441.0,265481.0,161475.0,22.02,182.9,0.0,39.57,6.8,0.0,0.231,30.64,8.3,0.0,0.231
Australia,2009,22000.0,295134.0,134152.0,22.5,126.4,0.0,42.27,43.1,0.0,0.24,34.37,11.0,0.0,0.25
Australia,2010,16792.0,264401.0,157457.0,20.23,536.6,0.0,37.23,71.3,0.0,0.319,27.07,74.7,0.0,0.319
Australia,2011,18790.0,299778.0,159541.0,21.14,443.8,0.0,34.92,54.0,0.0,0.339,30.29,45.6,0.0,0.312
Australia,2012,18056.0,289064.0,160093.0,21.41,221.8,1.0,39.01,70.6,0.0,0.326,31.12,1.2,1.0,0.273
Australia,2013,18015.0,288878.0,160354.0,22.86,179.6,0.0,40.34,89.3,0.0,0.262,35.01,23.6,0.0,0.308
Australia,2014,16704.0,266771.0,159705.0,22.15,224.6,0.0,40.82,106.2,0.0,0.283,28.97,12.0,0.0,0.301
Australia,2015,18508.0,295196.0,159496.0,22.03,159.5,1.0,43.32,12.7,0.0,0.247,33.01,6.4,1.0,0.243
Australia,2016,19333.0,308298.0,159467.0,22.47,113.8,1.0,41.28,17.0,0.0,0.234,29.42,18.9,1.0,0.244
Australia,2017,19668.0,313730.0,159513.0,23.06,48.6,0.0,41.89,1.0,0.0,0.23,33.29,2.9,0.0,0.23
Australia,2018,16818.0,268355.0,159564.0,22.92,44.8,0.0,39.4,8.0,0.0,0.231,32.41,0.5,0.0,0.23
Australia,2019,16612.0,265150.0,159614.0,23.19,15.6,0.0,43.63,8.0,0.0,0.231,31.14,0.2,0.0,0.23
Australia and New Zealand,2005,31482.0,976650.0,310225.0,22.73,173.6,0.0,42.79,0.7,0.0,0.23,31.4,65.2,0.0,0.278
Australia and New Zealand,2006,29720.0,655251.0,220475.0,22.73,107.8,1.0,38.74,15.7,0.0,0.233,32.54,25.7,1.0,0.246
Australia and New Zealand,2007,29247.0,798980.0,273184.0,22.38,186.9,1.0,44.09,63.2,0.0,0.262,30.7,6.6,1.0,0.252
Australia and New Zealand,2008,25273.0,711481.0,281518.0,22.02,182.9,0.0,39.57,6.8,0.0,0.231,30.64,8.3,0.0,0.231
Australia and New Zealand,2009,31284.0,726134.0,232110.0,22.5,126.4,0.0,42.27,43.1,0.0,0.24,34.37,11.0,0.0,0.25
Australia and New Zealand,2010,26172.0,708555.0,270730.0,20.23,536.6,0.0,37.23,71.3,0.0,0.319,27.07,74.7,0.0,0.319
Australia and New Zealand,2011,27785.0,739196.0,266041.0,21.14,443.8,0.0,34.92,54.0,0.0,0.339,30.29,45.6,0.0,0.312
Australia and New Zealand,2012,26901.0,726171.0,269942.0,21.41,221.8,1.0,39.01,70.6,0.0,0.326,31.12,1.2,1.0,0.273
Australia and New Zealand,2013,26899.0,733056.0,272522.0,22.86,179.6,0.0,40.34,89.3,0.0,0.262,35.01,23.6,0.0,0.308
Australia and New Zealand,2014,25121.0,756771.0,301250.0,22.15,224.6,0.0,40.82,106.2,0.0,0.283,28.97,12.0,0.0,0.301
Australia and New Zealand,2015,28507.0,835196.0,292979.0,22.03,159.5,1.0,43.32,12.7,0.0,0.247,33.01,6.4,1.0,0.243
Australia and New Zealand,2016,29462.0,858298.0,291324.0,22.47,113.8,1.0,41.28,17.0,0.0,0.234,29.42,18.9,1.0,0.244
Australia and New Zealand,2017,28283.0,783730.0,277103.0,23.06,48.6,0.0,41.89,1.0,0.0,0.23,33.29,2.9,0.0,0.23
Australia and New Zealand,2018,25412.0,748355.0,294489.0,22.92,44.8,0.0,39.4,8.0,0.0,0.231,32.41,0.5,0.0,0.23
Australia and New Zealand,2019,26372.0,818756.0,310464.0,23.19,15.6,0.0,43.63,8.0,0.0,0.231,31.14,0.2,0.0,0.23
Austria,2005,,452607.0,,3.83,1292.0,161.0,24.57,289.0,46.0,0.841,26.99,555.0,0.0,0.789
Austria,2006,,509139.0,,4.75,1194.9,156.0,20.72,333.6,47.0,0.868,26.77,524.8,1.0,0.799
Austria,2007,,477882.0,,5.29,1302.3,163.0,22.82,227.2,37.0,0.784,27.6,462.2,0.0,0.677
Austria,2008,,551356.0,,5.39,1301.6,159.0,24.66,259.5,44.0,0.813,25.67,599.5,0.0,0.798
Austria,2009,,485609.0,,4.82,1477.8,157.0,23.22,314.4,38.0,0.854,26.74,660.7,0.0,0.847
Austria,2010,,270805.0,,3.96,1157.6,175.0,19.85,256.7,50.0,0.815,27.37,508.8,0.0,0.76
Austria,2011,,302810.0,,5.65,995.2,170.0,22.24,191.7,45.0,0.744,30.34,429.1,0.0,0.691
Austria,2012,,262108.0,,4.89,1302.7,172.0,23.46,204.0,50.0,0.786,29.03,545.9,1.0,0.746
Austria,2013,,234585.0,,4.58,1101.4,168.0,20.63,291.5,46.0,0.852,29.47,350.4,0.0,0.722
Austria,2014,,310339.0,,6.15,1287.3,146.0,23.63,330.3,38.0,0.772,25.92,470.4,0.0,0.742
Austria,2015,,287599.0,,5.86,1057.0,161.0,22.04,296.0,47.0,0.814,28.48,353.0,0.0,0.72
Austria,2016,,101667.0,,5.36,1358.1,165.0,22.01,288.8,44.0,0.817,26.22,580.0,0.0,0.833
Austria,2017,,185244.0,,5.16,1388.0,162.0,23.43,304.2,44.0,0.822,28.08,551.4,0.0,0.767
Austria,2018,6740.0,387950.0,575593.0,6.09,1210.1,142.0,22.99,246.3,36.0,0.812,25.08,444.0,0.0,0.725
Austria,2019,6590.0,239210.0,362989.0,5.88,1202.2,151.0,18.93,315.4,46.0,0.834,29.67,290.5,0.0,0.655
Azerbaijan,2005,20533.0,163057.0,79412.0,17.58,154.5,19.0,36.44,68.4,1.0,0.396,44.48,22.1,0.0,0.371
Azerbaijan,2006,19599.0,178350.0,91000.0,17.46,163.2,40.0,36.71,57.8,0.0,0.404,44.43,9.0,0.0,0.37
Azerbaijan,2007,22498.0,187003.0,83120.0,17.04,140.2,23.0,40.68,48.0,1.0,0.387,42.55,25.9,0.0,0.371
Azerbaijan,2008,22846.0,205021.0,89740.0,16.79,123.8,61.0,39.89,26.9,0.0,0.385,41.89,28.1,0.0,0.372
Azerbaijan,2009,23258.0,204237.0,87814.0,16.79,255.8,21.0,35.11,53.0,5.0,0.401,42.76,43.2,0.0,0.371
Azerbaijan,2010,23934.0,211665.0,88437.0,17.68,318.7,19.0,33.98,180.6,2.0,0.51,44.15,36.4,0.0,0.385
Azerbaijan,2011,25121.0,223067.0,88797.0,15.44,220.6,60.0,32.78,62.2,9.0,0.421,44.53,29.1,0.0,0.372
Azerbaijan,2012,25836.0,234771.0,90870.0,17.02,172.5,62.0,38.64,42.7,12.0,0.413,42.27,47.0,0.0,0.373
Azerbaijan,2013,26301.0,246685.0,93793.0,16.79,182.5,39.0,34.23,56.0,3.0,0.409,41.09,44.9,0.0,0.377
Azerbaijan,2014,27173.0,252327.0,92859.0,17.16,130.2,29.0,37.97,21.4,1.0,0.371,44.33,14.1,0.0,0.368
Azerbaijan,2015,28090.0,256398.0,91277.0,16.68,251.0,22.0,42.45,77.3,2.0,0.472,44.59,16.2,0.0,0.372
Azerbaijan,2016,28277.0,254296.0,89930.0,16.25,370.0,43.0,39.34,83.9,0.0,0.45,42.53,33.8,0.0,0.376
Azerbaijan,2017,28401.0,275093.0,96860.0,16.74,333.4,39.0,36.54,73.2,0.0,0.476,44.23,56.6,0.0,0.382
Azerbaijan,2018,28647.0,277158.0,96749.0,17.35,396.1,15.0,35.35,139.4,1.0,0.51,46.09,54.1,0.0,0.384
Azerbaijan,2019,29004.0,292736.0,100930.0,17.19,327.3,10.0,37.74,148.7,0.0,0.52,43.29,46.0,0.0,0.381
Belarus,2005,64816.0,232656.0,35895.0,5.71,736.8,156.0,26.93,254.7,42.0,0.719,28.4,256.8,0.0,0.593
Belarus,2006,64857.0,488785.0,75363.0,5.75,656.7,140.0,24.22,163.8,40.0,0.562,31.93,326.3,0.0,0.46
Belarus,2007,63600.0,262928.0,41341.0,6.87,650.7,142.0,28.54,124.6,33.0,0.631,34.53,234.4,0.0,0.432
Belarus,2008,63836.0,379809.0,59498.0,7.0,780.0,133.0,22.84,275.3,31.0,0.647,32.91,234.6,0.0,0.491
Belarus,2009,62900.0,431573.0,68613.0,5.73,905.9,142.0,23.01,153.9,38.0,0.642,28.57,362.3,0.0,0.574
Belarus,2010,62011.0,525552.0,84751.0,5.48,877.9,140.0,22.4,206.7,27.0,0.77,33.43,320.8,0.0,0.647
Belarus,2011,60102.0,190829.0,31751.0,6.2,606.7,163.0,24.89,112.3,39.0,0.689,29.05,279.6,0.0,0.498
Belarus,2012,58391.0,511471.0,87594.0,5.51,886.8,150.0,26.06,199.6,40.0,0.646,31.41,323.9,0.0,0.518
Belarus,2013,57572.0,311495.0,54105.0,6.04,680.9,154.0,25.94,199.8,47.0,0.716,30.25,179.5,0.0,0.54
Belarus,2014,57323.0,512641.0,89430.0,6.91,591.2,152.0,27.16,215.0,34.0,0.598,35.01,211.8,0.0,0.457
Belarus,2015,54411.0,354817.0,65211.0,7.85,520.6,136.0,25.45,146.7,36.0,0.537,34.94,80.4,0.0,0.357
Belarus,2016,52797.0,508816.0,96372.0,6.72,770.5,163.0,24.75,166.1,32.0,0.657,31.68,199.8,0.0,0.433
Belarus,2017,51752.0,317078.0,61269.0,6.2,859.0,149.0,23.85,189.3,37.0,0.752,31.42,253.1,0.0,0.512
Belarus,2018,52764.0,700198.0,132704.0,6.47,697.7,143.0,27.02,126.1,35.0,0.759,27.96,296.6,0.0,0.527
Belarus,2019,51537.0,336697.0,65331.0,7.82,654.1,137.0,24.24,155.2,34.0,0.615,30.95,231.4,0.0,0.423
Belgium,2005,8900.0,324960.0,365124.0,9.88,724.5,66.0,28.34,163.8,13.0,0.637,29.77,221.5,0.0,0.544
Belgium,2006,8600.0,357500.0,415698.0,10.1,791.5,76.0,23.07,224.9,23.0,0.618,33.09,232.5,0.0,0.528
Belgium,2007,8500.0,358000.0,421176.0,10.29,880.2,39.0,25.71,158.0,4.0,0.631,28.37,301.3,0.0,0.574
Belgium,2008,8100.0,335000.0,413580.0,9.54,842.6,64.0,24.6,255.2,14.0,0.68,27.02,246.6,0.0,0.619
Belgium,2009,7700.0,310600.0,403377.0,9.51,763.3,74.0,26.27,184.5,10.0,0.677,28.76,175.1,0.0,0.58
Belgium,2010,7730.0,343980.0,444994.0,8.32,799.9,101.0,24.34,121.1,16.0,0.649,30.42,235.6,0.0,0.54
Belgium,2011,7752.0,228405.0,294640.0,10.34,698.5,50.0,24.79,58.3,12.0,0.636,30.82,265.4,0.0,0.536
Belgium,2012,7100.0,220400.0,310423.0,9.47,873.8,55.0,25.7,167.5,11.0,0.637,29.83,278.0,0.0,0.59
Belgium,2013,7100.0,228900.0,322394.0,8.94,724.2,91.0,22.5,168.0,33.0,0.672,30.47,164.6,0.0,0.589
Belgium,2014,7100.0,318400.0,448451.0,10.61,781.4,31.0,23.38,106.1,6.0,0.613,31.7,311.8,0.0,0.547
Belgium,2015,6865.0,284210.0,413999.0,9.94,783.6,60.0,23.11,141.4,16.0,0.672,31.34,214.0,0.0,0.558
Belgium,2016,6491.0,238244.0,367037.0,9.69,856.0,61.0,23.81,250.9,19.0,0.694,30.17,227.8,0.0,0.657
Belgium,2017,6164.0,86236.0,139903.0,10.19,666.2,57.0,28.33,105.6,7.0,0.634,30.11,162.8,0.0,0.501
Belgium,2018,5990.0,231300.0,386144.0,10.86,617.9,58.0,26.89,180.7,9.0,0.612,33.21,114.3,0.0,0.479
Belgium,2019,5810.0,259840.0,447229.0,10.69,681.8,51.0,23.53,168.5,7.0,0.551,37.61,134.9,0.0,0.446
Bhutan,2005,2400.0,10421.0,43421.0,7.41,1147.7,159.0,19.68,248.4,44.0,0.643,22.53,676.3,0.0,0.711
Bhutan,2006,1800.0,7407.0,41150.0,7.81,902.2,163.0,20.34,252.3,50.0,0.63,22.41,467.7,0.0,0.677
Bhutan,2007,1850.0,7076.0,38249.0,7.68,1095.3,138.0,19.88,184.9,28.0,0.606,22.52,617.6,0.0,0.68
Bhutan,2008,1500.0,5038.0,33587.0,7.44,1072.7,148.0,18.79,216.6,41.0,0.629,21.88,691.9,0.0,0.724
Bhutan,2009,1900.0,6523.0,34332.0,7.77,1096.8,154.0,21.67,283.7,44.0,0.597,22.55,593.1,0.0,0.689
Bhutan,2010,2094.0,17366.0,82932.0,7.82,1249.4,139.0,20.44,302.1,36.0,0.629,21.45,705.4,0.0,0.751
Bhutan,2011,2050.0,20752.0,101229.0,7.27,1048.1,158.0,19.44,153.2,50.0,0.582,21.02,706.9,0.0,0.687
Bhutan,2012,900.0,7666.0,85178.0,7.17,1054.7,175.0,20.67,193.1,51.0,0.624,21.62,674.8,0.0,0.729
Bhutan,2013,1000.0,7830.0,78300.0,7.64,1113.0,156.0,22.72,299.2,50.0,0.619,22.9,577.7,0.0,0.736
Bhutan,2014,1100.0,7994.0,72673.0,7.83,992.5,142.0,19.72,221.2,48.0,0.627,21.61,555.0,0.0,0.713
Bhutan,2015,700.0,5308.0,75829.0,8.1,1037.2,116.0,19.15,236.9,27.0,0.641,21.47,605.5,0.0,0.726
Bhutan,2016,849.0,6587.0,77585.0,8.37,1233.1,114.0,22.2,421.8,24.0,0.674,21.09,624.4,0.0,0.817
Bhutan,2017,950.0,8039.0,84621.0,8.19,1264.5,130.0,20.65,347.2,27.0,0.67,23.48,667.4,0.0,0.781
Bhutan,2018,766.0,3684.0,48094.0,7.78,1210.2,144.0,18.93,322.1,30.0,0.671,20.87,670.4,0.0,0.777
Bhutan,2019,725.0,4321.0,59600.0,7.69,1357.0,130.0,18.3,396.4,33.0,0.681,21.85,667.0,0.0,0.812
Bolivia (Plurinational State of),2005,900.0,4000.0,44444.0,25.65,1307.1,0.0,36.09,234.3,0.0,0.523,37.4,92.5,0.0,0.49
Bolivia (Plurinational State of),2006,500.0,2000.0,40000.0,25.93,1178.6,0.0,35.42,248.9,0.0,0.529,37.97,109.6,0.0,0.496
Bolivia (Plurinational State of),2007,495.0,1961.0,39616.0,25.56,1317.9,0.0,34.4,260.0,0.0,0.549,37.39,33.2,0.0,0.486
Bolivia (Plurinational State of),2008,505.0,2025.0,40099.0,25.33,1353.7,0.0,31.47,334.8,0.0,0.664,38.28,88.0,0.0,0.518
Bolivia (Plurinational State of),2009,501.0,1943.0,38782.0,25.88,1296.8,0.0,32.86,387.0,0.0,0.58,37.06,131.1,0.0,0.516
Bolivia (Plurinational State of),2010,501.0,1989.0,39701.0,26.33,984.7,0.0,35.18,125.5,0.0,0.535,37.53,70.4,0.0,0.488
Bolivia (Plurinational State of),2011,504.0,2014.0,39960.0,26.63,953.3,0.0,34.95,186.7,0.0,0.53,38.32,48.5,0.0,0.484
Bolivia (Plurinational State of),2012,512.0,2025.0,39551.0,26.03,1241.8,0.0,34.56,318.3,0.0,0.55,36.37,108.3,0.0,0.518
Bolivia (Plurinational State of),2013,534.0,2057.0,38521.0,25.29,1214.6,0.0,31.95,418.6,0.0,0.585,36.46,156.8,0.0,0.535
Bolivia (Plurinational State of),2014,676.0,2419.0,35784.0,25.29,1464.2,0.0,30.59,434.6,0.0,0.625,36.6,158.7,0.0,0.557
Bolivia (Plurinational State of),2015,687.0,2522.0,36710.0,26.55,1107.6,0.0,36.84,280.0,0.0,0.529,38.55,215.5,0.0,0.535
Bolivia (Plurinational State of),2016,692.0,2578.0,37254.0,27.03,831.8,0.0,36.54,167.7,0.0,0.519,38.76,110.9,0.0,0.486
Bolivia (Plurinational State of),2017,732.0,2751.0,37582.0,25.61,1473.3,0.0,32.88,507.9,0.0,0.593,38.16,88.7,0.0,0.526
Bolivia (Plurinational State of),2018,734.0,2805.0,38215.0,25.31,1179.8,0.0,33.14,183.2,0.0,0.555,36.83,104.0,0.0,0.504
Bolivia (Plurinational State of),2019,753.0,2931.0,38924.0,25.92,1207.4,0.0,32.79,356.2,0.0,0.56,37.38,119.5,0.0,0.512
Bosnia and Herzegovina,2005,14309.0,52181.0,36467.0,6.4,1203.1,139.0,24.49,215.1,36.0,0.872,33.28,264.2,0.0,0.591
Bosnia and Herzegovina,2006,15548.0,58109.0,37374.0,7.23,844.2,128.0,24.68,245.3,34.0,0.891,31.82,231.3,0.0,0.58
Bosnia and Herzegovina,2007,16000.0,60962.0,38101.0,8.18,892.9,121.0,23.53,222.0,19.0,0.778,34.31,153.0,0.0,0.514
Bosnia and Herzegovina,2008,15000.0,51946.0,34631.0,8.22,873.0,105.0,25.94,242.0,26.0,0.81,33.32,165.0,0.0,0.557
Bosnia and Herzegovina,2009,20000.0,71507.0,35754.0,7.81,1082.5,112.0,24.32,179.0,22.0,0.833,30.32,224.9,0.0,0.586
Bosnia and Herzegovina,2010,19885.0,71659.0,36037.0,7.17,1227.7,120.0,21.3,295.0,26.0,0.897,31.25,130.9,0.0,0.607
Bosnia and Herzegovina,2011,23243.0,75334.0,32411.0,7.95,610.4,130.0,22.04,150.7,31.0,0.8,33.86,135.4,0.0,0.52
Bosnia and Herzegovina,2012,15027.0,50023.0,33289.0,8.16,785.5,124.0,23.0,188.0,30.0,0.718,34.49,48.5,0.0,0.464
Bosnia and Herzegovina,2013,25640.0,85117.0,33197.0,8.07,964.7,119.0,23.45,349.7,26.0,0.867,34.7,85.9,0.0,0.558
Bosnia and Herzegovina,2014,13708.0,44795.0,32678.0,8.48,1209.9,92.0,26.36,251.2,23.0,0.811,27.86,254.6,0.0,0.622
Bosnia and Herzegovina,2015,28549.0,91471.0,32040.0,8.25,908.3,130.0,24.04,206.0,44.0,0.856,33.19,160.1,0.0,0.535
Bosnia and Herzegovina,2016,21534.0,69062.0,32071.0,7.88,912.9,117.0,24.17,220.0,26.0,0.823,30.36,193.5,0.0,0.577
Bosnia and Herzegovina,2017,16344.0,52252.0,31970.0,8.03,752.0,128.0,22.33,203.6,31.0,0.774,36.25,59.2,0.0,0.478
Bosnia and Herzegovina,2018,35306.0,112513.0,31868.0,8.72,1038.8,108.0,23.11,295.0,20.0,0.84,31.03,186.8,0.0,0.575
Bosnia and Herzegovina,2019,30934.0,98265.0,31766.0,8.73,1059.3,114.0,19.54,281.0,35.0,0.819,34.67,152.8,0.0,0.577
Brazil,2005,35493.0,850535.0,239635.0,27.6,1336.0,0.0,35.27,312.5,0.0,0.763,40.41,1.9,0.0,0.592
Brazil,2006,36107.0,863019.0,239017.0,26.58,1556.3,0.0,35.23,317.4,0.0,0.802,39.24,3.9,0.0,0.593
Brazil,2007,37832.0,1115379.0,294824.0,27.74,1116.6,0.0,37.4,109.7,0.0,0.693,39.26,4.9,0.0,0.592
Brazil,2008,38072.0,1124155.0,295271.0,26.69,1524.0,0.0,32.77,334.7,0.0,0.867,39.66,24.0,0.0,0.603
Brazil,2009,38205.0,1222885.0,320085.0,26.22,1801.7,0.0,32.72,471.7,0.0,0.909,39.23,58.6,0.0,0.632
Brazil,2010,38723.0,1279124.0,330327.0,27.21,1395.8,0.0,38.21,216.4,0.0,0.756,40.55,5.8,0.0,0.592
Brazil,2011,38077.0,1338995.0,351655.0,26.44,1657.4,0.0,33.71,376.3,0.0,0.86,40.81,8.3,0.0,0.595
Brazil,2012,38688.0,1339771.0,346301.0,27.07,1420.3,0.0,36.22,258.9,0.0,0.746,39.9,15.4,0.0,0.597
Brazil,2013,38284.0,1231472.0,321668.0,26.65,1919.6,0.0,33.33,450.1,0.0,0.869,39.3,18.7,0.0,0.612
Brazil,2014,37041.0,1378617.0,372187.0,27.27,1232.2,0.0,34.41,327.8,0.0,0.849,40.76,4.0,0.0,0.596
Brazil,2015,35842.0,1264651.0,352841.0,27.56,1179.4,0.0,31.67,413.3,0.0,0.875,40.38,9.6,0.0,0.622
Brazil,2016,34214.0,1055383.0,308465.0,28.03,1292.6,0.0,38.94,248.0,0.0,0.727,40.53,11.3,0.0,0.593
Brazil,2017,33328.0,1307642.0,392355.0,27.9,959.3,0.0,37.69,180.4,0.0,0.688,40.29,0.2,0.0,0.591
Brazil,2018,33229.0,1203007.0,362035.0,27.35,1262.9,0.0,35.55,289.2,0.0,0.741,39.57,2.9,0.0,0.592
Brazil,2019,32405.0,1222979.0,377404.0,28.68,781.9,0.0,38.27,201.3,0.0,0.677,40.07,0.3,0.0,0.59
Bulgaria,2005,3127.0,26130.0,83563.0,10.54,905.2,100.0,27.29,179.2,25.0,0.735,33.68,334.4,0.0,0.675
Bulgaria,2006,2979.0,26328.0,88379.0,11.26,550.1,88.0,30.63,137.0,16.0,0.764,39.83,190.3,0.0,0.62
Bulgaria,2007,3524.0,26165.0,74248.0,12.41,691.7,81.0,31.08,146.1,12.0,0.672,42.43,132.8,0.0,0.612
Bulgaria,2008,3247.0,23517.0,72427.0,12.05,458.4,71.0,32.52,118.1,4.0,0.733,37.86,124.1,0.0,0.607
Bulgaria,2009,4321.0,35456.0,82055.0,11.78,684.2,84.0,27.9,146.3,20.0,0.739,39.0,148.0,0.0,0.608
Bulgaria,2010,5201.0,43235.0,83128.0,11.6,795.9,77.0,29.3,164.0,14.0,0.805,36.79,274.0,0.0,0.659
Bulgaria,2011,4890.0,40413.0,82644.0,11.01,585.4,104.0,27.24,153.1,16.0,0.709,37.28,178.4,0.0,0.617
Bulgaria,2012,4621.0,30942.0,66960.0,12.03,607.2,100.0,27.46,192.5,20.0,0.755,39.54,55.2,0.0,0.608
Bulgaria,2013,4813.0,55013.0,114301.0,12.26,549.0,88.0,29.91,146.1,13.0,0.771,37.36,165.1,0.0,0.622
Bulgaria,2014,3951.0,54502.0,137945.0,11.96,950.1,56.0,27.39,230.5,4.0,0.671,34.77,260.4,0.0,0.654
Bulgaria,2015,4765.0,58419.0,122600.0,12.01,729.8,75.0,27.0,197.7,18.0,0.858,39.17,182.0,0.0,0.636
Bulgaria,2016,4111.0,44755.0,108866.0,12.03,645.1,78.0,29.28,245.8,8.0,0.771,36.21,127.8,0.0,0.624
Bulgaria,2017,3973.0,44927.0,113081.0,11.9,651.5,84.0,29.49,161.7,6.0,0.689,41.66,125.4,0.0,0.606
Bulgaria,2018,3980.0,50300.0,126382.0,12.2,698.1,94.0,27.29,168.6,11.0,0.797,33.37,239.9,0.0,0.644
Bulgaria,2019,4140.0,43620.0,105362.0,13.05,588.3,63.0,30.01,140.2,9.0,0.686,37.87,209.0,0.0,0.626
Canada,2005,19614.0,414445.0,211301.0,-0.44,690.7,212.0,23.74,140.4,66.0,0.448,28.7,355.9,0.0,0.437
Canada,2006,19861.0,402773.0,202796.0,-0.21,749.6,203.0,23.55,161.5,58.0,0.476,30.99,361.1,0.0,0.466
Canada,2007,18312.0,446367.0,243757.0,-1.91,671.5,203.0,22.04,136.2,61.0,0.502,32.0,260.8,1.0,0.448
Canada,2008,17808.0,426858.0,239700.0,-2.88,541.0,220.0,21.02,126.1,75.0,0.503,30.6,193.9,0.0,0.431
Canada,2009,17147.0,435491.0,253975.0,-2.27,643.9,231.0,20.76,148.6,79.0,0.455,27.64,300.2,3.0,0.461
Canada,2010,16245.0,371025.0,228393.0,-0.19,585.1,207.0,23.44,167.6,63.0,0.482,29.04,208.6,0.0,0.417
Canada,2011,16534.0,420102.0,254084.0,-0.71,676.6,212.0,24.38,74.6,69.0,0.398,27.7,382.8,2.0,0.399
Canada,2012,15958.0,282766.0,177194.0,-1.47,740.3,210.0,22.08,163.7,62.0,0.446,31.35,290.7,0.0,0.425
Canada,2013,16038.0,427201.0,266368.0,-2.34,573.2,215.0,21.96,100.6,70.0,0.457,28.99,299.9,0.0,0.457
Canada,2014,15874.0,409839.0,258183.0,-3.22,579.9,222.0,24.76,159.1,74.0,0.437,29.19,213.0,1.0,0.427
Canada,2015,15737.0,348508.0,221458.0,-0.82,452.9,217.0,25.4,97.8,70.0,0.422,29.07,149.1,0.0,0.352
Canada,2016,15873.0,417989.0,263333.0,-0.41,712.3,207.0,27.64,149.8,59.0,0.389,27.49,310.1,0.0,0.385
Canada,2017,15612.0,402082.0,257547.0,-1.33,829.0,212.0,22.69,251.0,66.0,0.489,27.35,309.4,0.0,0.497
Canada,2018,15740.0,402978.0,256022.0,-3.21,712.2,236.0,27.56,115.0,64.0,0.499,31.08,325.6,0.0,0.482
Canada,2019,15234.0,377929.0,248083.0,-2.84,674.0,222.0,21.73,117.2,71.0,0.53,29.1,371.8,0.0,0.524
Caribbean,2005,321.0,1300.0,40498.0,26.42,528.7,0.0,33.33,138.5,0.0,0.475,33.19,178.2,0.0,0.54
Caribbean,2006,390.0,1566.0,40154.0,26.7,435.5,0.0,33.39,108.1,0.0,0.466,33.96,166.2,0.0,0.485
Caribbean,2007,420.0,1727.0,41119.0,26.55,529.5,0.0,33.79,109.7,0.0,0.463,34.85,90.3,0.0,0.47
Caribbean,2008,450.0,1819.0,40422.0,26.12,473.6,0.0,32.54,55.0,0.0,0.458,34.92,120.1,0.0,0.464
Caribbean,2009,465.0,2098.0,45118.0,26.34,469.3,0.0,32.07,148.5,0.0,0.472,34.37,134.6,0.0,0.508
Caribbean,2010,299.0,1492.0,49900.0,26.35,756.8,0.0,33.87,131.5,0.0,0.466,33.62,383.4,0.0,0.62
Caribbean,2011,351.0,1648.0,46952.0,26.0,687.8,0.0,32.62,133.8,0.0,0.467,32.46,343.0,0.0,0.598
Caribbean,2012,337.0,1662.0,49318.0,26.32,552.2,0.0,31.91,193.0,0.0,0.488,34.22,193.6,0.0,0.509
Caribbean,2013,329.0,1601.0,48663.0,26.44,348.3,0.0,33.21,64.8,0.0,0.457,33.11,189.5,0.0,0.507
Caribbean,2014,307.0,1492.0,48599.0,26.58,383.9,0.0,32.83,20.2,0.0,0.45,33.91,167.7,0.0,0.477
Caribbean,2015,301.0,1492.0,49568.0,26.69,476.3,0.0,33.21,68.3,0.0,0.466,34.89,101.6,0.0,0.469
Caribbean,2016,299.0,1494.0,49967.0,26.31,1006.8,0.0,32.96,257.3,0.0,0.506,33.92,245.8,0.0,0.568
Caribbean,2017,434.0,2237.0,51544.0,26.24,783.9,0.0,32.46,265.2,0.0,0.514,33.87,163.7,0.0,0.519
Caribbean,2018,439.0,2295.0,52278.0,26.15,661.0,0.0,32.27,119.8,0.0,0.487,33.95,138.6,0.0,0.483
Caribbean,2019,375.0,1957.0,52187.0,26.76,502.4,0.0,32.9,123.5,0.0,0.463,34.79,90.4,0.0,0.478
Central America,2005,63026.0,608778.0,96592.0,25.42,2163.2,0.0,43.28,175.5,0.0,0.537,39.39,1149.9,0.0,0.875
Central America,2006,61663.0,629334.0,102060.0,24.3,2176.5,0.0,38.88,394.1,0.0,0.594,29.67,798.2,0.0,0.887
Central America,2007,60239.0,532364.0,88375.0,25.1,1525.4,0.0,40.22,119.1,0.0,0.546,35.22,519.9,0.0,0.643
Central America,2008,60907.0,544272.0,89361.0,24.58,2053.9,0.0,40.11,229.9,0.0,0.548,30.33,786.6,0.0,0.832
Central America,2009,67111.0,604778.0,90116.0,25.08,1452.0,0.0,40.99,116.2,0.0,0.55,37.02,518.2,0.0,0.648
Central America,2010,68026.0,629602.0,92553.0,24.61,1822.2,0.0,40.96,297.8,0.0,0.568,35.22,850.5,0.0,0.793
Central America,2011,68659.0,685148.0,99790.0,25.01,1950.5,0.0,41.24,191.7,0.0,0.543,35.37,824.2,0.0,0.828
Central America,2012,69566.0,432464.0,62166.0,24.49,1830.9,0.0,39.87,249.9,0.0,0.586,32.52,822.8,0.0,0.847
Central America,2013,71602.0,919629.0,128436.0,25.03,2109.9,0.0,42.36,258.9,0.0,0.539,31.52,777.0,0.0,0.866
Central America,2014,67895.0,781353.0,115083.0,24.21,2325.1,0.0,40.12,399.2,0.0,0.616,30.72,621.1,0.0,0.791
Central America,2015,68472.0,824008.0,120342.0,24.67,1961.1,0.0,41.28,410.3,0.0,0.634,34.33,560.3,0.0,0.714
Central America,2016,67945.0,795132.0,117026.0,25.36,1533.0,0.0,41.7,121.9,0.0,0.543,38.91,610.8,0.0,0.693
Central America,2017,67932.0,795728.0,117136.0,25.0,1746.8,0.0,41.02,299.8,0.0,0.569,35.25,758.3,0.0,0.817
Central America,2018,68438.0,745235.0,108892.0,25.24,1460.0,0.0,40.03,150.5,0.0,0.542,35.35,531.1,0.0,0.657
Central America,2019,69963.0,851893.0,121763.0,26.02,1585.2,0.0,41.64,206.9,0.0,0.535,35.02,458.3,0.0,0.653
Central Asia,2005,155500.0,801400.0,51537.0,14.95,98.6,102.0,36.67,42.7,9.0,0.317,45.1,3.3,0.0,0.273
Central Asia,2006,152263.0,956461.0,62816.0,14.76,76.2,99.0,39.04,31.2,6.0,0.295,42.69,3.3,0.0,0.269
Central Asia,2007,160200.0,900560.0,56215.0,14.62,86.5,108.0,38.05,60.4,16.0,0.298,43.48,3.1,0.0,0.272
Central Asia,2008,153200.0,1017190.0,66396.0,14.49,57.3,102.0,38.48,27.1,1.0,0.286,45.4,1.7,0.0,0.269
Central Asia,2009,154000.0,1078470.0,70031.0,14.49,109.0,105.0,39.64,52.4,9.0,0.312,41.53,3.0,0.0,0.273
Central Asia,2010,163900.0,1149150.0,70113.0,15.42,61.6,90.0,36.58,24.1,8.0,0.289,44.86,3.1,0.0,0.269
Central Asia,2011,175293.0,1257817.0,71755.0,13.95,77.0,133.0,36.42,25.9,19.0,0.285,44.57,1.9,0.0,0.268
Central Asia,2012,184434.0,1377300.0,74677.0,14.13,87.7,120.0,37.23,34.0,18.0,0.305,42.86,4.3,0.0,0.272
Central Asia,2013,195409.0,1471056.0,75281.0,15.01,95.6,97.0,37.32,34.0,8.0,0.3,43.08,1.9,0.0,0.271
Central Asia,2014,196345.0,1566970.0,79807.0,13.58,44.6,141.0,39.54,6.6,21.0,0.284,44.22,0.0,0.0,0.265
Central Asia,2015,200553.0,1629148.0,81233.0,14.8,114.2,115.0,38.39,44.9,17.0,0.311,45.24,0.6,0.0,0.273
Central Asia,2016,218081.0,2056894.0,94318.0,15.31,123.6,94.0,36.02,53.8,3.0,0.303,43.32,12.6,0.0,0.274
Central Asia,2017,203302.0,1655312.0,81421.0,14.42,99.5,119.0,37.73,49.2,19.0,0.327,44.16,0.2,0.0,0.274
Central Asia,2018,208974.0,1802563.0,86258.0,14.12,110.1,115.0,37.05,32.7,9.0,0.296,45.22,18.7,0.0,0.274
Central Asia,2019,210230.0,1801207.0,85678.0,15.11,99.9,103.0,36.46,60.7,5.0,0.316,45.61,3.8,0.0,0.275
Chile,2005,34800.0,1300000.0,373563.0,13.93,384.1,10.0,33.66,87.1,3.0,0.577,24.12,226.7,6.0,0.72
Chile,2006,35200.0,1350000.0,383523.0,14.6,306.9,6.0,31.84,53.4,0.0,0.572,26.78,163.3,5.0,0.675
Chile,2007,35000.0,1400000.0,400000.0,13.43,222.6,33.0,36.08,35.8,0.0,0.574,27.56,102.4,32.0,0.619
Chile,2008,35000.0,1504101.0,429743.0,14.83,231.6,9.0,31.43,104.1,0.0,0.579,22.17,97.8,9.0,0.668
Chile,2009,35100.0,1330617.0,379093.0,14.5,323.3,13.0,36.62,17.4,0.0,0.562,26.12,214.0,10.0,0.669
Chile,2010,35029.0,1624242.0,463685.0,13.74,267.7,16.0,34.25,27.6,0.0,0.565,23.76,159.0,15.0,0.657
Chile,2011,35030.0,1588347.0,453425.0,14.02,299.7,20.0,33.54,72.1,0.0,0.584,23.31,140.9,19.0,0.618
Chile,2012,35667.0,1607415.0,450673.0,14.31,426.4,10.0,35.48,84.9,0.0,0.571,24.91,127.7,10.0,0.689
Chile,2013,37545.0,1716253.0,457119.0,14.45,270.7,12.0,34.84,88.8,0.0,0.578,29.85,133.7,7.0,0.68
Chile,2014,37207.0,1721893.0,462787.0,13.84,411.7,16.0,34.06,85.6,0.0,0.587,28.54,214.8,15.0,0.707
Chile,2015,36206.0,1710319.0,472386.0,14.29,560.3,7.0,36.25,49.3,0.0,0.571,22.34,317.7,5.0,0.709
Chile,2016,36063.0,1730081.0,479739.0,14.86,374.9,5.0,34.64,164.2,0.0,0.62,25.95,131.5,5.0,0.715
Chile,2017,35937.0,1749037.0,486695.0,13.82,558.2,13.0,33.65,123.5,1.0,0.598,27.38,291.2,11.0,0.764
Chile,2018,34427.0,1700065.0,493817.0,14.27,361.7,11.0,33.33,88.7,0.0,0.576,27.99,96.6,9.0,0.641
Chile,2019,32371.0,1621321.0,500856.0,14.98,166.2,10.0,31.17,47.7,0.0,0.564,27.45,79.5,9.0,0.632
China,2005,1890908.0,24016881.0,127012.0,7.13,413.4,171.0,27.8,92.0,43.0,0.42,32.63,209.9,0.0,0.441
China,2006,1899408.0,26064930.0,137227.0,7.91,366.1,161.0,27.62,73.1,41.0,0.429,33.18,196.0,0.0,0.424
China,2007,1962368.0,27865889.0,142001.0,7.59,415.9,170.0,32.11,51.2,40.0,0.407,31.97,243.9,0.0,0.435
China,2008,1992666.0,29850771.0,149803.0,6.81,383.8,171.0,28.72,46.9,43.0,0.422,31.6,221.1,0.0,0.437
China,2009,2049536.0,31684433.0,154593.0,7.5,317.4,158.0,26.91,67.2,36.0,0.42,32.55,170.0,0.0,0.421
China,2010,2140171.0,33265186.0,155432.0,7.2,357.3,182.0,27.46,98.0,54.0,0.412,35.72,164.7,0.0,0.431
China,2011,2177495.0,35986667.0,165266.0,6.78,412.7,172.0,29.72,52.0,43.0,0.404,32.99,206.6,0.0,0.424
China,2012,2231519.0,38492519.0,172495.0,6.57,437.3,175.0,27.64,68.8,43.0,0.433,31.03,274.9,0.0,0.451
China,2013,2272375.0,39683908.0,174636.0,7.8,446.5,164.0,27.95,94.2,36.0,0.433,33.56,261.2,0.0,0.464
China,2014,2272374.0,40924707.0,180097.0,7.24,439.2,164.0,29.87,94.2,39.0,0.445,31.59,201.6,0.0,0.45
China,2015,2328471.0,38900319.0,167064.0,7.71,383.2,165.0,26.54,123.1,39.0,0.447,33.07,152.0,0.0,0.448
China,2016,2122924.0,40394483.0,190278.0,7.88,386.1,159.0,30.05,121.0,33.0,0.437,32.52,168.0,0.0,0.435
China,2017,1947146.0,41391451.0,212575.0,7.71,483.2,163.0,26.72,100.1,40.0,0.43,34.18,285.8,0.0,0.452
China,2018,1938764.0,39235019.0,202371.0,7.33,539.4,163.0,29.74,94.8,32.0,0.448,31.77,335.6,0.0,0.493
China,2019,2041197.0,42426578.0,207851.0,7.4,529.2,162.0,27.7,102.6,38.0,0.467,33.69,262.4,0.0,0.483
"China, Taiwan Province of",2005,608.0,5801.0,95411.0,18.82,2277.7,0.0,29.23,498.0,0.0,0.761,28.97,1168.1,0.0,0.911
"China, Taiwan Province of",2006,608.0,5930.0,97533.0,19.21,1908.1,0.0,30.04,524.5,0.0,0.687,30.2,854.7,0.0,0.893
"China, Taiwan Province of",2007,568.0,5953.0,104806.0,19.21,2333.1,0.0,30.84,289.7,0.0,0.638,30.14,1041.4,0.0,0.823
"China, Taiwan Province of",2008,466.0,4163.0,89335.0,18.87,2077.3,0.0,29.61,304.8,0.0,0.661,29.8,770.6,0.0,0.883
"China, Taiwan Province of",2009,436.0,3645.0,83601.0,19.05,1475.8,0.0,29.32,297.0,0.0,0.633,30.84,769.3,0.0,0.737
"China, Taiwan Province of",2010,231.0,2186.0,94632.0,19.17,1976.4,0.0,31.78,250.6,0.0,0.58,31.2,754.9,0.0,0.766
"China, Taiwan Province of",2011,175.0,1667.0,95257.0,18.5,1700.8,0.0,31.72,222.8,0.0,0.603,30.91,690.6,0.0,0.729
"China, Taiwan Province of",2012,169.0,1519.0,89882.0,18.99,2182.9,0.0,30.42,450.7,0.0,0.731,30.11,1205.7,0.0,0.906
"China, Taiwan Province of",2013,175.0,1292.0,73829.0,18.91,1653.0,0.0,28.51,482.4,0.0,0.708,30.49,798.1,0.0,0.841
"China, Taiwan Province of",2014,174.0,1507.0,86609.0,19.11,1395.7,0.0,29.38,426.0,0.0,0.595,30.29,640.6,0.0,0.82
"China, Taiwan Province of",2015,171.0,1319.0,77135.0,19.61,1820.3,0.0,30.42,665.2,0.0,0.643,30.42,661.7,0.0,0.776
"China, Taiwan Province of",2016,204.0,1483.0,72696.0,19.55,2527.0,0.0,29.76,495.0,0.0,0.795,30.93,702.4,0.0,0.782
"China, Taiwan Province of",2017,196.0,1451.0,74031.0,19.43,1832.6,0.0,29.16,466.4,0.0,0.673,29.52,866.2,0.0,0.864
"China, Taiwan Province of",2018,194.0,1619.0,83454.0,19.62,1750.0,0.0,33.86,145.3,0.0,0.595,30.85,1219.4,0.0,0.797
"China, Taiwan Province of",2019,195.0,1178.0,60410.0,19.91,2452.1,0.0,31.66,634.5,0.0,0.691,29.89,1310.4,0.0,0.906
"China, mainland",2005,1890300.0,24011080.0,127023.0,7.13,413.4,171.0,27.8,92.0,43.0,0.42,32.63,209.9,0.0,0.441
"China, mainland",2006,1898800.0,26059000.0,137239.0,7.91,366.1,161.0,27.62,73.1,41.0,0.429,33.18,196.0,0.0,0.424
"China, mainland",2007,1961800.0,27859936.0,142012.0,7.59,415.9,170.0,32.11,51.2,40.0,0.407,31.97,243.9,0.0,0.435
"China, mainland",2008,1992200.0,29846608.0,149817.0,6.81,383.8,171.0,28.72,46.9,43.0,0.422,31.6,221.1,0.0,0.437
"China, mainland",2009,2049100.0,31680788.0,154608.0,7.5,317.4,158.0,26.91,67.2,36.0,0.42,32.55,170.0,0.0,0.421
"China, mainland",2010,2139940.0,33263000.0,155439.0,7.2,357.3,182.0,27.46,98.0,54.0,0.412,35.72,164.7,0.0,0.431
"China, mainland",2011,2177320.0,35985000.0,165272.0,6.78,412.7,172.0,29.72,52.0,43.0,0.404,32.99,206.6,0.0,0.424
"China, mainland",2012,2231350.0,38491000.0,172501.0,6.57,437.3,175.0,27.64,68.8,43.0,0.433,31.03,274.9,0.0,0.451
"China, mainland",2013,2272200.0,39682616.0,174644.0,7.8,446.5,164.0,27.95,94.2,36.0,0.433,33.56,261.2,0.0,0.464
"China, mainland",2014,2272200.0,40923200.0,180104.0,7.24,439.2,164.0,29.87,94.2,39.0,0.445,31.59,201.6,0.0,0.45
"China, mainland",2015,2328300.0,38899000.0,167070.0,7.71,383.2,165.0,26.54,123.1,39.0,0.447,33.07,152.0,0.0,0.448
"China, mainland",2016,2122720.0,40393000.0,190289.0,7.88,386.1,159.0,30.05,121.0,33.0,0.437,32.52,168.0,0.0,0.435
"China, mainland",2017,1946950.0,41390000.0,212589.0,7.71,483.2,163.0,26.72,100.1,40.0,0.43,34.18,285.8,0.0,0.452
"China, mainland",2018,1938570.0,39233400.0,202383.0,7.33,539.4,163.0,29.74,94.8,32.0,0.448,31.77,335.6,0.0,0.493
"China, mainland",2019,2041002.0,42425400.0,207866.0,7.4,529.2,162.0,27.7,102.6,38.0,0.467,33.69,262.4,0.0,0.483
Colombia,2005,413.0,4435.0,107385.0,19.15,1298.0,0.0,28.4,336.3,0.0,0.525,26.59,311.5,0.0,0.539
Colombia,2006,424.0,4518.0,106557.0,18.98,1303.3,0.0,28.6,490.5,0.0,0.551,27.53,285.2,0.0,0.571
Colombia,2007,306.0,2891.0,94477.0,19.06,1197.6,0.0,30.22,456.4,0.0,0.508,25.93,374.6,0.0,0.564
Colombia,2008,87.0,1050.0,120690.0,19.33,828.9,0.0,29.41,200.4,0.0,0.442,29.06,174.4,0.0,0.426
Colombia,2009,153.0,1340.0,87582.0,19.28,1274.8,0.0,27.18,376.4,0.0,0.519,27.5,415.7,0.0,0.555
Colombia,2010,156.0,1638.0,105000.0,18.93,1969.6,0.0,30.03,609.8,0.0,0.537,25.21,584.8,0.0,0.701
Colombia,2011,121.0,1219.0,100744.0,17.9,2148.0,0.0,25.27,701.1,0.0,0.794,25.6,427.5,0.0,0.805
Colombia,2012,226.0,2190.0,96903.0,18.08,1907.1,0.0,25.12,743.2,0.0,0.838,24.62,411.7,0.0,0.801
Colombia,2013,246.0,2547.0,103537.0,18.42,2010.6,0.0,26.59,692.4,0.0,0.734,24.56,448.1,0.0,0.791
Colombia,2014,200.0,2247.0,112350.0,18.48,1754.3,0.0,26.27,588.7,0.0,0.753,24.89,353.3,0.0,0.752
Colombia,2015,225.0,2506.0,111378.0,19.04,1352.0,0.0,27.56,449.2,0.0,0.665,26.76,325.2,0.0,0.621
Colombia,2016,213.0,2259.0,106056.0,19.41,1705.4,0.0,30.63,567.7,0.0,0.561,27.24,379.6,0.0,0.588
Colombia,2017,570.0,3065.0,53772.0,18.51,2026.2,0.0,26.56,773.9,0.0,0.69,25.22,456.4,0.0,0.74
Colombia,2018,705.0,4734.0,67149.0,18.29,1900.3,0.0,26.99,690.1,0.0,0.723,24.69,519.9,0.0,0.795
Colombia,2019,613.0,5053.0,82431.0,18.76,2008.2,0.0,25.91,762.4,0.0,0.712,24.97,425.0,0.0,0.775
Croatia,2005,5625.0,57298.0,101863.0,9.73,1339.1,94.0,28.26,302.3,16.0,0.92,34.45,291.4,0.0,0.69
Croatia,2006,5863.0,57571.0,98194.0,10.57,1120.9,86.0,22.41,370.2,20.0,0.936,35.78,286.8,0.0,0.7
Croatia,2007,5993.0,62991.0,105108.0,11.41,1148.7,44.0,25.99,252.3,2.0,0.83,37.48,246.0,0.0,0.637
Croatia,2008,6404.0,57341.0,89539.0,11.2,1251.1,54.0,27.56,363.9,11.0,0.877,30.94,222.9,0.0,0.688
Croatia,2009,6515.0,73924.0,113467.0,11.07,1223.8,64.0,29.54,233.1,8.0,0.905,31.11,200.4,0.0,0.641
Croatia,2010,6599.0,89124.0,135057.0,10.03,1609.3,79.0,22.34,310.1,14.0,0.934,32.52,239.9,0.0,0.712
Croatia,2011,6553.0,99676.0,152107.0,11.11,857.8,75.0,24.42,188.1,11.0,0.861,35.97,226.0,0.0,0.631
Croatia,2012,5980.0,37414.0,62565.0,11.3,1198.1,76.0,25.69,228.8,11.0,0.734,33.8,130.0,0.0,0.562
Croatia,2013,5377.0,121738.0,226405.0,10.85,1403.7,76.0,27.48,485.6,20.0,0.948,35.14,127.9,0.0,0.699
Croatia,2014,5944.0,96703.0,162690.0,11.56,1672.8,25.0,24.32,295.9,0.0,0.871,27.94,429.7,0.0,0.752
Croatia,2015,5756.0,101752.0,176776.0,11.45,971.0,57.0,24.07,184.3,7.0,0.88,35.5,194.5,0.0,0.615
Croatia,2016,5890.0,44781.0,76029.0,11.04,1432.8,53.0,23.76,303.3,3.0,0.921,31.52,241.8,0.0,0.705
Croatia,2017,4838.0,56570.0,116928.0,11.23,1433.9,63.0,24.14,237.8,4.0,0.877,36.4,147.1,0.0,0.609
Croatia,2018,4730.0,90250.0,190803.0,11.87,1229.9,71.0,28.27,339.2,15.0,0.926,31.69,217.0,0.0,0.654
Croatia,2019,4950.0,68350.0,138081.0,11.9,1450.6,54.0,21.78,412.0,3.0,0.827,37.21,218.9,0.0,0.695
Cyprus,2005,1274.0,10781.0,84623.0,19.43,254.4,0.0,33.92,34.0,0.0,0.577,39.41,5.1,0.0,0.453
Cyprus,2006,1278.0,10742.0,84053.0,19.69,238.2,0.0,36.02,37.0,0.0,0.519,39.3,2.2,0.0,0.45
Cyprus,2007,1062.0,8594.0,80923.0,20.02,341.0,0.0,34.56,69.2,0.0,0.574,41.68,0.4,0.0,0.452
Cyprus,2008,943.0,6543.0,69385.0,20.16,201.0,0.0,35.16,25.8,0.0,0.515,39.12,0.7,0.0,0.45
Cyprus,2009,1218.0,7274.0,59721.0,19.96,505.2,1.0,32.72,75.5,0.0,0.639,38.6,0.2,0.0,0.452
Cyprus,2010,754.0,6950.0,92175.0,20.81,292.2,0.0,33.14,14.1,0.0,0.648,43.0,3.7,0.0,0.454
Cyprus,2011,836.0,7121.0,85179.0,19.52,382.5,0.0,30.82,80.6,0.0,0.604,39.66,2.8,0.0,0.454
Cyprus,2012,858.0,6842.0,79744.0,19.96,556.0,0.0,29.53,60.4,0.0,0.679,41.61,4.5,0.0,0.456
Cyprus,2013,625.0,5313.0,85008.0,19.91,170.2,0.0,33.92,44.1,0.0,0.579,38.05,0.1,0.0,0.452
Cyprus,2014,606.0,4848.0,80000.0,20.21,310.4,0.0,32.85,60.1,0.0,0.491,39.99,2.8,0.0,0.453
Cyprus,2015,610.0,4880.0,80000.0,19.71,368.1,2.0,34.76,67.3,0.0,0.657,40.38,6.7,0.0,0.458
Cyprus,2016,525.0,4200.0,80000.0,20.37,279.5,2.0,32.93,42.9,0.0,0.515,39.29,2.4,0.0,0.452
Cyprus,2017,372.0,3792.0,101935.0,20.01,282.7,1.0,33.5,77.9,0.0,0.569,42.17,3.4,0.0,0.453
Cyprus,2018,370.0,1910.0,51622.0,20.98,387.2,0.0,35.61,35.4,0.0,0.571,38.28,7.3,0.0,0.454
Cyprus,2019,370.0,1840.0,49730.0,20.23,471.1,0.0,37.28,70.6,0.0,0.715,38.59,6.8,0.0,0.458
Czechia,2005,9540.0,134094.0,140560.0,7.75,677.3,133.0,30.21,136.0,31.0,0.661,34.13,271.1,0.0,0.496
Czechia,2006,9290.0,136385.0,146808.0,8.09,699.4,123.0,22.71,205.0,32.0,0.672,34.05,298.3,0.0,0.514
Czechia,2007,9100.0,115814.0,127268.0,9.43,696.6,106.0,28.66,114.2,15.0,0.606,35.68,204.6,0.0,0.442
Czechia,2008,9040.0,154063.0,170424.0,9.12,640.1,110.0,27.94,187.5,25.0,0.677,31.02,200.5,0.0,0.476
Czechia,2009,8990.0,141996.0,157949.0,8.49,759.5,114.0,26.59,184.5,21.0,0.663,30.38,290.7,0.0,0.527
Czechia,2010,9030.0,99801.0,110522.0,6.8,890.9,135.0,22.77,210.5,26.0,0.683,32.86,360.5,0.0,0.565
Czechia,2011,9299.0,84594.0,90971.0,8.75,612.0,128.0,26.41,126.9,25.0,0.665,33.12,270.7,0.0,0.49
Czechia,2012,9367.0,118709.0,126731.0,8.49,705.6,116.0,27.66,103.4,25.0,0.62,36.53,274.5,0.0,0.462
Czechia,2013,8982.0,121803.0,135608.0,8.04,728.8,133.0,24.08,180.1,37.0,0.72,34.73,271.9,0.0,0.575
Czechia,2014,8962.0,128292.0,143151.0,9.96,629.0,95.0,27.89,189.7,15.0,0.537,33.28,204.7,0.0,0.451
Czechia,2015,8309.0,155361.0,186979.0,9.9,582.3,109.0,25.03,137.3,31.0,0.604,36.99,173.6,0.0,0.432
Czechia,2016,7491.0,124997.0,166863.0,9.04,635.5,126.0,24.65,139.2,30.0,0.663,34.1,242.0,0.0,0.484
Czechia,2017,7349.0,105280.0,143258.0,8.75,704.3,119.0,30.11,167.2,20.0,0.616,34.19,212.5,0.0,0.455
Czechia,2018,7250.0,151530.0,209007.0,10.28,524.2,113.0,29.14,101.8,28.0,0.622,34.84,143.9,0.0,0.419
Czechia,2019,7320.0,99500.0,135929.0,9.98,642.9,97.0,25.43,183.0,15.0,0.64,35.71,171.1,0.0,0.449
Democratic People's Republic of Korea,2005,72481.0,668000.0,92162.0,1.5,668.5,201.0,21.5,192.1,66.0,0.709,26.98,402.9,0.0,0.729
Democratic People's Republic of Korea,2006,72511.0,665000.0,91710.0,2.79,595.2,198.0,21.16,129.7,64.0,0.614,26.85,345.1,0.0,0.628
Democratic People's Republic of Korea,2007,70000.0,635000.0,90714.0,2.86,977.8,206.0,21.47,173.3,65.0,0.625,28.1,495.1,0.0,0.668
Democratic People's Republic of Korea,2008,70076.0,657518.0,93829.0,2.66,545.4,193.0,21.22,81.4,57.0,0.73,27.36,391.8,0.0,0.642
Democratic People's Republic of Korea,2009,71220.0,687808.0,96575.0,2.04,762.8,197.0,23.92,131.8,56.0,0.602,25.98,469.6,0.0,0.712
Democratic People's Republic of Korea,2010,71473.0,712312.0,99662.0,1.55,1060.3,207.0,21.38,173.4,68.0,0.68,26.13,607.2,0.0,0.752
Democratic People's Republic of Korea,2011,72800.0,752300.0,103338.0,1.45,687.8,206.0,21.02,92.3,69.0,0.753,25.0,438.2,0.0,0.72
Democratic People's Republic of Korea,2012,73500.0,785000.0,106803.0,1.01,1069.7,201.0,20.83,143.7,62.0,0.685,25.52,676.5,0.0,0.761
Democratic People's Republic of Korea,2013,73500.0,780000.0,106122.0,1.24,930.7,204.0,22.43,115.0,65.0,0.826,25.63,687.6,0.0,0.798
Democratic People's Republic of Korea,2014,73631.0,777126.0,105543.0,2.43,481.6,191.0,27.05,85.7,58.0,0.669,28.78,326.0,0.0,0.596
Democratic People's Republic of Korea,2015,72419.0,776710.0,107252.0,2.67,1106.3,202.0,25.1,112.2,63.0,0.577,28.89,589.7,0.0,0.71
Democratic People's Republic of Korea,2016,72005.0,786491.0,109227.0,2.18,889.3,197.0,22.3,234.4,61.0,0.858,27.51,388.4,0.0,0.758
Democratic People's Republic of Korea,2017,71632.0,792982.0,110702.0,1.91,665.6,198.0,25.22,127.1,60.0,0.703,30.23,402.1,0.0,0.635
Democratic People's Republic of Korea,2018,71269.0,799473.0,112177.0,2.37,875.2,195.0,22.25,237.5,55.0,0.692,28.82,443.5,0.0,0.678
Democratic People's Republic of Korea,2019,70916.0,805965.0,113651.0,3.63,577.6,193.0,25.17,104.2,61.0,0.651,29.13,307.4,0.0,0.59
Denmark,2005,1617.0,35307.0,218349.0,8.07,746.5,99.0,24.46,150.3,31.0,0.663,26.57,250.0,0.0,0.579
Denmark,2006,1536.0,31779.0,206895.0,8.59,967.5,89.0,20.97,211.6,31.0,0.649,27.86,223.6,0.0,0.561
Denmark,2007,1486.0,32000.0,215343.0,8.66,888.8,63.0,22.24,134.7,8.0,0.742,27.77,299.2,0.0,0.607
Denmark,2008,1500.0,28958.0,193053.0,8.67,819.1,59.0,23.27,150.5,18.0,0.699,26.26,226.9,0.0,0.54
Denmark,2009,1464.0,27513.0,187930.0,8.04,799.2,79.0,21.97,132.5,7.0,0.606,26.46,243.8,0.0,0.518
Denmark,2010,1610.0,24190.0,150248.0,5.84,761.9,129.0,21.98,136.7,23.0,0.616,28.32,259.5,0.0,0.546
Denmark,2011,1513.0,25735.0,170093.0,8.29,849.3,78.0,20.28,116.9,20.0,0.6,25.14,355.1,0.0,0.554
Denmark,2012,1348.0,18731.0,138954.0,7.42,919.8,83.0,25.22,156.7,14.0,0.637,24.98,264.9,0.0,0.564
Denmark,2013,1381.0,31184.0,225807.0,7.65,622.2,103.0,23.2,128.9,45.0,0.657,27.35,133.4,0.0,0.541
Denmark,2014,1378.0,35371.0,256684.0,9.42,818.1,42.0,23.89,143.8,4.0,0.591,26.72,206.4,0.0,0.499
Denmark,2015,1389.0,35647.0,256638.0,8.49,956.9,45.0,18.68,216.0,12.0,0.611,26.23,270.7,0.0,0.558
Denmark,2016,1330.0,36470.0,274211.0,8.36,685.2,78.0,23.65,162.0,18.0,0.667,26.82,231.6,0.0,0.565
Denmark,2017,1281.0,20496.0,160000.0,8.45,874.2,57.0,24.54,163.5,9.0,0.587,23.47,289.3,0.0,0.539
Denmark,2018,1420.0,32650.0,229930.0,8.87,631.1,88.0,25.04,114.9,27.0,0.637,28.04,155.5,0.0,0.489
Denmark,2019,1390.0,25210.0,181367.0,8.88,952.8,60.0,20.2,203.2,16.0,0.567,28.04,213.6,0.0,0.499
Eastern Africa,2005,5496.0,19290.0,35098.0,24.06,282.5,0.0,37.19,116.3,0.0,0.477,32.5,29.6,0.0,0.472
Eastern Africa,2006,5442.0,18820.0,34583.0,23.55,860.1,0.0,34.44,245.3,0.0,0.497,32.66,23.1,0.0,0.474
Eastern Africa,2007,5462.0,17688.0,32384.0,23.58,493.7,0.0,35.57,141.4,0.0,0.489,32.84,48.1,0.0,0.477
Eastern Africa,2008,5396.0,17054.0,31605.0,23.69,407.6,0.0,35.14,158.8,0.0,0.486,32.13,27.5,0.0,0.472
Eastern Africa,2009,5344.0,15422.0,28859.0,24.02,427.6,0.0,36.57,87.6,0.0,0.475,33.41,13.2,0.0,0.47
Eastern Africa,2010,5394.0,15058.0,27916.0,23.75,467.0,0.0,34.75,244.8,0.0,0.502,33.32,22.0,0.0,0.474
Eastern Africa,2011,5400.0,14570.0,26981.0,23.95,474.6,0.0,35.55,101.4,0.0,0.477,33.16,32.0,0.0,0.471
Eastern Africa,2012,5405.0,14628.0,27064.0,23.82,519.9,0.0,36.7,146.4,0.0,0.486,32.98,36.0,0.0,0.476
Eastern Africa,2013,5345.0,13796.0,25811.0,23.73,444.6,0.0,36.14,183.0,0.0,0.493,33.38,23.4,0.0,0.474
Eastern Africa,2014,6143.0,17481.0,28457.0,23.91,420.1,0.0,35.24,136.8,0.0,0.485,33.59,33.3,0.0,0.471
Eastern Africa,2015,6195.0,17676.0,28533.0,24.16,456.7,0.0,35.73,176.0,0.0,0.488,33.15,29.6,0.0,0.475
Eastern Africa,2016,6210.0,17588.0,28322.0,24.18,347.5,0.0,37.7,128.1,0.0,0.484,32.99,17.3,0.0,0.472
Eastern Africa,2017,6215.0,17374.0,27955.0,24.35,336.8,0.0,37.21,118.2,0.0,0.48,32.73,21.8,0.0,0.471
Eastern Africa,2018,6291.0,16667.0,26493.0,23.55,604.2,0.0,34.54,381.2,0.0,0.526,31.67,25.3,0.0,0.492
Eastern Africa,2019,6216.0,17258.0,27764.0,24.36,619.4,0.0,37.79,101.7,0.0,0.479,33.67,21.3,0.0,0.471
Eastern Asia,2005,2031096.0,25871298.0,127376.0,7.13,413.4,171.0,27.8,92.0,43.0,0.42,32.63,209.9,0.0,0.441
Eastern Asia,2006,2040531.0,27969351.0,137069.0,7.91,366.1,161.0,27.62,73.1,41.0,0.429,33.18,196.0,0.0,0.424
Eastern Asia,2007,2101626.0,29776675.0,141684.0,7.59,415.9,170.0,32.11,51.2,40.0,0.407,31.97,243.9,0.0,0.435
Eastern Asia,2008,2132248.0,31889854.0,149560.0,6.81,383.8,171.0,28.72,46.9,43.0,0.422,31.6,221.1,0.0,0.437
Eastern Asia,2009,2190007.0,33712332.0,153937.0,7.5,317.4,158.0,26.91,67.2,36.0,0.42,32.55,170.0,0.0,0.421
Eastern Asia,2010,2280736.0,35224283.0,154443.0,7.2,357.3,182.0,27.46,98.0,54.0,0.412,35.72,164.7,0.0,0.431
Eastern Asia,2011,2319262.0,37773808.0,162870.0,6.78,412.7,172.0,29.72,52.0,43.0,0.404,32.99,206.6,0.0,0.424
Eastern Asia,2012,2373153.0,40465915.0,170515.0,6.57,437.3,175.0,27.64,68.8,43.0,0.433,31.03,274.9,0.0,0.451
Eastern Asia,2013,2413524.0,41699309.0,172774.0,7.8,446.5,164.0,27.95,94.2,36.0,0.433,33.56,261.2,0.0,0.464
Eastern Asia,2014,2413807.0,42992845.0,178112.0,7.24,439.2,164.0,29.87,94.2,39.0,0.445,31.59,201.6,0.0,0.45
Eastern Asia,2015,2469510.0,41071375.0,166314.0,7.71,383.2,165.0,26.54,123.1,39.0,0.447,33.07,152.0,0.0,0.448
Eastern Asia,2016,2265029.0,42522343.0,187734.0,7.88,386.1,159.0,30.05,121.0,33.0,0.437,32.52,168.0,0.0,0.435
Eastern Asia,2017,2088879.0,43464982.0,208078.0,7.71,483.2,163.0,26.72,100.1,40.0,0.43,34.18,285.8,0.0,0.452
Eastern Asia,2018,2079467.0,41265895.0,198445.0,7.33,539.4,163.0,29.74,94.8,32.0,0.448,31.77,335.6,0.0,0.493
Eastern Asia,2019,2181067.0,44469467.0,203889.0,7.4,529.2,162.0,27.7,102.6,38.0,0.467,33.69,262.4,0.0,0.483
Eastern Europe,2005,977404.0,6447392.0,65964.0,6.55,698.6,156.0,29.17,140.1,39.0,0.496,31.68,260.2,0.0,0.414
Eastern Europe,2006,902421.0,6480214.0,71809.0,6.22,690.9,143.0,23.45,206.4,38.0,0.501,31.29,239.8,0.0,0.409
Eastern Europe,2007,897274.0,5839170.0,65077.0,7.64,576.1,139.0,30.79,97.1,30.0,0.509,35.64,178.3,0.0,0.344
Eastern Europe,2008,723385.0,6554152.0,90604.0,7.79,621.5,125.0,26.58,183.6,21.0,0.46,36.64,158.5,0.0,0.34
Eastern Europe,2009,706857.0,6870040.0,97191.0,7.06,728.5,137.0,24.72,127.6,40.0,0.467,30.28,252.0,0.0,0.38
Eastern Europe,2010,694326.0,5727388.0,82488.0,6.9,723.7,141.0,25.07,141.4,32.0,0.522,36.32,195.4,0.0,0.384
Eastern Europe,2011,694915.0,6174383.0,88851.0,6.71,588.4,164.0,27.26,93.7,40.0,0.496,31.81,281.1,0.0,0.389
Eastern Europe,2012,700511.0,7508123.0,107181.0,6.53,794.0,154.0,26.86,185.3,39.0,0.483,33.7,273.1,0.0,0.392
Eastern Europe,2013,706986.0,7816430.0,110560.0,6.99,633.2,152.0,26.64,185.3,44.0,0.53,30.66,155.9,0.0,0.379
Eastern Europe,2014,666177.0,8311647.0,124766.0,7.58,437.9,156.0,29.98,135.0,34.0,0.437,35.4,147.7,0.0,0.327
Eastern Europe,2015,678798.0,7871114.0,115957.0,8.36,526.5,147.0,28.65,159.1,36.0,0.387,34.6,106.0,0.0,0.307
Eastern Europe,2016,673309.0,8480036.0,125946.0,7.25,726.6,160.0,24.32,221.3,28.0,0.468,32.36,176.2,0.0,0.373
Eastern Europe,2017,644313.0,6820415.0,105856.0,7.17,670.9,149.0,25.08,106.9,35.0,0.473,33.03,200.7,0.0,0.35
Eastern Europe,2018,667428.0,10245972.0,153514.0,6.88,610.9,154.0,28.61,122.6,38.0,0.531,30.19,252.4,0.0,0.403
Eastern Europe,2019,664859.0,8302328.0,124874.0,8.36,489.2,138.0,26.54,130.9,32.0,0.447,34.02,135.9,0.0,0.316
Ecuador,2005,2989.0,16741.0,56009.0,18.66,565.0,0.0,26.11,187.3,0.0,0.667,27.54,21.0,0.0,0.536
Ecuador,2006,3000.0,16850.0,56167.0,17.89,948.3,0.0,24.27,361.9,0.0,0.702,24.34,309.5,0.0,0.703
Ecuador,2007,3100.0,17500.0,56452.0,18.29,1096.6,0.0,27.55,114.4,0.0,0.505,26.19,261.5,0.0,0.554
Ecuador,2008,1200.0,6687.0,55725.0,17.08,1946.5,0.0,23.68,770.1,0.0,0.947,23.73,468.0,0.0,0.934
Ecuador,2009,1500.0,8000.0,53333.0,17.6,1380.0,0.0,23.77,295.2,0.0,0.838,25.76,239.9,0.0,0.651
Ecuador,2010,1832.0,9073.0,49525.0,18.05,1190.5,0.0,25.1,383.8,0.0,0.771,25.83,80.7,0.0,0.631
Ecuador,2011,1778.0,9187.0,51670.0,17.24,1785.2,0.0,24.06,534.0,0.0,0.893,23.31,357.7,0.0,0.874
Ecuador,2012,1657.0,9129.0,55094.0,16.97,2035.3,0.0,22.89,628.5,0.0,0.961,23.12,443.5,0.0,0.912
Ecuador,2013,1548.0,8685.0,56105.0,17.19,2096.1,0.0,25.24,623.2,0.0,0.918,23.86,527.7,0.0,0.937
Ecuador,2014,1395.0,7406.0,53090.0,17.47,1417.6,0.0,25.12,215.1,0.0,0.819,24.04,378.9,0.0,0.746
Ecuador,2015,1294.0,6726.0,51978.0,17.21,3130.2,0.0,23.53,1028.5,0.0,0.968,23.39,720.3,0.0,0.976
Ecuador,2016,1156.0,6121.0,52950.0,17.67,3045.7,0.0,25.35,1050.7,0.0,0.99,22.8,724.7,0.0,0.972
Ecuador,2017,1045.0,5553.0,53139.0,17.38,3054.6,0.0,24.06,817.8,0.0,0.987,23.97,696.5,0.0,0.962
Ecuador,2018,946.0,5050.0,53383.0,17.02,3083.6,0.0,24.16,832.8,0.0,0.987,22.39,889.0,0.0,0.973
Ecuador,2019,869.0,4658.0,53602.0,17.29,2492.4,0.0,24.29,707.0,0.0,0.974,23.34,608.2,0.0,0.96
Egypt,2005,25450.0,578250.0,227210.0,21.67,1.2,0.0,40.74,0.5,0.0,0.33,42.11,0.0,0.0,0.33
Egypt,2006,25100.0,570330.0,227223.0,21.49,0.3,0.0,40.22,0.3,0.0,0.33,43.6,0.0,0.0,0.33
Egypt,2007,24140.0,557944.0,231128.0,21.76,0.7,0.0,43.08,0.1,0.0,0.33,42.93,0.0,0.0,0.33
Egypt,2008,23883.0,550743.0,230600.0,22.07,3.7,1.0,41.99,0.0,0.0,0.33,42.6,0.0,0.0,0.33
Egypt,2009,21569.0,508833.0,235909.0,21.82,0.2,0.0,41.97,0.1,0.0,0.33,42.01,0.0,0.0,0.33
Egypt,2010,21088.0,493119.0,233839.0,23.37,1.2,0.0,43.82,0.5,0.0,0.33,45.39,0.0,0.0,0.33
Egypt,2011,20956.0,455817.0,217511.0,21.1,6.4,0.0,40.67,0.2,0.0,0.33,42.53,0.0,0.0,0.33
Egypt,2012,21145.0,541239.0,255965.0,21.72,1.8,0.0,40.76,0.0,0.0,0.33,41.77,0.0,0.0,0.33
Egypt,2013,24857.0,629613.0,253294.0,21.75,3.0,0.0,44.5,0.0,0.0,0.33,44.69,0.0,0.0,0.33
Egypt,2014,25777.0,623625.0,241931.0,22.17,1.2,0.0,43.06,1.0,0.0,0.33,44.8,0.0,0.0,0.33
Egypt,2015,28365.0,695769.0,245291.0,22.09,1.0,0.0,44.77,0.0,0.0,0.33,43.62,0.0,0.0,0.33
Egypt,2016,29353.0,754846.0,257161.0,22.12,28.5,1.0,44.57,0.0,0.0,0.33,44.71,0.0,0.0,0.33
Egypt,2017,28884.0,716271.0,247982.0,21.61,5.8,1.0,41.68,1.1,0.0,0.33,43.14,0.0,0.0,0.33
Egypt,2018,28799.0,716148.0,248671.0,22.76,4.4,0.0,44.76,0.5,0.0,0.33,45.09,0.0,0.0,0.33
Egypt,2019,28631.0,726794.0,253849.0,22.16,6.9,1.0,43.38,0.1,0.0,0.33,45.98,0.0,0.0,0.33
El Salvador,2005,350.0,2500.0,71429.0,24.1,1241.0,0.0,38.43,163.7,0.0,0.441,31.69,572.8,0.0,0.602
El Salvador,2006,750.0,5000.0,66667.0,24.11,1048.4,0.0,36.96,146.8,0.0,0.438,31.6,505.9,0.0,0.573
El Salvador,2007,750.0,5000.0,66667.0,23.91,1410.8,0.0,36.64,174.2,0.0,0.431,32.08,628.6,0.0,0.575
El Salvador,2008,1500.0,10000.0,66667.0,23.21,1667.6,0.0,36.17,207.6,0.0,0.451,30.28,789.1,0.0,0.663
El Salvador,2009,3200.0,21000.0,65625.0,23.64,1252.4,0.0,38.34,203.5,0.0,0.455,31.76,582.6,0.0,0.591
El Salvador,2010,3500.0,23000.0,65714.0,23.49,1474.0,0.0,37.73,339.9,0.0,0.453,29.82,826.6,0.0,0.766
El Salvador,2011,4900.0,32000.0,65306.0,23.51,1539.0,0.0,37.02,203.1,0.0,0.448,32.47,715.0,0.0,0.666
El Salvador,2012,5000.0,34000.0,68000.0,23.64,1243.0,0.0,35.43,272.7,0.0,0.464,32.91,580.6,0.0,0.565
El Salvador,2013,5415.0,36539.0,67477.0,24.12,1144.1,0.0,37.74,189.7,0.0,0.441,32.83,559.8,0.0,0.574
El Salvador,2014,5922.0,39496.0,66694.0,24.31,1218.4,0.0,38.72,169.1,0.0,0.44,34.62,489.6,0.0,0.537
El Salvador,2015,7102.0,47273.0,66563.0,25.04,1012.5,0.0,38.71,82.2,0.0,0.43,37.37,304.5,0.0,0.486
El Salvador,2016,7722.0,51519.0,66717.0,24.76,981.8,0.0,38.42,172.8,0.0,0.442,33.58,432.5,0.0,0.525
El Salvador,2017,8397.0,56011.0,66704.0,23.99,1327.5,0.0,38.95,273.0,0.0,0.459,30.17,575.5,0.0,0.637
El Salvador,2018,9073.0,60504.0,66686.0,24.42,990.4,0.0,37.81,232.1,0.0,0.449,34.88,358.4,0.0,0.525
El Salvador,2019,9749.0,64997.0,66670.0,25.0,1084.4,0.0,37.93,212.5,0.0,0.447,34.28,390.9,0.0,0.532
Estonia,2005,6539.0,10663.0,16307.0,5.37,714.2,153.0,23.41,117.1,49.0,0.941,28.24,280.5,0.0,0.692
Estonia,2006,5118.0,2835.0,5539.0,5.9,656.6,140.0,20.83,119.5,51.0,0.862,30.49,188.6,0.0,0.59
Estonia,2007,4331.0,4087.0,9437.0,6.37,792.0,143.0,25.72,139.5,42.0,0.92,29.75,206.2,0.0,0.624
Estonia,2008,4039.0,2248.0,5566.0,6.7,928.8,125.0,20.49,138.0,33.0,0.932,26.38,350.9,0.0,0.672
Estonia,2009,4222.0,5446.0,12899.0,5.26,788.0,151.0,24.54,93.2,46.0,0.917,26.18,299.6,0.0,0.682
Estonia,2010,3319.0,1983.0,5975.0,4.13,872.2,158.0,23.39,179.4,42.0,0.939,31.35,295.6,0.0,0.707
Estonia,2011,3329.0,2702.0,8117.0,6.44,657.1,134.0,24.44,124.3,46.0,0.9,29.98,196.3,0.0,0.629
Estonia,2012,3140.0,1855.0,5908.0,4.49,822.6,150.0,22.33,225.3,42.0,0.927,29.6,218.2,0.0,0.695
Estonia,2013,3032.0,4411.0,14548.0,5.99,562.5,131.0,25.45,107.5,50.0,0.879,30.86,132.9,0.0,0.599
Estonia,2014,2924.0,2307.0,7890.0,6.42,577.0,151.0,26.98,114.0,47.0,0.838,32.32,226.5,0.0,0.604
Estonia,2015,2800.0,2700.0,9643.0,6.99,600.7,120.0,17.87,182.9,39.0,0.871,29.88,135.2,0.0,0.615
Estonia,2016,2482.0,5497.0,22147.0,6.16,629.5,156.0,25.77,85.4,41.0,0.847,28.28,242.7,0.0,0.601
Estonia,2017,2522.0,3648.0,14465.0,5.96,669.0,168.0,22.6,115.5,60.0,0.812,28.7,168.5,0.0,0.587
Estonia,2018,600.0,1640.0,27333.0,6.74,548.3,141.0,25.66,82.9,41.0,0.892,31.69,173.3,0.0,0.556
Estonia,2019,570.0,1850.0,32456.0,7.07,676.6,131.0,24.68,142.2,43.0,0.87,32.0,147.7,0.0,0.584
Europe,2005,1322919.0,14953320.0,113033.0,9.28,694.4,30.0,19.04,149.1,15.0,0.767,22.7,160.8,0.0,0.555
Europe,2006,1242248.0,15032299.0,121009.0,9.66,711.2,66.0,13.54,150.3,24.0,0.735,25.14,244.1,0.0,0.534
Europe,2007,1232046.0,14717905.0,119459.0,9.88,961.8,10.0,19.79,141.9,0.0,0.75,21.77,340.7,0.0,0.621
Europe,2008,1049741.0,15295843.0,145711.0,9.78,790.6,5.0,15.04,198.2,1.0,0.776,21.93,180.6,0.0,0.529
Europe,2009,1034160.0,15645484.0,151287.0,9.13,740.8,25.0,17.06,142.2,1.0,0.729,22.23,217.3,0.0,0.563
Europe,2010,1014697.0,13866817.0,136660.0,7.89,1003.2,84.0,12.84,167.2,10.0,0.778,25.74,365.6,0.0,0.643
Europe,2011,1017368.0,14834040.0,145808.0,8.93,780.8,40.0,19.42,123.3,7.0,0.779,21.7,313.8,0.0,0.609
Europe,2012,1009570.0,14689463.0,145502.0,8.91,790.7,32.0,16.5,91.5,4.0,0.763,23.18,246.9,0.0,0.578
Europe,2013,1023303.0,16119920.0,157528.0,9.08,644.1,49.0,16.41,122.4,26.0,0.758,25.03,140.0,0.0,0.548
Europe,2014,977725.0,17490862.0,178893.0,10.1,628.6,21.0,19.08,107.4,0.0,0.679,25.34,176.2,0.0,0.488
Europe,2015,1008534.0,17208801.0,170632.0,9.87,654.2,6.0,14.95,141.2,0.0,0.739,23.0,139.5,0.0,0.516
Europe,2016,989907.0,17263515.0,174395.0,9.89,656.3,15.0,19.71,68.5,0.0,0.696,23.53,252.2,0.0,0.549
Europe,2017,952207.0,14274875.0,149914.0,9.5,962.3,16.0,17.29,131.3,0.0,0.749,21.63,327.0,0.0,0.629
Europe,2018,1011811.0,19659204.0,194297.0,10.17,523.3,26.0,18.38,122.0,9.0,0.773,26.27,125.9,0.0,0.493
Europe,2019,995578.0,17094614.0,171705.0,10.42,676.8,5.0,14.22,122.8,0.0,0.663,24.64,121.7,0.0,0.464
Finland,2005,646.0,3610.0,55882.0,3.89,816.9,164.0,22.26,121.9,51.0,0.645,26.97,350.5,0.0,0.571
Finland,2006,635.0,3261.0,51354.0,3.81,714.9,154.0,21.53,164.1,52.0,0.617,26.71,127.0,0.0,0.523
Finland,2007,649.0,3468.0,53436.0,4.12,820.0,168.0,19.81,158.8,49.0,0.594,25.68,302.8,0.0,0.536
Finland,2008,668.0,4282.0,64102.0,4.43,991.9,151.0,19.41,169.9,42.0,0.635,23.58,396.2,0.0,0.59
Finland,2009,653.0,4268.0,65360.0,3.05,691.8,187.0,23.97,120.8,53.0,0.693,25.77,321.5,0.0,0.584
Finland,2010,679.0,4262.0,62769.0,1.71,681.8,172.0,24.55,207.5,42.0,0.632,29.49,172.3,0.0,0.557
Finland,2011,669.0,5249.0,78460.0,4.53,866.4,151.0,20.17,137.4,41.0,0.541,29.45,297.0,0.0,0.505
Finland,2012,667.0,4807.0,72069.0,2.55,954.9,166.0,20.47,190.8,50.0,0.602,24.74,313.8,0.0,0.563
Finland,2013,660.0,4905.0,74318.0,4.27,801.0,161.0,23.44,122.0,49.0,0.653,28.16,300.2,0.0,0.585
Finland,2014,669.0,5211.0,77892.0,4.65,714.5,177.0,25.79,176.2,51.0,0.639,30.27,253.2,0.0,0.57
Finland,2015,666.0,6027.0,90495.0,4.9,784.5,145.0,17.02,178.8,43.0,0.631,25.11,248.5,0.0,0.564
Finland,2016,666.0,6401.0,96111.0,3.97,862.8,167.0,23.07,161.3,40.0,0.62,28.15,394.3,0.0,0.587
Finland,2017,684.0,6758.0,98801.0,3.61,894.2,194.0,19.69,139.7,70.0,0.629,24.26,325.7,0.0,0.582
Finland,2018,630.0,7200.0,114286.0,4.2,701.8,158.0,27.44,142.8,45.0,0.734,29.86,239.4,0.0,0.573
Finland,2019,650.0,8090.0,124462.0,3.93,868.2,170.0,22.18,189.8,47.0,0.626,28.34,170.5,0.0,0.543
France,2005,46723.0,1829166.0,391492.0,8.99,787.4,96.0,26.22,255.3,18.0,0.669,33.24,152.6,0.0,0.422
France,2006,43888.0,1679328.0,382639.0,9.74,978.4,94.0,25.33,304.8,22.0,0.744,33.38,238.9,0.0,0.471
France,2007,43252.0,1781947.0,411992.0,9.2,868.4,72.0,23.85,217.2,17.0,0.676,29.92,317.1,0.0,0.501
France,2008,42073.0,1701752.0,404476.0,8.85,976.9,82.0,23.22,350.3,21.0,0.638,29.94,221.5,0.0,0.534
France,2009,41201.0,1729615.0,419799.0,9.51,733.8,92.0,26.69,200.2,15.0,0.66,34.9,213.2,0.0,0.436
France,2010,40908.0,1751269.0,428099.0,8.19,890.1,99.0,24.4,189.7,16.0,0.617,33.41,259.8,0.0,0.47
France,2011,39725.0,1762640.0,443711.0,10.5,692.2,63.0,24.98,119.4,15.0,0.562,34.8,242.7,0.0,0.394
France,2012,38714.0,1306333.0,337432.0,9.41,769.0,75.0,25.46,244.2,11.0,0.592,37.78,203.5,0.0,0.449
France,2013,37593.0,1688158.0,449062.0,8.73,847.0,103.0,22.49,288.4,22.0,0.708,29.93,179.6,0.0,0.524
France,2014,50170.0,1847551.0,368258.0,10.31,848.5,42.0,21.74,153.9,11.0,0.555,32.82,288.4,0.0,0.427
France,2015,49663.0,1968628.0,396397.0,10.45,649.1,76.0,25.88,161.4,15.0,0.625,37.1,181.1,0.0,0.372
France,2016,50150.0,1823123.0,363534.0,9.76,882.5,82.0,23.81,324.2,27.0,0.689,34.44,136.5,0.0,0.517
France,2017,50309.0,1695949.0,337106.0,9.88,791.9,82.0,27.08,245.2,10.0,0.588,32.66,199.5,0.0,0.405
France,2018,50540.0,1740350.0,344351.0,10.7,778.5,61.0,24.6,251.9,11.0,0.728,34.24,152.4,0.0,0.46
France,2019,50370.0,1753500.0,348124.0,10.7,741.1,68.0,23.91,148.0,16.0,0.494,38.51,150.5,0.0,0.362
Georgia,2005,32989.0,104269.0,31607.0,7.78,1215.5,134.0,21.86,424.4,40.0,0.886,34.04,261.8,0.0,0.644
Georgia,2006,10000.0,32800.0,32800.0,8.2,1246.2,149.0,27.56,279.2,34.0,0.902,36.32,131.7,0.0,0.54
Georgia,2007,28000.0,101300.0,36179.0,7.92,1009.0,161.0,28.71,220.8,55.0,0.897,34.13,231.6,0.0,0.562
Georgia,2008,12000.0,41500.0,34583.0,8.03,890.6,107.0,26.62,272.6,17.0,0.81,34.13,177.5,0.0,0.594
Georgia,2009,22000.0,80700.0,36682.0,7.93,959.4,135.0,22.86,210.8,41.0,0.795,32.65,224.6,0.0,0.571
Georgia,2010,5923.0,21100.0,35624.0,10.35,894.8,98.0,24.94,273.0,29.0,0.826,35.15,151.3,0.0,0.515
Georgia,2011,18151.0,64300.0,35425.0,6.83,955.2,157.0,22.84,271.4,38.0,0.814,37.13,176.7,0.0,0.584
Georgia,2012,12359.0,45000.0,36411.0,8.23,823.0,124.0,24.53,274.8,35.0,0.823,33.01,199.0,0.0,0.567
Georgia,2013,18680.0,68600.0,36724.0,8.09,688.9,126.0,27.67,196.8,29.0,0.723,32.32,186.3,0.0,0.513
Georgia,2014,22380.0,82300.0,36774.0,9.57,586.7,120.0,30.26,60.9,23.0,0.527,35.65,164.2,0.0,0.469
Georgia,2015,7663.0,25700.0,33538.0,9.14,746.4,140.0,24.42,210.2,41.0,0.717,36.18,155.3,0.0,0.499
Georgia,2016,19767.0,65200.0,32984.0,7.97,984.3,134.0,21.99,261.0,28.0,0.798,32.9,243.9,0.0,0.585
Georgia,2017,6073.0,19700.0,32439.0,8.43,938.3,138.0,23.44,263.6,39.0,0.799,35.63,188.1,0.0,0.597
Georgia,2018,25776.0,82700.0,32084.0,10.1,817.7,116.0,26.14,209.4,22.0,0.783,35.31,170.0,0.0,0.499
Georgia,2019,13897.0,44300.0,31877.0,9.4,686.0,128.0,27.69,201.0,38.0,0.751,33.59,174.8,0.0,0.503
Germany,2005,32339.0,891402.0,275643.0,8.27,648.8,109.0,28.88,147.5,29.0,0.794,31.69,168.8,0.0,0.548
Germany,2006,32504.0,947611.0,291537.0,8.67,654.3,103.0,21.81,229.4,32.0,0.767,34.62,186.3,0.0,0.569
Germany,2007,31721.0,1070036.0,337327.0,8.9,962.8,79.0,27.24,195.6,15.0,0.741,31.51,302.9,0.0,0.611
Germany,2008,31800.0,1046995.0,329244.0,8.52,689.8,101.0,28.11,192.6,23.0,0.842,32.02,184.4,0.0,0.556
Germany,2009,31813.0,1070678.0,336554.0,8.18,815.3,109.0,25.32,188.8,21.0,0.796,32.93,206.8,0.0,0.585
Germany,2010,31819.0,834960.0,262409.0,6.43,825.8,129.0,21.69,183.3,26.0,0.839,33.87,246.3,0.0,0.596
Germany,2011,31608.0,898448.0,284247.0,8.69,620.5,105.0,27.03,61.2,21.0,0.774,32.35,270.4,0.0,0.559
Germany,2012,31640.0,972405.0,307334.0,8.15,730.0,91.0,26.94,103.6,18.0,0.733,34.03,263.0,0.0,0.577
Germany,2013,31647.0,803784.0,253984.0,7.49,732.2,124.0,21.6,267.0,39.0,0.835,31.31,146.7,0.0,0.673
Germany,2014,31465.0,1115900.0,354648.0,9.45,718.4,82.0,27.34,140.3,15.0,0.676,32.54,282.5,0.0,0.571
Germany,2015,31408.0,973462.0,309941.0,9.07,615.6,101.0,24.58,116.9,25.0,0.753,36.11,186.4,0.0,0.52
Germany,2016,31334.0,1032913.0,329646.0,8.71,665.8,104.0,25.18,134.7,28.0,0.772,33.26,192.8,0.0,0.573
Germany,2017,33913.0,596666.0,175940.0,8.52,865.7,98.0,27.76,152.4,17.0,0.742,29.63,350.6,0.0,0.61
Germany,2018,33980.0,1198520.0,352713.0,9.85,560.7,102.0,26.64,157.0,30.0,0.803,35.93,95.1,0.0,0.505
Germany,2019,33980.0,991450.0,291775.0,9.59,696.2,85.0,22.87,202.3,17.0,0.756,36.35,136.7,0.0,0.532
Greece,2005,13354.0,250019.0,187224.0,11.54,765.7,69.0,26.35,126.5,13.0,0.824,37.75,41.0,0.0,0.571
Greece,2006,13291.0,288703.0,217217.0,11.58,663.0,66.0,31.22,112.4,8.0,0.842,38.94,72.1,0.0,0.573
Greece,2007,13207.0,251408.0,190360.0,12.69,588.6,54.0,28.26,135.9,9.0,0.747,40.63,34.7,0.0,0.573
Greece,2008,13433.0,259822.0,193421.0,12.64,524.8,47.0,32.79,113.6,0.0,0.761,38.15,29.5,0.0,0.557
Greece,2009,13568.0,268322.0,197761.0,12.39,842.2,50.0,28.27,160.6,10.0,0.854,41.16,41.5,0.0,0.57
Greece,2010,13445.0,273804.0,203647.0,12.65,797.5,53.0,27.6,155.6,13.0,0.81,37.44,62.6,0.0,0.578
Greece,2011,13331.0,274115.0,205622.0,11.68,580.9,66.0,22.73,169.6,11.0,0.842,38.01,30.8,0.0,0.578
Greece,2012,13310.0,265822.0,199716.0,12.75,691.5,77.0,24.82,179.2,10.0,0.813,40.2,9.9,0.0,0.567
Greece,2013,13212.0,253700.0,192022.0,12.74,616.8,55.0,28.85,103.9,9.0,0.822,37.72,46.0,0.0,0.565
Greece,2014,9811.0,252240.0,257099.0,12.52,761.8,27.0,26.47,179.7,5.0,0.788,37.2,61.0,0.0,0.581
Greece,2015,9827.0,267018.0,271719.0,12.3,742.5,56.0,28.69,131.5,15.0,0.849,38.29,67.5,0.0,0.573
Greece,2016,9683.0,279665.0,288821.0,12.48,789.9,50.0,27.28,186.0,5.0,0.791,36.62,85.7,0.0,0.578
Greece,2017,9294.0,253107.0,272334.0,12.48,694.4,60.0,28.48,87.1,5.0,0.764,40.43,74.2,0.0,0.571
Greece,2018,10350.0,285810.0,276145.0,12.77,843.0,48.0,24.95,127.8,2.0,0.831,34.68,127.3,0.0,0.587
Greece,2019,9820.0,277110.0,282189.0,12.76,854.3,49.0,24.69,125.2,7.0,0.799,36.87,74.5,0.0,0.579
Grenada,2005,11.0,50.0,45455.0,27.95,1615.8,0.0,29.77,121.0,0.0,0.625,30.01,694.4,0.0,0.903
Grenada,2006,70.0,316.0,45143.0,27.63,1037.9,0.0,28.78,61.7,0.0,0.617,29.25,430.5,0.0,0.716
Grenada,2007,100.0,427.0,42700.0,27.56,1189.9,0.0,28.65,113.9,0.0,0.608,28.97,439.1,0.0,0.724
Grenada,2008,100.0,419.0,41900.0,27.31,1413.2,0.0,28.42,72.6,0.0,0.618,29.28,509.3,0.0,0.775
Grenada,2009,105.0,461.0,43905.0,27.5,952.1,0.0,28.19,88.2,0.0,0.616,29.28,435.5,0.0,0.737
Grenada,2010,99.0,434.0,43838.0,28.01,1712.4,0.0,29.56,199.7,0.0,0.616,29.69,678.5,0.0,0.883
Grenada,2011,100.0,438.0,43800.0,27.68,1635.6,0.0,29.17,280.4,0.0,0.681,29.95,512.0,0.0,0.849
Grenada,2012,107.0,466.0,43551.0,27.6,1403.4,0.0,28.41,339.2,0.0,0.697,29.15,508.4,0.0,0.808
Grenada,2013,104.0,452.0,43462.0,27.5,1236.8,0.0,28.6,219.6,0.0,0.629,29.12,400.9,0.0,0.811
Grenada,2014,115.0,502.0,43652.0,27.27,1091.1,0.0,28.08,65.6,0.0,0.603,28.97,434.6,0.0,0.703
Grenada,2015,108.0,471.0,43611.0,27.37,1087.1,0.0,28.12,109.3,0.0,0.61,29.38,309.4,0.0,0.685
Grenada,2016,103.0,448.0,43495.0,27.76,1459.6,0.0,28.77,236.6,0.0,0.64,29.77,454.0,0.0,0.81
Grenada,2017,106.0,463.0,43679.0,27.66,1640.1,0.0,28.57,141.2,0.0,0.63,29.94,659.8,0.0,0.829
Grenada,2018,107.0,469.0,43832.0,27.31,1297.2,0.0,28.0,229.2,0.0,0.667,28.88,349.2,0.0,0.691
Grenada,2019,109.0,475.0,43578.0,27.61,1270.0,0.0,28.35,144.5,0.0,0.606,29.89,490.9,0.0,0.79
Guatemala,2005,3076.0,22122.0,71918.0,25.42,2163.2,0.0,43.28,175.5,0.0,0.537,39.39,1149.9,0.0,0.875
Guatemala,2006,3076.0,22244.0,72315.0,24.3,2176.5,0.0,38.88,394.1,0.0,0.594,29.67,798.2,0.0,0.887
Guatemala,2007,3355.0,22113.0,65911.0,25.1,1525.4,0.0,40.22,119.1,0.0,0.546,35.22,519.9,0.0,0.643
Guatemala,2008,4054.0,22113.0,54546.0,24.58,2053.9,0.0,40.11,229.9,0.0,0.548,30.33,786.6,0.0,0.832
Guatemala,2009,6849.0,22113.0,32286.0,25.08,1452.0,0.0,40.99,116.2,0.0,0.55,37.02,518.2,0.0,0.648
Guatemala,2010,6709.0,21773.0,32453.0,24.61,1822.2,0.0,40.96,297.8,0.0,0.568,35.22,850.5,0.0,0.793
Guatemala,2011,6835.0,22440.0,32831.0,25.01,1950.5,0.0,41.24,191.7,0.0,0.543,35.37,824.2,0.0,0.828
Guatemala,2012,6031.0,23242.0,38538.0,24.49,1830.9,0.0,39.87,249.9,0.0,0.586,32.52,822.8,0.0,0.847
Guatemala,2013,6898.0,24304.0,35233.0,25.03,2109.9,0.0,42.36,258.9,0.0,0.539,31.52,777.0,0.0,0.866
Guatemala,2014,6430.0,24812.0,38588.0,24.21,2325.1,0.0,40.12,399.2,0.0,0.616,30.72,621.1,0.0,0.791
Guatemala,2015,6150.0,26227.0,42646.0,24.67,1961.1,0.0,41.28,410.3,0.0,0.634,34.33,560.3,0.0,0.714
Guatemala,2016,5871.0,26499.0,45135.0,25.36,1533.0,0.0,41.7,121.9,0.0,0.543,38.91,610.8,0.0,0.693
Guatemala,2017,5806.0,25383.0,43719.0,25.0,1746.8,0.0,41.02,299.8,0.0,0.569,35.25,758.3,0.0,0.817
Guatemala,2018,6859.0,24853.0,36234.0,25.24,1460.0,0.0,40.03,150.5,0.0,0.542,35.35,531.1,0.0,0.657
Guatemala,2019,7109.0,25226.0,35485.0,26.02,1585.2,0.0,41.64,206.9,0.0,0.535,35.02,458.3,0.0,0.653
Honduras,2005,57.0,162.0,28421.0,22.96,1004.7,0.0,37.43,144.4,0.0,0.436,32.26,387.1,0.0,0.544
Honduras,2006,60.0,175.0,29167.0,23.14,876.0,0.0,37.08,83.7,0.0,0.432,33.29,290.1,0.0,0.503
Honduras,2007,62.0,173.0,27903.0,22.53,1240.6,0.0,36.56,232.2,0.0,0.457,31.11,351.0,0.0,0.522
Honduras,2008,67.0,171.0,25522.0,22.03,1556.5,0.0,36.49,150.7,0.0,0.451,31.57,500.4,0.0,0.581
Honduras,2009,70.0,172.0,24571.0,22.28,1126.4,0.0,36.1,148.2,0.0,0.461,33.4,441.4,0.0,0.536
Honduras,2010,75.0,174.0,23200.0,21.84,1530.1,0.0,38.2,384.3,0.0,0.491,29.51,531.9,0.0,0.665
Honduras,2011,79.0,175.0,22152.0,22.22,1324.1,0.0,35.12,113.7,0.0,0.442,32.76,460.2,0.0,0.54
Honduras,2012,84.0,177.0,21071.0,22.18,1213.6,0.0,34.31,277.1,0.0,0.47,32.12,356.5,0.0,0.544
Honduras,2013,90.0,178.0,19778.0,22.46,1423.2,0.0,35.76,232.2,0.0,0.475,33.09,442.3,0.0,0.526
Honduras,2014,96.0,180.0,18750.0,22.49,1288.9,0.0,35.86,133.1,0.0,0.451,33.5,312.8,0.0,0.497
Honduras,2015,99.0,183.0,18485.0,22.68,1138.5,0.0,37.17,166.9,0.0,0.469,33.45,346.2,0.0,0.518
Honduras,2016,104.0,183.0,17596.0,22.67,1413.8,0.0,36.25,228.1,0.0,0.479,31.62,453.8,0.0,0.539
Honduras,2017,110.0,185.0,16818.0,22.14,1541.2,0.0,35.28,244.4,0.0,0.469,32.68,511.2,0.0,0.573
Honduras,2018,117.0,186.0,15897.0,22.0,1235.8,0.0,33.66,213.9,0.0,0.478,32.15,374.3,0.0,0.543
Honduras,2019,124.0,187.0,15081.0,23.71,776.8,0.0,36.76,101.4,0.0,0.429,34.62,214.8,0.0,0.462
Hungary,2005,42024.0,510361.0,121445.0,10.21,733.6,122.0,31.87,152.8,25.0,0.526,36.34,345.8,0.0,0.461
Hungary,2006,39136.0,537345.0,137302.0,10.83,597.3,103.0,26.76,178.9,21.0,0.557,34.73,267.0,0.0,0.473
Hungary,2007,40501.0,586113.0,144716.0,12.37,545.8,77.0,32.58,102.5,4.0,0.45,41.32,153.1,0.0,0.388
Hungary,2008,43100.0,568600.0,131926.0,11.82,558.1,79.0,32.99,128.2,8.0,0.497,37.34,211.1,0.0,0.422
Hungary,2009,36644.0,575368.0,157016.0,11.84,550.6,87.0,31.06,68.7,15.0,0.491,36.54,160.5,0.0,0.407
Hungary,2010,34030.0,496916.0,146023.0,10.18,944.1,107.0,25.16,234.6,17.0,0.581,33.87,263.4,0.0,0.503
Hungary,2011,33092.0,292810.0,88484.0,11.42,391.6,109.0,29.13,92.7,12.0,0.537,38.21,156.1,0.0,0.418
Hungary,2012,32040.0,650600.0,203059.0,12.06,434.5,104.0,31.98,95.6,16.0,0.437,38.96,98.3,0.0,0.383
Hungary,2013,33360.0,591870.0,177419.0,11.47,587.8,102.0,27.44,235.0,23.0,0.583,39.6,89.8,0.0,0.43
Hungary,2014,33260.0,779850.0,234471.0,12.28,804.1,52.0,29.3,152.4,2.0,0.465,35.31,272.6,0.0,0.436
Hungary,2015,32803.0,511460.0,155919.0,12.09,579.4,82.0,28.58,113.9,16.0,0.567,38.46,148.2,0.0,0.417
Hungary,2016,32485.0,497108.0,153027.0,11.46,675.5,90.0,29.45,127.7,9.0,0.549,36.13,240.3,0.0,0.445
Hungary,2017,32166.0,473662.0,147255.0,11.67,633.4,90.0,30.36,153.7,9.0,0.502,39.63,151.5,0.0,0.406
Hungary,2018,31840.0,678780.0,213185.0,12.53,601.7,95.0,30.14,150.3,18.0,0.563,35.51,217.0,0.0,0.442
Hungary,2019,30970.0,498330.0,160907.0,12.94,673.5,75.0,29.53,219.8,5.0,0.458,37.51,180.1,0.0,0.431
India,2005,230700.0,1739000.0,75379.0,26.81,1153.2,0.0,47.34,31.5,0.0,0.557,46.96,654.5,0.0,0.741
India,2006,226600.0,1814000.0,80053.0,26.88,1328.5,0.0,46.4,156.3,0.0,0.574,42.34,865.7,0.0,0.743
India,2007,252000.0,1624000.0,64444.0,27.13,943.4,0.0,46.08,20.2,0.0,0.554,43.2,669.1,0.0,0.729
India,2008,264000.0,2001000.0,75795.0,26.87,889.3,0.0,46.22,44.7,0.0,0.555,44.06,578.5,0.0,0.714
India,2009,274000.0,1985000.0,72445.0,27.86,931.7,0.0,47.09,38.3,0.0,0.554,44.53,664.0,0.0,0.732
India,2010,282900.0,1777200.0,62821.0,27.63,1341.5,0.0,47.71,10.6,0.0,0.553,45.61,990.9,0.0,0.788
India,2011,289100.0,2891000.0,100000.0,26.72,905.6,0.0,46.41,54.1,0.0,0.559,44.37,650.7,0.0,0.708
India,2012,321900.0,2203400.0,68450.0,27.05,1080.9,0.0,46.74,4.8,0.0,0.55,46.46,742.1,0.0,0.753
India,2013,312000.0,1915000.0,61378.0,26.71,1426.4,0.0,48.59,23.4,0.0,0.555,44.81,1115.2,0.0,0.848
India,2014,313040.0,2497680.0,79788.0,27.27,858.2,0.0,46.62,80.2,0.0,0.57,48.1,567.0,0.0,0.661
India,2015,319000.0,2134000.0,66897.0,27.11,1171.3,0.0,47.38,115.6,0.0,0.569,44.19,842.0,0.0,0.753
India,2016,277000.0,2521000.0,91011.0,27.24,1176.9,0.0,46.51,47.2,0.0,0.558,45.72,876.2,0.0,0.801
India,2017,305000.0,2265000.0,74262.0,27.4,884.2,0.0,47.09,35.4,0.0,0.555,42.07,662.8,0.0,0.691
India,2018,301000.0,2327000.0,77309.0,27.25,950.1,0.0,46.9,35.0,0.0,0.556,42.37,789.4,0.0,0.763
India,2019,308000.0,2316000.0,75195.0,27.25,1072.6,0.0,46.89,9.9,0.0,0.552,47.33,715.9,0.0,0.706
Iran (Islamic Republic of),2005,162862.0,2661901.0,163445.0,18.99,21.5,44.0,35.39,5.2,0.0,0.472,43.59,0.5,0.0,0.47
Iran (Islamic Republic of),2006,149225.0,2306941.0,154595.0,18.77,64.3,66.0,37.65,8.8,0.0,0.472,43.2,0.1,0.0,0.47
Iran (Islamic Republic of),2007,173979.0,2977881.0,171163.0,18.24,56.8,44.0,36.85,30.4,0.0,0.477,42.44,2.8,0.0,0.47
Iran (Islamic Republic of),2008,173340.0,2778775.0,160308.0,18.47,38.9,55.0,39.5,2.2,0.0,0.47,43.3,0.0,0.0,0.47
Iran (Islamic Republic of),2009,173371.0,2854420.0,164642.0,18.69,73.7,31.0,39.12,30.6,0.0,0.476,43.37,3.5,0.0,0.47
Iran (Islamic Republic of),2010,197252.0,2903572.0,147201.0,19.89,55.4,16.0,39.01,11.3,0.0,0.471,43.6,37.4,0.0,0.473
Iran (Islamic Republic of),2011,197284.0,3112900.0,157788.0,18.87,53.6,55.0,37.99,11.3,4.0,0.473,44.44,0.0,0.0,0.47
Iran (Islamic Republic of),2012,197348.0,3103883.0,157280.0,18.22,76.7,52.0,38.61,15.4,9.0,0.473,44.25,0.2,0.0,0.47
Iran (Islamic Republic of),2013,197983.0,3035493.0,153321.0,18.78,71.1,39.0,38.27,53.4,3.0,0.483,44.11,0.0,0.0,0.47
Iran (Islamic Republic of),2014,235572.0,2412494.0,102410.0,18.6,72.1,42.0,38.16,19.6,1.0,0.474,43.94,1.6,0.0,0.47
Iran (Islamic Republic of),2015,240000.0,2500000.0,104167.0,19.4,63.0,33.0,39.9,29.7,3.0,0.476,43.33,2.4,0.0,0.47
Iran (Islamic Republic of),2016,140940.0,2096749.0,148769.0,19.61,34.4,29.0,39.32,22.6,0.0,0.475,43.02,0.0,0.0,0.47
Iran (Islamic Republic of),2017,119528.0,2398831.0,200692.0,19.65,42.0,29.0,39.81,23.7,0.0,0.475,43.16,0.0,0.0,0.47
Iran (Islamic Republic of),2018,101429.0,1936697.0,190941.0,19.72,66.1,16.0,37.93,36.2,0.0,0.475,43.2,0.2,0.0,0.47
Iran (Islamic Republic of),2019,100759.0,2241124.0,222424.0,19.19,124.4,24.0,36.45,58.5,1.0,0.485,45.06,0.1,0.0,0.47
Iraq,2005,10750.0,25000.0,23256.0,23.09,142.1,3.0,40.93,54.4,0.0,0.465,47.29,0.0,0.0,0.44
Iraq,2006,10750.0,25000.0,23256.0,23.32,155.1,7.0,43.84,55.2,0.0,0.459,46.91,0.0,0.0,0.439
Iraq,2007,10750.0,31000.0,28837.0,23.5,133.8,11.0,44.35,55.9,0.0,0.462,47.29,0.6,0.0,0.439
Iraq,2008,12000.0,36362.0,30302.0,23.35,130.4,22.0,41.91,14.5,0.0,0.45,47.21,0.0,0.0,0.436
Iraq,2009,12000.0,36576.0,30480.0,23.27,142.7,7.0,42.43,27.9,0.0,0.446,46.27,0.0,0.0,0.433
Iraq,2010,13000.0,39601.0,30462.0,25.02,77.1,2.0,41.26,26.8,0.0,0.45,48.8,0.0,0.0,0.435
Iraq,2011,15000.0,45948.0,30632.0,22.83,74.6,0.0,43.5,23.2,0.0,0.448,48.41,0.3,0.0,0.436
Iraq,2012,17000.0,52318.0,30775.0,23.91,125.3,5.0,41.61,9.6,0.0,0.441,48.56,0.0,0.0,0.433
Iraq,2013,20000.0,62433.0,31217.0,22.68,101.8,11.0,40.34,12.5,0.0,0.467,45.21,0.0,0.0,0.44
Iraq,2014,20000.0,63376.0,31688.0,23.91,72.7,1.0,42.4,24.7,0.0,0.446,47.0,0.0,0.0,0.434
Iraq,2015,14000.0,42307.0,30219.0,24.1,125.2,3.0,42.61,27.1,0.0,0.445,48.35,0.0,0.0,0.435
Iraq,2016,14500.0,44495.0,30686.0,23.74,130.3,7.0,41.91,66.3,0.0,0.466,48.9,0.0,0.0,0.439
Iraq,2017,15500.0,47626.0,30726.0,23.86,69.4,8.0,42.38,54.5,0.0,0.453,48.34,0.0,0.0,0.435
Iraq,2018,16000.0,49644.0,31028.0,24.24,288.2,0.0,41.64,86.4,0.0,0.47,45.21,0.0,0.0,0.44
Iraq,2019,24000.0,75831.0,31596.0,23.68,126.2,2.0,43.74,45.9,0.0,0.487,47.19,0.1,0.0,0.44
Ireland,2005,634.0,14800.0,233438.0,9.86,1072.1,19.0,17.23,292.6,6.0,0.949,25.97,226.0,0.0,0.836
Ireland,2006,637.0,18200.0,285714.0,9.87,1213.1,35.0,19.87,330.3,13.0,0.957,26.76,174.1,0.0,0.81
Ireland,2007,620.0,15000.0,241935.0,10.04,1144.1,14.0,20.15,194.3,2.0,0.93,22.93,375.0,0.0,0.853
Ireland,2008,620.0,15600.0,251613.0,9.36,1290.4,25.0,21.01,221.5,4.0,0.939,22.71,371.4,0.0,0.823
Ireland,2009,620.0,13100.0,211290.0,9.27,1331.6,37.0,21.73,284.1,2.0,0.958,24.15,393.4,0.0,0.854
Ireland,2010,620.0,21100.0,340323.0,8.16,996.2,81.0,23.09,196.4,14.0,0.947,22.23,276.2,0.0,0.814
Ireland,2011,620.0,20400.0,329032.0,9.52,1179.7,31.0,19.22,208.1,5.0,0.936,22.76,218.3,0.0,0.813
Ireland,2012,620.0,12100.0,195161.0,9.14,1255.6,17.0,22.81,166.9,2.0,0.937,23.32,491.5,0.0,0.909
Ireland,2013,615.0,15200.0,247154.0,9.14,950.5,45.0,18.08,241.7,25.0,0.949,26.58,203.7,0.0,0.812
Ireland,2014,635.0,19600.0,308661.0,9.75,1160.5,12.0,18.83,248.6,1.0,0.942,24.99,257.3,0.0,0.821
Ireland,2015,635.0,18800.0,296063.0,8.98,1444.7,19.0,16.83,308.7,6.0,0.955,22.76,324.4,0.0,0.848
Ireland,2016,695.0,21800.0,313669.0,9.27,1155.5,31.0,20.0,222.5,9.0,0.955,25.77,359.1,0.0,0.844
Ireland,2017,695.0,21369.0,307468.0,9.63,1171.9,26.0,23.21,211.8,3.0,0.935,23.78,343.5,0.0,0.826
Ireland,2018,710.0,20140.0,283662.0,9.6,1143.8,31.0,23.12,259.9,14.0,0.961,26.62,228.9,0.0,0.796
Ireland,2019,710.0,19880.0,280000.0,9.6,1274.3,16.0,19.61,300.8,0.0,0.949,23.54,357.6,0.0,0.837
Israel,2005,4430.0,140337.0,316788.0,20.22,75.7,0.0,39.95,12.4,0.0,0.472,41.46,0.3,0.0,0.45
Israel,2006,3970.0,121644.0,306408.0,19.97,130.3,0.0,40.73,19.6,0.0,0.469,41.67,0.0,0.0,0.45
Israel,2007,3200.0,101226.0,316331.0,20.24,111.2,0.0,41.95,28.5,0.0,0.489,42.83,0.0,0.0,0.45
Israel,2008,3050.0,97425.0,319426.0,20.47,125.3,4.0,41.65,3.5,0.0,0.472,41.97,1.6,0.0,0.45
Israel,2009,2980.0,114650.0,384732.0,20.45,99.5,0.0,40.46,31.6,0.0,0.475,41.7,0.0,0.0,0.45
Israel,2010,2910.0,131474.0,451801.0,21.88,122.1,0.0,39.92,14.6,0.0,0.489,44.87,0.1,0.0,0.45
Israel,2011,2920.0,119231.0,408325.0,19.69,144.0,0.0,38.63,27.4,0.0,0.478,42.63,0.0,0.0,0.45
Israel,2012,2370.0,108000.0,455696.0,20.42,136.0,0.0,38.7,23.7,0.0,0.489,44.33,0.3,0.0,0.45
Israel,2013,2629.0,112128.0,426504.0,20.36,133.6,0.0,40.79,8.4,0.0,0.479,40.3,0.0,0.0,0.45
Israel,2014,2685.0,77813.0,289806.0,20.52,166.8,0.0,38.8,72.4,0.0,0.478,42.69,0.0,0.0,0.452
Israel,2015,2991.0,108000.0,361083.0,20.25,294.7,0.0,41.91,28.6,0.0,0.541,44.85,0.0,0.0,0.451
Israel,2016,3020.0,100000.0,331126.0,20.63,248.6,1.0,41.91,27.5,0.0,0.534,43.23,0.1,0.0,0.45
Israel,2017,2960.0,113000.0,381757.0,20.47,117.2,0.0,40.53,11.9,0.0,0.503,43.41,2.0,0.0,0.451
Israel,2018,2823.0,111000.0,393199.0,21.15,266.3,0.0,41.56,29.4,0.0,0.518,43.34,7.2,0.0,0.454
Israel,2019,2775.0,104000.0,374775.0,20.54,152.2,0.0,44.15,34.0,0.0,0.527,43.02,0.4,0.0,0.451
Italy,2005,57136.0,2192000.0,383646.0,14.96,964.6,26.0,30.23,171.2,6.0,0.829,38.96,82.9,0.0,0.476
Italy,2006,57143.0,2130980.0,372921.0,15.72,576.3,16.0,30.89,119.4,2.0,0.831,36.89,88.2,0.0,0.479
Italy,2007,56020.0,2230191.0,398106.0,16.15,482.9,4.0,31.44,156.0,0.0,0.652,39.85,37.5,0.0,0.429
Italy,2008,59000.0,2210100.0,374593.0,16.01,895.4,5.0,31.62,241.6,0.0,0.62,36.04,45.3,0.0,0.451
Italy,2009,58445.0,2325653.0,397922.0,16.01,820.8,13.0,31.62,146.2,0.0,0.805,36.99,103.5,0.0,0.492
Italy,2010,57907.0,2204972.0,380778.0,15.24,925.8,15.0,26.44,214.3,1.0,0.854,36.57,67.8,0.0,0.529
Italy,2011,56860.0,2411201.0,424059.0,15.97,603.7,16.0,28.75,185.4,2.0,0.809,37.45,96.2,0.0,0.482
Italy,2012,54684.0,1991312.0,364149.0,16.05,780.9,23.0,29.64,165.7,0.0,0.61,38.04,24.7,0.0,0.42
Italy,2013,55274.0,2216963.0,401086.0,15.67,834.0,12.0,27.32,266.1,1.0,0.867,38.1,95.2,0.0,0.532
Italy,2014,54743.0,2473608.0,451858.0,16.0,1213.9,5.0,27.27,168.5,0.0,0.853,33.37,211.6,0.0,0.574
Italy,2015,54720.0,2473608.0,452048.0,16.17,827.4,6.0,30.64,252.7,0.0,0.867,37.37,112.0,0.0,0.499
Italy,2016,52775.0,2455616.0,465299.0,16.0,806.9,8.0,28.16,171.3,0.0,0.728,35.04,89.1,0.0,0.477
Italy,2017,53586.0,1921272.0,358540.0,16.28,474.5,15.0,30.52,75.4,0.0,0.595,40.92,33.2,0.0,0.387
Italy,2018,57440.0,2466990.0,429490.0,16.48,825.1,11.0,29.86,255.7,1.0,0.751,37.07,114.3,0.0,0.486
Italy,2019,55000.0,2303690.0,418853.0,16.38,838.7,11.0,27.01,212.9,0.0,0.73,38.54,65.1,0.0,0.481
Japan,2005,40800.0,818900.0,200711.0,7.57,1081.9,165.0,21.37,189.4,50.0,0.772,28.88,524.8,0.0,0.595
Japan,2006,40300.0,831800.0,206402.0,8.14,1501.6,161.0,23.71,272.8,55.0,0.704,28.44,549.0,0.0,0.669
Japan,2007,39900.0,840100.0,210551.0,8.29,1222.7,154.0,21.7,229.0,50.0,0.754,29.26,434.9,0.0,0.623
Japan,2008,39500.0,910700.0,230557.0,7.89,1302.7,149.0,22.73,393.8,42.0,0.783,27.8,529.3,0.0,0.753
Japan,2009,38800.0,845600.0,217938.0,8.21,1287.6,146.0,23.59,316.0,42.0,0.777,27.37,455.2,0.0,0.67
Japan,2010,38100.0,786500.0,206430.0,8.33,1548.1,170.0,23.41,425.0,57.0,0.842,28.66,486.5,0.0,0.773
Japan,2011,37800.0,655300.0,173360.0,7.7,1456.1,153.0,23.18,387.7,52.0,0.796,28.51,481.8,0.0,0.76
Japan,2012,37400.0,793800.0,212246.0,7.43,1253.5,164.0,21.86,329.0,46.0,0.845,28.31,446.0,0.0,0.707
Japan,2013,37200.0,741700.0,199382.0,8.33,875.6,163.0,23.9,210.3,52.0,0.666,32.5,297.0,0.0,0.482
Japan,2014,37100.0,816300.0,220027.0,7.84,1266.7,147.0,25.29,172.6,44.0,0.533,28.99,564.1,0.0,0.568
Japan,2015,37000.0,811500.0,219324.0,8.69,1379.1,133.0,24.69,213.3,37.0,0.719,29.64,603.4,0.0,0.634
Japan,2016,36800.0,765000.0,207880.0,8.89,1369.1,143.0,24.71,240.6,37.0,0.775,28.61,514.7,0.0,0.554
Japan,2017,36500.0,735200.0,201425.0,7.88,1273.7,165.0,24.95,206.0,49.0,0.746,28.54,448.0,0.0,0.554
Japan,2018,36200.0,756100.0,208867.0,8.89,1349.2,141.0,24.34,367.6,40.0,0.789,30.12,473.2,0.0,0.603
Japan,2019,36000.0,701600.0,194889.0,8.93,1405.5,154.0,26.23,248.7,51.0,0.651,28.13,587.8,0.0,0.651
Jordan,2005,3856.0,45563.0,118161.0,18.12,39.0,22.0,36.88,9.9,0.0,0.595,41.27,0.5,0.0,0.59
Jordan,2006,3856.0,46381.0,120283.0,17.93,67.9,18.0,38.57,12.3,0.0,0.599,39.79,0.0,0.0,0.59
Jordan,2007,2291.0,31523.0,137595.0,18.15,50.9,19.0,37.8,13.9,0.0,0.6,41.53,0.0,0.0,0.59
Jordan,2008,2291.0,34913.0,152392.0,18.3,75.5,24.0,36.53,3.8,0.0,0.594,40.77,25.2,0.0,0.593
Jordan,2009,2307.0,31111.0,134855.0,18.07,49.2,8.0,37.01,24.7,0.0,0.6,41.07,0.0,0.0,0.59
Jordan,2010,2291.0,28770.0,125578.0,20.02,66.5,3.0,37.81,5.1,0.0,0.597,44.26,0.0,0.0,0.59
Jordan,2011,2381.0,39653.0,166539.0,17.52,61.6,9.0,35.05,11.5,1.0,0.6,43.08,0.0,0.0,0.59
Jordan,2012,2381.0,36377.0,152780.0,18.41,61.6,28.0,37.01,10.8,7.0,0.599,43.55,0.2,0.0,0.59
Jordan,2013,2381.0,40635.0,170664.0,17.93,73.1,23.0,38.51,5.8,1.0,0.596,41.12,0.0,0.0,0.59
Jordan,2014,2390.0,39902.0,166954.0,18.38,66.8,9.0,35.55,40.6,0.0,0.601,39.88,0.0,0.0,0.59
Jordan,2015,2390.0,56570.0,236695.0,18.08,214.9,21.0,38.44,24.2,0.0,0.641,42.57,0.0,0.0,0.59
Jordan,2016,2389.0,55197.0,231046.0,18.42,195.9,24.0,40.63,31.9,0.0,0.637,42.03,0.0,0.0,0.59
Jordan,2017,755.0,24496.0,324450.0,18.58,71.9,28.0,37.11,10.0,0.0,0.622,42.87,0.0,0.0,0.59
Jordan,2018,755.0,20517.0,271748.0,18.87,209.5,1.0,37.68,18.7,0.0,0.629,40.91,0.6,0.0,0.59
Jordan,2019,788.0,21051.0,267145.0,18.18,158.9,12.0,40.78,41.1,0.0,0.661,42.22,0.2,0.0,0.59
Kazakhstan,2005,34100.0,142200.0,41701.0,6.74,139.3,179.0,30.76,39.8,46.0,0.498,41.64,50.3,0.0,0.419
Kazakhstan,2006,26200.0,115620.0,44130.0,6.39,189.0,174.0,33.04,43.7,43.0,0.471,38.61,23.4,0.0,0.416
Kazakhstan,2007,24400.0,101660.0,41664.0,6.3,178.8,169.0,32.34,47.8,36.0,0.515,41.25,42.2,0.0,0.421
Kazakhstan,2008,25800.0,94290.0,36547.0,6.76,189.8,172.0,34.09,39.3,38.0,0.479,41.61,41.1,0.0,0.417
Kazakhstan,2009,26100.0,117970.0,45199.0,5.48,223.4,185.0,31.73,43.6,55.0,0.511,36.5,65.4,0.0,0.424
Kazakhstan,2010,29700.0,107150.0,36077.0,5.95,195.0,186.0,27.8,109.0,48.0,0.535,38.34,14.9,0.0,0.427
Kazakhstan,2011,29127.0,114654.0,39363.0,5.02,181.3,173.0,29.52,46.4,40.0,0.456,36.75,53.3,0.0,0.424
Kazakhstan,2012,30282.0,129700.0,42831.0,5.37,190.5,167.0,32.88,77.1,34.0,0.455,40.2,52.3,0.0,0.42
Kazakhstan,2013,30290.0,143856.0,47493.0,6.62,194.2,171.0,30.95,59.0,35.0,0.486,37.59,43.5,0.0,0.422
Kazakhstan,2014,30352.0,157870.0,52013.0,4.85,145.2,194.0,33.28,24.2,55.0,0.455,38.65,22.0,0.0,0.415
Kazakhstan,2015,31645.0,147561.0,46630.0,5.74,283.6,184.0,29.1,96.8,41.0,0.532,38.23,48.1,0.0,0.439
Kazakhstan,2016,32463.0,188099.0,57943.0,5.68,252.0,178.0,28.22,77.7,35.0,0.569,37.85,53.6,0.0,0.434
Kazakhstan,2017,32955.0,181057.0,54941.0,5.88,162.9,177.0,31.34,41.3,41.0,0.489,39.84,20.0,0.0,0.417
Kazakhstan,2018,34680.0,222482.0,64153.0,4.26,175.2,187.0,30.67,67.2,52.0,0.519,39.18,31.8,0.0,0.422
Kazakhstan,2019,35171.0,216540.0,61568.0,5.85,192.7,176.0,31.36,60.0,43.0,0.508,39.55,31.2,0.0,0.418
Kenya,2005,239.0,4302.0,180000.0,25.89,333.5,0.0,38.66,149.1,0.0,0.418,34.56,31.3,0.0,0.415
Kenya,2006,256.0,4554.0,177891.0,25.47,784.7,0.0,36.95,218.6,0.0,0.446,35.2,41.0,0.0,0.417
Kenya,2007,198.0,3564.0,180000.0,25.54,444.5,0.0,36.24,127.9,0.0,0.432,35.45,61.6,0.0,0.417
Kenya,2008,153.0,3066.0,200392.0,25.67,408.1,0.0,36.45,135.1,0.0,0.425,34.61,29.0,0.0,0.407
Kenya,2009,91.0,1492.0,163956.0,26.06,422.0,0.0,37.83,86.9,0.0,0.412,35.24,13.0,0.0,0.401
Kenya,2010,137.0,1195.0,87226.0,25.75,459.3,0.0,36.19,236.7,0.0,0.462,35.58,28.0,0.0,0.415
Kenya,2011,139.0,779.0,56043.0,25.8,512.2,0.0,36.98,99.2,0.0,0.41,35.32,46.6,0.0,0.406
Kenya,2012,130.0,1128.0,86769.0,25.65,510.4,0.0,36.75,182.2,0.0,0.436,34.72,45.9,0.0,0.419
Kenya,2013,70.0,396.0,56571.0,25.66,457.4,0.0,37.47,225.3,0.0,0.455,33.74,31.9,0.0,0.419
Kenya,2014,62.0,606.0,97742.0,25.99,395.3,0.0,36.79,132.0,0.0,0.424,36.03,47.7,0.0,0.407
Kenya,2015,56.0,589.0,105179.0,26.03,560.9,0.0,37.3,224.0,0.0,0.445,35.51,27.2,0.0,0.42
Kenya,2016,82.0,623.0,75976.0,25.96,469.6,0.0,38.28,196.9,0.0,0.448,34.77,23.1,0.0,0.421
Kenya,2017,74.0,300.0,40541.0,26.25,441.8,0.0,38.23,136.2,0.0,0.421,35.38,34.8,0.0,0.412
Kenya,2018,238.0,426.0,17899.0,24.98,890.6,0.0,34.87,609.5,0.0,0.575,33.26,40.6,0.0,0.503
Kenya,2019,108.0,702.0,65000.0,26.18,738.3,0.0,38.35,81.4,0.0,0.411,36.03,33.0,0.0,0.406
Kyrgyzstan,2005,24500.0,107400.0,43837.0,0.95,299.6,225.0,17.25,127.9,70.0,0.583,23.83,91.8,3.0,0.539
Kyrgyzstan,2006,24500.0,136400.0,55673.0,1.75,212.7,229.0,20.53,76.1,70.0,0.555,28.06,28.4,6.0,0.481
Kyrgyzstan,2007,24500.0,122000.0,49796.0,2.03,206.8,219.0,20.71,80.6,57.0,0.502,25.95,76.6,1.0,0.483
Kyrgyzstan,2008,20800.0,90900.0,43702.0,1.66,194.6,225.0,21.29,48.1,64.0,0.494,28.11,45.2,0.0,0.465
Kyrgyzstan,2009,20900.0,113500.0,54306.0,0.65,349.9,241.0,18.02,139.4,80.0,0.561,24.26,112.1,6.0,0.564
Kyrgyzstan,2010,23200.0,111000.0,47845.0,1.27,356.2,239.0,15.48,113.2,77.0,0.619,25.36,81.1,1.0,0.554
Kyrgyzstan,2011,23100.0,127700.0,55281.0,0.84,309.4,225.0,22.23,117.0,65.0,0.587,27.49,52.7,4.0,0.518
Kyrgyzstan,2012,24500.0,137000.0,55918.0,0.01,233.9,229.0,18.13,85.4,66.0,0.565,25.23,60.8,1.0,0.518
Kyrgyzstan,2013,26000.0,143000.0,55000.0,1.85,241.4,223.0,19.91,94.7,74.0,0.522,29.18,92.5,3.0,0.506
Kyrgyzstan,2014,26600.0,145000.0,54511.0,1.25,144.3,228.0,20.59,13.4,71.0,0.464,27.17,48.6,3.0,0.468
Kyrgyzstan,2015,26500.0,128000.0,48302.0,1.65,276.4,229.0,19.03,92.5,69.0,0.545,28.75,82.0,1.0,0.509
Kyrgyzstan,2016,27796.0,139901.0,50331.0,1.91,377.9,219.0,16.48,115.7,66.0,0.538,26.21,151.5,2.0,0.56
Kyrgyzstan,2017,27061.0,150801.0,55726.0,1.25,294.5,220.0,21.53,98.4,63.0,0.604,27.09,93.7,2.0,0.544
Kyrgyzstan,2018,27188.0,148456.0,54604.0,1.78,199.9,229.0,21.56,78.5,75.0,0.524,26.6,62.7,1.0,0.493
Kyrgyzstan,2019,27437.0,151207.0,55111.0,1.17,457.6,230.0,18.48,145.4,68.0,0.577,25.86,190.5,6.0,0.628
Latvia,2005,8515.0,37524.0,44068.0,5.65,723.8,145.0,23.06,172.7,47.0,0.846,26.19,259.9,0.0,0.704
Latvia,2006,9446.0,33898.0,35886.0,6.07,659.9,133.0,19.58,123.5,53.0,0.738,28.63,190.0,0.0,0.601
Latvia,2007,7369.0,30542.0,41447.0,6.96,856.3,117.0,25.41,132.7,34.0,0.738,27.37,264.8,0.0,0.635
Latvia,2008,5138.0,28859.0,56168.0,7.18,824.6,107.0,19.44,157.4,25.0,0.808,24.37,253.9,0.0,0.651
Latvia,2009,4138.0,12828.0,31000.0,5.93,826.9,140.0,22.7,100.9,40.0,0.771,27.01,289.1,0.0,0.678
Latvia,2010,3257.0,10325.0,31701.0,4.97,875.0,137.0,23.3,181.2,34.0,0.81,29.21,296.9,0.0,0.702
Latvia,2011,3379.0,7501.0,22199.0,6.57,723.9,124.0,23.47,126.4,42.0,0.807,27.89,254.9,0.0,0.673
Latvia,2012,3136.0,9449.0,30131.0,5.33,930.1,134.0,23.0,193.9,40.0,0.796,28.56,292.4,0.0,0.713
Latvia,2013,2762.0,14751.0,53407.0,6.14,643.8,130.0,25.67,139.8,49.0,0.809,28.03,161.1,0.0,0.664
Latvia,2014,2653.0,9623.0,36272.0,6.73,748.5,137.0,24.96,147.4,35.0,0.723,29.59,262.5,0.0,0.633
Latvia,2015,2417.0,7815.0,32333.0,7.2,681.3,106.0,18.42,201.4,26.0,0.777,27.97,143.7,0.0,0.653
Latvia,2016,2458.0,9854.0,40090.0,6.74,775.6,138.0,24.38,144.0,33.0,0.734,28.83,268.4,0.0,0.63
Latvia,2017,3331.0,7464.0,22408.0,6.37,809.1,143.0,23.35,135.5,47.0,0.73,26.73,194.6,0.0,0.625
Latvia,2018,3200.0,13900.0,43438.0,7.05,509.1,133.0,25.91,100.2,38.0,0.773,28.77,144.0,0.0,0.584
Latvia,2019,3440.0,10390.0,30203.0,7.68,686.3,116.0,25.1,127.9,36.0,0.649,28.08,166.0,0.0,0.53
Lebanon,2005,9400.0,114800.0,122128.0,18.55,397.5,0.0,29.83,48.3,0.0,0.663,33.82,1.0,0.0,0.531
Lebanon,2006,9880.0,121500.0,122976.0,18.42,413.7,0.0,31.59,87.1,0.0,0.666,34.44,2.8,0.0,0.531
Lebanon,2007,10100.0,125200.0,123960.0,18.77,450.1,0.0,33.23,69.8,0.0,0.711,38.15,0.6,0.0,0.534
Lebanon,2008,10100.0,125200.0,123960.0,19.08,268.6,0.0,34.6,15.5,0.0,0.62,34.98,2.8,0.0,0.53
Lebanon,2009,11800.0,138100.0,117034.0,19.03,485.0,0.0,30.93,73.1,0.0,0.67,32.96,0.8,0.0,0.531
Lebanon,2010,12425.0,154429.0,124289.0,20.33,337.1,0.0,33.84,10.1,0.0,0.653,37.4,2.0,0.0,0.53
Lebanon,2011,10671.0,135807.0,127267.0,18.26,479.2,0.0,28.78,133.5,0.0,0.735,32.57,2.9,0.0,0.538
Lebanon,2012,9923.0,125714.0,126690.0,19.09,576.3,0.0,29.14,66.2,0.0,0.721,37.29,4.4,0.0,0.532
Lebanon,2013,9996.0,126485.0,126536.0,18.91,341.1,0.0,32.63,60.8,0.0,0.677,33.12,0.0,0.0,0.531
Lebanon,2014,12001.0,180565.0,150458.0,19.2,248.0,0.0,31.37,57.2,0.0,0.555,36.11,3.3,0.0,0.53
Lebanon,2015,12646.0,210424.0,166396.0,19.08,470.6,0.0,35.06,82.4,0.0,0.712,36.36,5.2,0.0,0.533
Lebanon,2016,16573.0,344469.0,207850.0,19.42,539.9,0.0,31.7,94.8,0.0,0.66,34.43,0.0,0.0,0.531
Lebanon,2017,16641.0,316155.0,189986.0,19.27,219.4,0.0,32.19,46.5,0.0,0.65,37.41,0.0,0.0,0.53
Lebanon,2018,13826.0,239001.0,172863.0,19.85,611.1,0.0,33.4,55.8,0.0,0.654,34.07,18.9,0.0,0.533
Lebanon,2019,13506.0,216861.0,160566.0,19.21,738.8,0.0,34.36,123.6,0.0,0.79,35.15,6.8,0.0,0.536
Libya,2005,547.0,19396.0,354589.0,22.66,24.4,0.0,43.12,0.6,0.0,0.329,43.55,10.3,0.0,0.327
Libya,2006,500.0,20000.0,400000.0,22.52,18.6,0.0,41.88,1.3,0.0,0.33,44.58,0.4,0.0,0.325
Libya,2007,500.0,20000.0,400000.0,22.78,15.8,0.0,42.66,5.9,0.0,0.33,43.71,0.3,0.0,0.324
Libya,2008,500.0,20000.0,400000.0,22.84,29.1,0.0,41.47,6.8,0.0,0.33,46.53,0.0,0.0,0.324
Libya,2009,500.0,20000.0,400000.0,22.98,14.7,0.0,40.43,1.9,0.0,0.33,43.71,0.0,0.0,0.321
Libya,2010,550.0,22000.0,400000.0,24.3,5.5,0.0,43.93,1.0,0.0,0.33,46.19,0.0,0.0,0.322
Libya,2011,580.0,20500.0,353448.0,22.36,50.9,0.0,41.49,3.4,0.0,0.332,44.58,0.0,0.0,0.324
Libya,2012,580.0,20500.0,353448.0,22.37,42.8,1.0,42.37,7.0,0.0,0.33,42.76,1.6,0.0,0.328
Libya,2013,580.0,20500.0,353448.0,22.73,27.4,0.0,45.06,10.2,0.0,0.331,43.16,0.1,0.0,0.322
Libya,2014,420.0,17460.0,415714.0,22.96,9.7,0.0,44.18,5.3,0.0,0.33,44.62,0.0,0.0,0.321
Libya,2015,327.0,14129.0,432080.0,22.29,33.1,2.0,43.03,0.8,0.0,0.33,44.59,1.3,0.0,0.322
Libya,2016,222.0,9414.0,424054.0,23.29,12.2,0.0,43.32,3.1,0.0,0.328,44.52,0.9,0.0,0.323
Libya,2017,206.0,8487.0,411990.0,22.02,21.6,0.0,40.51,2.3,0.0,0.33,42.86,8.5,0.0,0.326
Libya,2018,203.0,8457.0,416601.0,23.68,32.6,0.0,44.58,0.2,0.0,0.33,46.16,1.0,0.0,0.324
Libya,2019,201.0,8428.0,419303.0,22.72,15.5,1.0,42.76,8.7,0.0,0.33,44.87,3.2,0.0,0.325
Lithuania,2005,20786.0,96533.0,46441.0,6.01,783.5,149.0,28.01,232.9,45.0,0.814,29.08,284.0,0.0,0.745
Lithuania,2006,14856.0,99481.0,66964.0,6.35,703.5,129.0,22.09,130.1,49.0,0.765,31.56,256.9,0.0,0.668
Lithuania,2007,13312.0,40619.0,30513.0,7.14,879.4,122.0,27.92,166.6,33.0,0.798,31.41,327.4,0.0,0.732
Lithuania,2008,11655.0,74251.0,63707.0,7.46,727.6,111.0,22.26,157.8,21.0,0.844,26.66,209.2,0.0,0.708
Lithuania,2009,11553.0,53259.0,46100.0,6.14,798.9,147.0,23.51,138.3,41.0,0.765,27.65,288.2,0.0,0.708
Lithuania,2010,12122.0,34020.0,28065.0,5.39,876.6,143.0,24.67,200.9,32.0,0.8,30.68,364.9,0.0,0.757
Lithuania,2011,12669.0,49099.0,38755.0,6.87,716.4,130.0,25.56,145.9,37.0,0.842,28.58,310.7,0.0,0.75
Lithuania,2012,14389.0,72497.0,50384.0,6.04,871.7,135.0,28.06,167.7,39.0,0.804,30.81,309.2,0.0,0.746
Lithuania,2013,14219.0,62586.0,44016.0,6.47,719.8,138.0,26.11,162.7,45.0,0.841,30.28,215.6,0.0,0.744
Lithuania,2014,13826.0,60177.0,43525.0,7.07,646.6,138.0,27.5,141.6,33.0,0.781,32.41,249.5,0.0,0.692
Lithuania,2015,13242.0,73583.0,55568.0,7.55,662.9,118.0,21.6,182.3,27.0,0.749,32.88,133.3,0.0,0.642
Lithuania,2016,12253.0,65579.0,53521.0,7.0,913.8,139.0,26.69,167.1,34.0,0.738,31.43,337.0,0.0,0.683
Lithuania,2017,12374.0,87367.0,70605.0,6.71,952.8,141.0,24.6,160.4,41.0,0.818,29.65,309.7,0.0,0.737
Lithuania,2018,10130.0,80680.0,79645.0,7.29,670.9,130.0,28.11,117.7,35.0,0.884,31.4,261.3,0.0,0.727
Lithuania,2019,10180.0,32070.0,31503.0,7.93,618.7,124.0,25.01,116.6,38.0,0.777,31.29,181.8,0.0,0.648
Luxembourg,2005,1020.0,3815.0,37402.0,8.46,721.5,98.0,26.8,193.3,19.0,0.793,29.44,178.1,0.0,0.522
Luxembourg,2006,1020.0,9080.0,89020.0,8.82,813.4,102.0,21.61,256.0,30.0,0.764,33.67,226.5,0.0,0.538
Luxembourg,2007,233.0,2233.0,95837.0,8.85,1023.0,70.0,24.59,185.3,15.0,0.786,26.74,362.8,0.0,0.613
Luxembourg,2008,240.0,3079.0,128292.0,8.12,915.8,96.0,23.14,278.0,22.0,0.858,28.0,232.2,0.0,0.601
Luxembourg,2009,241.0,2340.0,97095.0,8.28,909.0,98.0,25.32,206.9,20.0,0.814,30.55,248.0,0.0,0.571
Luxembourg,2010,242.0,2406.0,99421.0,7.01,874.4,125.0,22.86,176.6,29.0,0.825,32.97,261.2,0.0,0.549
Luxembourg,2011,242.0,2130.0,88017.0,9.01,722.8,75.0,26.15,83.2,14.0,0.736,31.91,244.6,0.0,0.498
Luxembourg,2012,242.0,1816.0,75041.0,8.05,956.2,80.0,23.76,180.0,15.0,0.79,32.19,307.6,0.0,0.639
Luxembourg,2013,242.0,1926.0,79587.0,7.62,840.1,117.0,20.71,231.6,36.0,0.84,29.55,192.3,0.0,0.631
Luxembourg,2014,242.0,2615.0,108058.0,9.49,810.1,61.0,22.97,106.1,15.0,0.706,30.55,308.7,0.0,0.52
Luxembourg,2015,261.0,2419.0,92682.0,8.86,788.5,91.0,21.57,142.0,26.0,0.805,33.56,207.2,0.0,0.504
Luxembourg,2016,261.0,1510.0,57854.0,8.39,929.8,91.0,21.4,268.3,30.0,0.852,30.93,294.1,0.0,0.739
Luxembourg,2017,267.0,983.0,36816.0,8.88,764.8,94.0,28.16,118.7,19.0,0.686,31.88,231.9,0.0,0.486
Luxembourg,2018,270.0,2080.0,77037.0,9.88,683.5,79.0,24.46,190.7,21.0,0.794,34.94,126.7,0.0,0.506
Luxembourg,2019,270.0,1930.0,71481.0,9.44,724.9,89.0,20.87,193.8,15.0,0.745,38.62,124.6,0.0,0.472
Madagascar,2005,4391.0,6934.0,15791.0,17.59,2377.3,0.0,26.93,502.3,0.0,0.915,24.03,156.8,0.0,0.794
Madagascar,2006,4400.0,7000.0,15909.0,17.8,1453.2,0.0,27.38,324.1,0.0,0.829,24.39,129.5,0.0,0.731
Madagascar,2007,4500.0,7100.0,15778.0,17.75,2177.4,0.0,26.9,211.0,0.0,0.843,24.7,70.1,0.0,0.723
Madagascar,2008,4483.0,7034.0,15690.0,17.87,1414.0,0.0,26.33,165.0,0.0,0.778,24.94,46.9,0.0,0.674
Madagascar,2009,4497.0,7039.0,15653.0,18.0,1897.9,0.0,26.56,471.7,0.0,0.831,23.92,118.9,0.0,0.743
Madagascar,2010,4506.0,7037.0,15617.0,18.09,1442.4,0.0,26.81,409.9,0.0,0.853,23.4,118.6,0.0,0.737
Madagascar,2011,4514.0,7030.0,15574.0,18.15,1870.1,0.0,26.08,550.0,0.0,0.887,24.32,42.8,0.0,0.77
Madagascar,2012,4550.0,7000.0,15385.0,17.74,2208.3,0.0,26.79,627.7,0.0,0.942,24.35,114.0,0.0,0.809
Madagascar,2013,4550.0,6900.0,15165.0,17.68,2197.1,0.0,26.43,455.3,0.0,0.908,23.7,49.3,0.0,0.747
Madagascar,2014,4534.0,6971.0,15375.0,17.82,1667.8,0.0,26.84,163.1,0.0,0.849,24.94,111.2,0.0,0.73
Madagascar,2015,4595.0,7119.0,15493.0,18.12,1972.4,0.0,26.37,284.4,0.0,0.874,24.58,55.6,0.0,0.715
Madagascar,2016,4593.0,7102.0,15463.0,18.07,1427.0,0.0,27.64,426.1,0.0,0.832,24.68,54.7,0.0,0.715
Madagascar,2017,4607.0,7113.0,15440.0,18.54,2064.4,0.0,27.66,408.2,0.0,0.758,25.47,92.6,0.0,0.651
Madagascar,2018,4621.0,7125.0,15419.0,18.04,1651.9,0.0,26.63,251.2,0.0,0.866,26.07,27.0,0.0,0.72
Madagascar,2019,4635.0,7137.0,15398.0,18.76,1838.6,0.0,27.23,432.8,0.0,0.809,26.01,41.4,0.0,0.696
Malawi,2014,800.0,3203.0,40038.0,26.61,1216.1,0.0,30.7,172.8,0.0,0.759,31.84,2.7,0.0,0.572
Malawi,2015,800.0,3308.0,41350.0,26.76,672.4,0.0,30.46,122.6,0.0,0.675,30.82,0.6,0.0,0.57
Malawi,2016,800.0,3313.0,41413.0,26.86,836.5,0.0,31.72,172.7,0.0,0.711,32.57,3.7,0.0,0.572
Malawi,2017,800.0,3447.0,43088.0,26.52,981.9,0.0,30.34,197.5,0.0,0.725,30.77,3.4,0.0,0.572
Malawi,2018,700.0,2639.0,37700.0,26.24,1087.0,0.0,30.23,245.3,0.0,0.765,30.96,6.7,0.0,0.574
Malawi,2019,743.0,2978.0,40081.0,26.53,1250.7,0.0,31.26,247.8,0.0,0.766,31.15,1.1,0.0,0.574
Malta,2005,16.0,66.0,41250.0,19.08,611.4,0.0,22.19,74.4,0.0,0.826,30.82,21.5,0.0,0.603
Malta,2006,20.0,102.0,51000.0,19.72,647.0,0.0,24.34,32.5,0.0,0.792,30.42,39.6,0.0,0.599
Malta,2007,15.0,63.0,42000.0,19.96,640.2,0.0,23.93,163.8,0.0,0.794,29.19,58.5,0.0,0.616
Malta,2008,15.0,57.0,38000.0,19.98,515.8,0.0,22.74,78.9,0.0,0.773,29.98,14.6,0.0,0.595
Malta,2009,15.0,57.0,38000.0,19.7,718.2,0.0,23.32,122.2,0.0,0.835,29.96,4.7,0.0,0.602
Malta,2010,14.0,51.0,36429.0,19.67,716.1,0.0,21.66,148.6,0.0,0.817,30.99,7.7,0.0,0.599
Malta,2011,11.0,42.0,38182.0,19.65,903.7,0.0,21.21,183.5,0.0,0.863,30.11,8.1,0.0,0.625
Malta,2012,7.0,27.0,38571.0,20.15,636.2,0.0,22.12,113.3,0.0,0.847,32.16,4.2,0.0,0.597
Malta,2013,9.0,35.0,38889.0,19.83,510.2,0.0,20.46,121.9,0.0,0.764,31.0,24.6,0.0,0.597
Malta,2014,11.0,39.0,35455.0,19.95,494.2,0.0,20.82,83.0,0.0,0.755,28.6,6.6,0.0,0.593
Malta,2015,8.0,28.0,35000.0,20.05,648.2,0.0,23.01,148.5,0.0,0.813,30.94,62.1,0.0,0.616
Malta,2016,4.0,16.0,40000.0,19.95,483.0,0.0,21.56,72.0,0.0,0.662,28.35,56.8,0.0,0.599
Malta,2017,6.0,21.0,35000.0,19.89,406.4,0.0,21.93,46.2,0.0,0.742,31.46,10.1,0.0,0.592
Malta,2018,,20.0,,20.12,646.3,0.0,23.86,59.3,0.0,0.692,29.18,96.0,0.0,0.606
Malta,2019,,10.0,,19.98,497.5,0.0,20.3,88.4,0.0,0.734,30.12,15.7,0.0,0.597
Mexico,2005,59543.0,583994.0,98079.0,17.41,320.0,2.0,33.53,17.3,0.0,0.366,35.82,177.7,0.0,0.388
Mexico,2006,57777.0,601915.0,104179.0,17.33,538.4,10.0,33.44,27.2,0.0,0.343,33.48,284.9,0.0,0.439
Mexico,2007,56072.0,505078.0,90077.0,17.13,430.6,2.0,32.95,25.5,0.0,0.351,34.21,325.6,0.0,0.489
Mexico,2008,55286.0,511988.0,92607.0,16.81,477.3,12.0,34.84,33.6,3.0,0.343,35.14,276.6,0.0,0.412
Mexico,2009,56992.0,561493.0,98521.0,17.59,398.2,4.0,34.42,57.4,0.0,0.347,32.95,179.0,0.0,0.392
Mexico,2010,57742.0,584655.0,101253.0,16.46,379.7,21.0,35.16,12.9,4.0,0.379,35.09,196.0,0.0,0.427
Mexico,2011,56845.0,630533.0,110921.0,18.18,206.8,5.0,35.74,2.1,0.0,0.34,35.41,113.0,0.0,0.367
Mexico,2012,58451.0,375045.0,64164.0,17.9,254.6,2.0,35.54,19.2,0.0,0.343,33.79,132.0,0.0,0.371
Mexico,2013,59199.0,858608.0,145038.0,17.34,482.0,7.0,34.08,8.3,2.0,0.34,34.08,215.0,0.0,0.413
Mexico,2014,55447.0,716865.0,129288.0,17.15,423.6,8.0,32.28,30.5,0.0,0.347,33.39,208.2,0.0,0.42
Mexico,2015,55121.0,750325.0,136123.0,16.99,649.3,2.0,31.96,143.8,0.0,0.432,32.22,261.0,0.0,0.487
Mexico,2016,54248.0,716931.0,132158.0,17.2,443.0,12.0,34.4,42.0,0.0,0.35,33.21,234.2,0.0,0.4
Mexico,2017,53619.0,714149.0,133190.0,17.76,428.5,5.0,35.08,45.3,0.0,0.346,34.57,236.6,0.0,0.402
Mexico,2018,52389.0,659692.0,125922.0,17.48,536.5,10.0,36.96,41.5,0.0,0.362,35.59,198.0,0.0,0.424
Mexico,2019,52981.0,761483.0,143728.0,18.51,352.9,4.0,34.34,22.0,0.0,0.343,33.28,176.3,0.0,0.38
Montenegro,2006,91.0,2114.0,232308.0,8.79,1395.1,105.0,26.19,388.1,22.0,0.951,34.03,307.4,0.0,0.656
Montenegro,2007,83.0,1907.0,229759.0,10.27,1341.8,92.0,23.8,286.5,12.0,0.893,37.16,85.6,0.0,0.555
Montenegro,2008,85.0,1797.0,211412.0,10.01,1449.4,76.0,26.35,433.9,13.0,0.939,34.41,133.2,0.0,0.589
Montenegro,2009,92.0,2877.0,312717.0,9.89,1866.5,84.0,24.5,260.3,21.0,0.893,32.1,260.1,0.0,0.647
Montenegro,2010,100.0,2116.0,211600.0,9.7,2096.2,81.0,21.16,389.1,17.0,0.943,32.67,115.2,0.0,0.617
Montenegro,2011,162.0,2651.0,163642.0,10.03,855.4,99.0,21.34,235.9,24.0,0.897,35.31,83.0,0.0,0.563
Montenegro,2012,167.0,2027.0,121377.0,10.16,1412.9,104.0,23.05,392.6,24.0,0.927,36.29,49.9,0.0,0.573
Montenegro,2013,171.0,2518.0,147251.0,10.25,1561.9,87.0,24.62,613.2,14.0,0.934,34.75,127.7,0.0,0.622
Montenegro,2014,132.0,2656.0,201212.0,10.11,1451.9,57.0,22.78,265.7,15.0,0.892,29.13,283.2,0.0,0.687
Montenegro,2015,139.0,2817.0,202662.0,10.47,1019.1,95.0,24.47,243.3,30.0,0.899,35.24,115.0,0.0,0.537
Montenegro,2016,151.0,1638.0,108477.0,9.97,1557.6,84.0,23.19,467.7,15.0,0.94,30.28,203.0,0.0,0.669
Montenegro,2017,209.0,1347.0,64450.0,10.18,1197.3,95.0,21.69,225.8,19.0,0.877,36.45,79.2,0.0,0.53
Montenegro,2018,214.0,1688.0,78879.0,10.83,1417.6,82.0,23.65,475.8,9.0,0.906,31.42,165.1,0.0,0.591
Montenegro,2019,220.0,1490.0,67727.0,10.57,1385.3,78.0,21.54,324.3,12.0,0.895,34.71,150.9,0.0,0.645
Morocco,2005,25600.0,308500.0,120508.0,18.52,297.4,8.0,39.32,32.5,0.0,0.522,44.01,39.4,0.0,0.457
Morocco,2006,25000.0,374000.0,149600.0,18.25,402.7,7.0,37.03,81.6,1.0,0.615,42.46,21.1,0.0,0.461
Morocco,2007,25936.0,426816.0,164565.0,17.77,418.5,2.0,34.57,159.5,0.0,0.541,42.44,11.0,0.0,0.467
Morocco,2008,26752.0,404310.0,151133.0,17.7,464.9,4.0,33.3,25.8,0.0,0.535,42.28,11.6,0.0,0.453
Morocco,2009,27334.0,422572.0,154596.0,18.35,449.1,4.0,35.33,81.7,0.0,0.65,43.12,29.5,0.0,0.461
Morocco,2010,27314.0,444861.0,162869.0,18.66,516.2,2.0,34.23,93.2,0.0,0.685,42.78,17.8,0.0,0.461
Morocco,2011,30073.0,512407.0,170388.0,18.24,545.8,4.0,31.8,261.4,2.0,0.622,43.74,25.3,0.0,0.486
Morocco,2012,31651.0,485642.0,153437.0,18.15,436.0,7.0,36.27,126.0,0.0,0.575,43.37,7.5,0.0,0.455
Morocco,2013,41771.0,583230.0,139626.0,18.01,302.6,0.0,33.75,156.3,0.0,0.61,43.09,6.0,0.0,0.459
Morocco,2014,43940.0,536199.0,122030.0,18.17,506.4,0.0,38.25,82.2,0.0,0.539,42.15,17.4,0.0,0.453
Morocco,2015,45207.0,674153.0,149126.0,18.53,206.9,2.0,38.01,62.8,0.0,0.567,42.14,52.4,0.0,0.461
Morocco,2016,48671.0,406379.0,83495.0,18.88,277.5,1.0,36.59,79.6,0.0,0.482,43.23,13.9,0.0,0.454
Morocco,2017,49498.0,820547.0,165774.0,19.84,169.8,4.0,38.36,25.3,0.0,0.512,43.28,11.8,0.0,0.452
Morocco,2018,50589.0,696950.0,137767.0,17.17,473.7,9.0,29.73,129.6,2.0,0.578,42.44,21.3,0.0,0.465
Morocco,2019,49731.0,809762.0,162828.0,18.76,240.5,2.0,37.36,105.0,0.0,0.517,42.03,22.4,0.0,0.454
Nepal,2005,3660.0,35130.0,95984.0,4.56,840.8,191.0,17.29,53.7,57.0,0.497,19.8,538.2,0.0,0.627
Nepal,2006,3757.0,33336.0,88730.0,5.5,844.8,180.0,16.91,149.5,52.0,0.48,19.94,519.0,0.0,0.685
Nepal,2007,3856.0,34546.0,89590.0,5.14,937.4,159.0,15.59,105.1,39.0,0.531,18.77,576.5,0.0,0.655
Nepal,2008,4003.0,36396.0,90922.0,5.08,1044.1,167.0,15.37,106.9,49.0,0.475,16.96,746.9,0.0,0.764
Nepal,2009,4240.0,39134.0,92297.0,5.52,692.4,172.0,18.48,113.0,41.0,0.456,18.4,484.0,0.0,0.601
Nepal,2010,4510.0,41754.0,92581.0,5.84,784.0,147.0,18.44,34.5,30.0,0.42,18.66,505.4,0.0,0.545
Nepal,2011,5048.0,42704.0,84596.0,5.12,861.8,175.0,15.97,135.0,51.0,0.492,18.06,594.7,0.0,0.695
Nepal,2012,5674.0,48946.0,86264.0,4.7,935.0,194.0,18.38,36.0,56.0,0.457,19.68,525.1,0.0,0.59
Nepal,2013,5063.0,42814.0,84563.0,4.95,1327.3,170.0,18.96,152.4,50.0,0.522,19.01,826.0,0.0,0.793
Nepal,2014,5141.0,35921.0,69872.0,4.99,1444.7,171.0,17.13,144.9,49.0,0.547,18.27,963.4,0.0,0.787
Nepal,2015,5600.0,43502.0,77682.0,4.56,1812.0,171.0,15.41,341.7,50.0,0.658,18.14,1173.9,0.0,0.863
Nepal,2016,5625.0,41011.0,72908.0,5.68,1684.4,148.0,18.03,209.7,37.0,0.531,16.91,1008.1,0.0,0.855
Nepal,2017,3707.0,19850.0,53547.0,5.21,1673.7,171.0,14.62,436.0,54.0,0.636,17.56,842.8,0.0,0.849
Nepal,2018,4133.0,28895.0,69913.0,4.96,1352.9,182.0,15.85,456.9,52.0,0.598,16.9,822.4,0.0,0.899
Nepal,2019,4349.0,31386.0,72168.0,4.49,1748.4,161.0,14.72,337.5,50.0,0.604,16.99,849.5,0.0,0.867
Netherlands,2005,9737.0,359000.0,368697.0,10.3,770.8,50.0,28.91,184.0,10.0,0.635,31.24,219.3,0.0,0.507
Netherlands,2006,9562.0,365000.0,381719.0,10.67,778.0,69.0,24.83,204.7,24.0,0.6,32.88,233.0,0.0,0.469
Netherlands,2007,9400.0,391000.0,415957.0,10.78,901.8,30.0,26.53,169.9,2.0,0.648,28.9,288.5,0.0,0.545
Netherlands,2008,9300.0,375000.0,403226.0,10.1,826.0,46.0,25.45,195.2,9.0,0.651,28.84,248.4,0.0,0.518
Netherlands,2009,9129.0,407000.0,445832.0,10.05,761.0,64.0,24.39,139.6,4.0,0.636,31.14,178.0,0.0,0.479
Netherlands,2010,8681.0,334000.0,384748.0,8.48,808.1,99.0,22.94,134.8,13.0,0.646,31.74,254.1,0.0,0.483
Netherlands,2011,8266.0,418000.0,505686.0,10.39,781.8,46.0,25.69,57.7,12.0,0.635,29.77,316.2,0.0,0.509
Netherlands,2012,7948.0,281000.0,353548.0,9.81,891.3,39.0,27.65,156.0,2.0,0.634,31.02,273.8,0.0,0.539
Netherlands,2013,7906.0,314000.0,397167.0,9.21,659.3,83.0,21.88,148.0,34.0,0.681,31.64,149.0,0.0,0.53
Netherlands,2014,7849.0,353000.0,449739.0,11.19,742.8,20.0,24.8,139.9,2.0,0.572,31.82,261.4,0.0,0.475
Netherlands,2015,7600.0,336000.0,442105.0,10.28,848.0,44.0,23.38,130.7,9.0,0.628,30.93,240.3,0.0,0.471
Netherlands,2016,7335.0,317000.0,432175.0,10.2,781.3,56.0,24.85,179.0,14.0,0.694,31.04,238.8,0.0,0.573
Netherlands,2017,6953.0,227000.0,326478.0,10.51,867.1,44.0,28.68,131.6,3.0,0.612,30.01,246.4,0.0,0.477
Netherlands,2018,6600.0,269100.0,407727.0,10.93,658.2,55.0,27.5,207.7,11.0,0.673,33.53,117.2,0.0,0.473
Netherlands,2019,6420.0,273000.0,425234.0,10.96,794.1,42.0,23.8,149.7,6.0,0.564,35.75,184.8,0.0,0.43
New Zealand,2005,10982.0,524000.0,477144.0,12.92,706.9,0.0,21.73,248.0,0.0,0.538,13.82,153.8,0.0,0.705
New Zealand,2006,9720.0,354000.0,364198.0,12.15,1027.4,0.0,20.2,225.7,0.0,0.522,14.63,383.1,0.0,0.814
New Zealand,2007,9247.0,421000.0,455283.0,12.44,676.9,0.0,23.31,119.8,0.0,0.468,15.04,252.8,0.0,0.654
New Zealand,2008,8832.0,446000.0,504982.0,12.69,913.6,0.0,23.48,226.1,0.0,0.517,15.62,389.9,0.0,0.773
New Zealand,2009,9284.0,431000.0,464240.0,11.74,875.7,0.0,21.47,178.2,0.0,0.524,15.05,205.4,0.0,0.703
New Zealand,2010,9380.0,444154.0,473512.0,12.38,960.9,0.0,23.1,180.8,0.0,0.471,14.64,334.8,0.0,0.805
New Zealand,2011,8995.0,439418.0,488514.0,12.34,981.8,0.0,20.38,302.6,0.0,0.575,15.71,238.7,0.0,0.803
New Zealand,2012,8845.0,437107.0,494185.0,12.09,836.2,0.0,18.77,207.2,0.0,0.557,14.6,291.4,0.0,0.738
New Zealand,2013,8884.0,444178.0,499975.0,12.98,960.7,0.0,22.6,239.9,0.0,0.532,14.63,290.5,0.0,0.806
New Zealand,2014,8417.0,490000.0,582155.0,12.42,823.8,0.0,21.69,238.5,0.0,0.53,14.54,198.5,0.0,0.735
New Zealand,2015,9999.0,540000.0,540054.0,12.43,910.9,0.0,22.62,356.1,0.0,0.578,15.86,297.9,0.0,0.864
New Zealand,2016,10129.0,550000.0,542995.0,13.12,1025.9,0.0,23.43,248.4,0.0,0.497,15.6,265.0,0.0,0.777
New Zealand,2017,8615.0,470000.0,545560.0,12.72,1084.2,0.0,22.74,372.3,0.0,0.693,14.46,318.3,0.0,0.877
New Zealand,2018,8594.0,480000.0,558529.0,13.21,1176.5,0.0,22.77,299.6,0.0,0.623,13.84,319.5,0.0,0.852
New Zealand,2019,9760.0,553606.0,567219.0,13.02,933.1,0.0,22.24,253.0,0.0,0.539,15.56,288.7,0.0,0.767
North Macedonia,2005,9781.0,86217.0,88147.0,10.92,637.1,106.0,26.66,132.4,19.0,0.576,38.51,152.4,0.0,0.362
North Macedonia,2006,10841.0,95826.0,88392.0,11.27,631.4,95.0,31.26,144.7,16.0,0.596,39.36,200.9,0.0,0.38
North Macedonia,2007,14000.0,152089.0,108635.0,12.62,640.6,82.0,30.12,151.1,7.0,0.451,42.18,139.0,0.0,0.359
North Macedonia,2008,15000.0,174315.0,116210.0,12.32,571.6,78.0,33.39,160.5,9.0,0.511,38.31,126.9,0.0,0.346
North Macedonia,2009,11952.0,106356.0,88986.0,11.81,810.7,82.0,27.8,207.6,22.0,0.602,39.5,192.2,0.0,0.393
North Macedonia,2010,13650.0,121383.0,88925.0,11.92,823.4,83.0,26.31,178.2,15.0,0.664,37.98,138.2,0.0,0.379
North Macedonia,2011,13164.0,124552.0,94616.0,11.69,435.8,100.0,25.3,138.2,15.0,0.561,37.92,100.4,0.0,0.357
North Macedonia,2012,13465.0,127171.0,94446.0,12.53,614.4,102.0,28.07,203.0,21.0,0.491,40.99,82.1,0.0,0.344
North Macedonia,2013,11926.0,112929.0,94691.0,12.51,607.5,89.0,27.98,175.3,11.0,0.616,37.86,121.1,0.0,0.359
North Macedonia,2014,10957.0,95684.0,87327.0,12.23,877.8,61.0,25.96,244.4,7.0,0.491,36.36,194.7,0.0,0.389
North Macedonia,2015,15451.0,136931.0,88623.0,12.23,682.0,91.0,29.24,160.8,25.0,0.69,38.59,109.6,0.0,0.364
North Macedonia,2016,11097.0,101088.0,91095.0,12.4,616.7,83.0,29.92,201.5,8.0,0.532,37.38,118.2,0.0,0.353
North Macedonia,2017,4762.0,43366.0,91067.0,12.51,533.8,88.0,29.26,140.1,10.0,0.436,40.25,86.9,0.0,0.342
North Macedonia,2018,15408.0,140296.0,91054.0,12.87,582.1,82.0,27.86,168.3,7.0,0.61,35.29,178.2,0.0,0.381
North Macedonia,2019,9744.0,88701.0,91031.0,13.24,518.1,71.0,26.54,138.2,9.0,0.452,38.11,101.2,0.0,0.347
Northern Africa,2005,101656.0,1205858.0,118621.0,22.66,24.4,0.0,43.12,0.6,0.0,0.329,43.55,10.3,0.0,0.327
Northern Africa,2006,104668.0,1367572.0,130658.0,22.52,18.6,0.0,41.88,1.3,0.0,0.33,44.58,0.4,0.0,0.325
Northern Africa,2007,107480.0,1295770.0,120559.0,22.78,15.8,0.0,42.66,5.9,0.0,0.33,43.71,0.3,0.0,0.324
Northern Africa,2008,107941.0,1346020.0,124700.0,22.84,29.1,0.0,41.47,6.8,0.0,0.33,46.53,0.0,0.0,0.324
Northern Africa,2009,108719.0,1328874.0,122230.0,22.98,14.7,0.0,40.43,1.9,0.0,0.33,43.71,0.0,0.0,0.321
Northern Africa,2010,127665.0,1464617.0,114723.0,24.3,5.5,0.0,43.93,1.0,0.0,0.33,46.19,0.0,0.0,0.322
Northern Africa,2011,129026.0,1520829.0,117870.0,22.36,50.9,0.0,41.49,3.4,0.0,0.332,44.58,0.0,0.0,0.324
Northern Africa,2012,124294.0,1555910.0,125180.0,22.37,42.8,1.0,42.37,7.0,0.0,0.33,42.76,1.6,0.0,0.328
Northern Africa,2013,136282.0,1809280.0,132760.0,22.73,27.4,0.0,45.06,10.2,0.0,0.331,43.16,0.1,0.0,0.322
Northern Africa,2014,130345.0,1761599.0,135149.0,22.96,9.7,0.0,44.18,5.3,0.0,0.33,44.62,0.0,0.0,0.321
Northern Africa,2015,134080.0,1925523.0,143610.0,22.29,33.1,2.0,43.03,0.8,0.0,0.33,44.59,1.3,0.0,0.322
Northern Africa,2016,150035.0,1797494.0,119805.0,23.29,12.2,0.0,43.32,3.1,0.0,0.328,44.52,0.9,0.0,0.323
Northern Africa,2017,141428.0,2137844.0,151161.0,22.02,21.6,0.0,40.51,2.3,0.0,0.33,42.86,8.5,0.0,0.326
Northern Africa,2018,138990.0,2021322.0,145429.0,23.68,32.6,0.0,44.58,0.2,0.0,0.33,46.16,1.0,0.0,0.324
Northern Africa,2019,133087.0,2223659.0,167083.0,22.72,15.5,1.0,42.76,8.7,0.0,0.33,44.87,3.2,0.0,0.325
Northern America,2005,168968.0,4799277.0,284035.0,0.83,742.0,206.0,23.04,132.9,63.0,0.51,31.36,341.3,0.0,0.418
Northern America,2006,165544.0,4858592.0,293492.0,1.18,659.4,199.0,26.32,180.9,53.0,0.561,32.02,199.1,0.0,0.412
Northern America,2007,160312.0,4569250.0,285022.0,-0.31,630.8,191.0,21.64,130.7,54.0,0.5,34.93,271.7,0.0,0.388
Northern America,2008,158959.0,4791913.0,301456.0,-1.01,512.9,211.0,20.83,102.4,73.0,0.479,33.36,204.9,0.0,0.366
Northern America,2009,156723.0,4829758.0,308172.0,-0.49,531.6,225.0,21.58,111.6,77.0,0.442,29.85,229.9,2.0,0.386
Northern America,2010,152462.0,4581315.0,300489.0,1.08,660.7,198.0,25.73,200.3,57.0,0.452,28.42,273.5,0.0,0.416
Northern America,2011,150404.0,4701833.0,312614.0,0.68,659.6,211.0,25.34,86.9,70.0,0.443,30.05,375.9,1.0,0.42
Northern America,2012,147562.0,4361605.0,295578.0,0.4,674.2,205.0,22.48,133.6,59.0,0.466,34.98,278.2,0.0,0.377
Northern America,2013,146699.0,5158895.0,351665.0,-1.06,553.2,210.0,22.22,64.2,67.0,0.483,29.87,311.4,0.0,0.414
Northern America,2014,144637.0,5768579.0,398831.0,-1.55,624.4,215.0,26.93,166.2,70.0,0.426,30.71,293.9,1.0,0.433
Northern America,2015,146767.0,4905298.0,334223.0,1.23,532.2,204.0,26.97,107.2,68.0,0.422,32.06,199.5,0.0,0.341
Northern America,2016,148933.0,5632029.0,378159.0,1.37,610.3,205.0,27.87,131.4,60.0,0.484,29.14,248.9,0.0,0.367
Northern America,2017,148432.0,5642752.0,380157.0,0.58,654.3,206.0,21.5,235.6,64.0,0.561,30.84,210.3,0.0,0.442
Northern America,2018,133340.0,5047768.0,378564.0,-1.34,666.3,222.0,29.22,125.8,58.0,0.421,34.63,298.8,0.0,0.4
Northern America,2019,134094.0,5375609.0,400884.0,-1.23,591.0,216.0,24.71,115.8,67.0,0.505,30.93,305.4,0.0,0.42
Northern Europe,2005,50322.0,445148.0,88460.0,6.76,566.8,130.0,16.97,76.3,42.0,0.548,29.02,213.9,0.0,0.39
Northern Europe,2006,51033.0,497653.0,97516.0,7.05,646.0,117.0,16.85,153.0,42.0,0.577,27.79,168.8,0.0,0.385
Northern Europe,2007,45779.0,400735.0,87537.0,7.0,655.1,107.0,18.89,106.2,22.0,0.617,25.28,201.9,0.0,0.395
Northern Europe,2008,42218.0,436015.0,103277.0,7.39,743.8,90.0,20.7,135.7,27.0,0.662,27.37,217.8,0.0,0.394
Northern Europe,2009,41404.0,379995.0,91777.0,6.47,734.2,116.0,21.94,121.2,37.0,0.701,24.36,317.2,0.0,0.501
Northern Europe,2010,40233.0,366321.0,91050.0,4.93,634.8,155.0,18.73,157.5,44.0,0.631,27.56,193.9,0.0,0.428
Northern Europe,2011,40519.0,379729.0,93716.0,7.17,585.8,110.0,20.29,92.9,30.0,0.583,26.07,172.6,0.0,0.375
Northern Europe,2012,42160.0,357355.0,84762.0,6.0,947.6,123.0,21.69,190.9,27.0,0.641,23.37,303.2,0.0,0.493
Northern Europe,2013,41548.0,568706.0,136879.0,6.61,558.9,119.0,18.28,90.8,42.0,0.743,25.24,149.0,0.0,0.434
Northern Europe,2014,40804.0,621591.0,152336.0,7.46,584.8,87.0,20.44,148.9,24.0,0.617,28.45,148.5,0.0,0.385
Northern Europe,2015,39723.0,640322.0,161197.0,7.38,703.6,82.0,14.46,150.8,18.0,0.604,26.28,206.2,0.0,0.439
Northern Europe,2016,39304.0,665503.0,169322.0,6.79,582.0,116.0,20.82,93.6,28.0,0.573,27.61,245.4,0.0,0.383
Northern Europe,2017,40272.0,717196.0,178088.0,6.69,635.2,116.0,22.55,95.9,37.0,0.509,23.1,179.0,0.0,0.358
Northern Europe,2018,35978.0,707298.0,196592.0,7.52,466.7,124.0,24.09,93.2,42.0,0.705,30.39,106.8,0.0,0.351
Northern Europe,2019,35889.0,591693.0,164868.0,7.22,762.5,97.0,18.77,172.0,30.0,0.593,28.14,163.9,0.0,0.387
Norway,2005,1695.0,10928.0,64472.0,1.21,917.7,225.0,11.73,184.7,84.0,0.715,23.54,413.0,5.0,0.706
Norway,2006,1645.0,14960.0,90942.0,1.15,1047.4,213.0,17.27,245.3,78.0,0.732,23.74,299.5,3.0,0.664
Norway,2007,1652.0,10919.0,66096.0,0.72,958.7,244.0,15.44,128.1,81.0,0.754,22.7,508.9,5.0,0.746
Norway,2008,1682.0,16717.0,99388.0,0.54,1021.1,226.0,21.03,264.6,77.0,0.739,26.64,341.8,3.0,0.697
Norway,2009,1704.0,13581.0,79701.0,-0.2,984.7,233.0,18.81,169.2,74.0,0.74,25.27,408.1,5.0,0.698
Norway,2010,1428.0,11491.0,80469.0,-1.93,820.4,241.0,17.57,153.6,82.0,0.735,20.71,383.5,3.0,0.71
Norway,2011,1401.0,8469.0,60450.0,1.14,1136.2,214.0,15.34,150.1,72.0,0.704,20.62,603.3,1.0,0.774
Norway,2012,1396.0,10976.0,78625.0,-0.6,1056.2,248.0,20.56,203.8,81.0,0.757,19.05,449.6,6.0,0.737
Norway,2013,1402.0,9769.0,69679.0,-0.28,996.3,223.0,18.33,290.7,73.0,0.74,21.93,360.9,2.0,0.768
Norway,2014,1373.0,13322.0,97028.0,1.26,1009.0,217.0,16.76,165.2,73.0,0.771,25.0,334.4,1.0,0.682
Norway,2015,1373.0,10800.0,78660.0,0.76,874.9,238.0,10.45,177.6,87.0,0.756,22.45,272.5,12.0,0.671
Norway,2016,1368.0,12522.0,91535.0,0.63,877.3,225.0,19.74,200.9,75.0,0.748,22.11,368.8,0.0,0.697
Norway,2017,1378.0,12664.0,91901.0,0.53,1017.9,218.0,19.22,183.1,73.0,0.708,19.79,358.1,3.0,0.683
Norway,2018,1451.0,14878.0,102536.0,0.74,873.4,213.0,21.91,148.8,62.0,0.761,24.71,270.9,0.0,0.626
Norway,2019,1489.0,15593.0,104721.0,0.62,1110.2,229.0,16.7,254.1,73.0,0.734,23.51,406.1,1.0,0.722
Oceania,2005,31482.0,976650.0,310225.0,25.78,260.2,0.0,41.86,1.8,0.0,0.424,33.26,70.3,0.0,0.459
Oceania,2006,29720.0,655251.0,220475.0,25.4,174.5,0.0,39.47,77.2,0.0,0.44,34.01,12.4,0.0,0.432
Oceania,2007,29247.0,798980.0,273184.0,24.99,273.0,0.0,43.28,26.7,0.0,0.432,30.87,40.5,0.0,0.446
Oceania,2008,25273.0,711481.0,281518.0,25.18,106.8,0.0,39.83,1.0,0.0,0.422,35.77,7.7,0.0,0.428
Oceania,2009,31284.0,726134.0,232110.0,24.52,375.5,0.0,39.77,9.4,0.0,0.445,38.02,0.0,0.0,0.427
Oceania,2010,26172.0,708555.0,270730.0,23.2,473.1,0.0,37.2,74.9,0.0,0.465,35.35,20.9,0.0,0.443
Oceania,2011,27785.0,739196.0,266041.0,23.58,457.1,0.0,36.38,135.6,0.0,0.496,30.31,30.4,0.0,0.448
Oceania,2012,26901.0,726171.0,269942.0,24.32,278.8,0.0,38.97,84.8,0.0,0.457,34.09,31.6,0.0,0.442
Oceania,2013,26899.0,733056.0,272522.0,26.23,104.2,0.0,39.82,39.0,0.0,0.431,35.69,0.0,0.0,0.427
Oceania,2014,25121.0,756771.0,301250.0,25.32,230.7,0.0,39.25,15.3,0.0,0.447,29.67,8.6,0.0,0.43
Oceania,2015,28507.0,835196.0,292979.0,25.35,115.2,0.0,44.45,6.5,0.0,0.423,35.75,3.4,0.0,0.427
Oceania,2016,29462.0,858298.0,291324.0,25.87,148.7,0.0,42.12,17.8,0.0,0.426,35.27,29.9,0.0,0.436
Oceania,2017,28283.0,783730.0,277103.0,26.46,73.5,0.0,42.01,9.1,0.0,0.423,33.67,3.2,0.0,0.423
Oceania,2018,25412.0,748355.0,294489.0,25.88,98.8,0.0,39.39,75.0,0.0,0.446,34.34,3.2,0.0,0.426
Oceania,2019,26372.0,818756.0,310464.0,25.37,111.0,0.0,43.31,44.4,0.0,0.437,31.78,1.0,0.0,0.427
Pakistan,2005,112000.0,351232.0,31360.0,18.73,176.3,42.0,35.81,66.8,0.0,0.478,42.79,65.0,0.0,0.461
Pakistan,2006,112600.0,348440.0,30945.0,19.84,206.4,25.0,40.61,25.4,0.0,0.461,42.31,104.1,0.0,0.466
Pakistan,2007,113000.0,441575.0,39077.0,19.29,258.1,40.0,39.18,42.1,5.0,0.488,43.17,142.9,0.0,0.487
Pakistan,2008,113100.0,441062.0,38998.0,19.45,194.7,41.0,39.19,11.7,0.0,0.458,40.47,134.8,0.0,0.473
Pakistan,2009,111597.0,366360.0,32829.0,19.57,128.6,28.0,39.67,27.4,0.0,0.461,41.25,60.1,0.0,0.459
Pakistan,2010,110562.0,525855.0,47562.0,19.89,184.7,30.0,42.0,19.0,0.0,0.459,41.6,120.3,0.0,0.476
Pakistan,2011,110411.0,598804.0,54234.0,19.77,125.5,38.0,40.32,30.1,0.0,0.463,41.68,49.4,0.0,0.458
Pakistan,2012,103830.0,556307.0,53579.0,18.65,135.0,50.0,39.53,21.4,3.0,0.461,41.68,64.0,0.0,0.461
Pakistan,2013,105153.0,606016.0,57632.0,19.28,168.9,37.0,39.61,51.4,0.0,0.473,40.87,67.0,0.0,0.462
Pakistan,2014,100246.0,616748.0,61523.0,19.4,72.5,36.0,39.16,28.9,1.0,0.461,41.66,22.1,0.0,0.458
Pakistan,2015,96928.0,620481.0,64015.0,19.47,142.3,37.0,38.23,44.3,4.0,0.468,41.23,61.3,0.0,0.462
Pakistan,2016,95260.0,669912.0,70325.0,20.64,131.2,16.0,40.26,37.9,0.0,0.462,41.64,85.6,0.0,0.465
Pakistan,2017,88589.0,564693.0,63743.0,19.8,149.5,36.0,40.63,5.7,1.0,0.458,41.92,92.1,0.0,0.465
Pakistan,2018,82041.0,543645.0,66265.0,20.18,114.4,25.0,39.36,15.0,0.0,0.461,42.76,64.2,0.0,0.462
Pakistan,2019,73995.0,499490.0,67503.0,18.69,334.6,48.0,38.41,142.7,0.0,0.519,41.69,120.3,0.0,0.472
Palestine,2005,230.0,970.0,42174.0,19.4,220.1,0.0,35.75,42.9,0.0,0.591,37.73,0.4,0.0,0.529
Palestine,2006,256.0,1063.0,41523.0,19.19,238.2,0.0,37.8,53.5,0.0,0.579,38.05,0.1,0.0,0.529
Palestine,2007,255.0,1062.0,41647.0,19.48,298.0,0.0,38.13,70.8,0.0,0.619,40.08,0.0,0.0,0.526
Palestine,2008,245.0,1269.0,51796.0,19.71,243.0,1.0,38.06,7.2,0.0,0.572,38.71,5.5,0.0,0.526
Palestine,2009,150.0,680.0,45333.0,19.69,321.1,0.0,37.99,58.0,0.0,0.621,38.12,0.0,0.0,0.526
Palestine,2010,100.0,490.0,49000.0,20.92,231.2,0.0,36.23,14.0,0.0,0.602,41.83,0.5,0.0,0.527
Palestine,2011,166.0,833.0,50181.0,19.04,331.8,0.0,34.81,94.7,0.0,0.623,38.41,0.0,0.0,0.531
Palestine,2012,178.0,910.0,51124.0,19.73,329.5,0.0,35.74,48.5,0.0,0.624,40.36,1.2,0.0,0.528
Palestine,2013,194.0,1005.0,51804.0,19.58,342.4,0.0,36.07,36.3,0.0,0.607,39.57,0.0,0.0,0.529
Palestine,2014,230.0,1250.0,54348.0,19.83,286.1,0.0,37.62,90.8,0.0,0.562,39.15,0.1,0.0,0.53
Palestine,2015,150.0,800.0,53333.0,19.6,516.5,0.0,38.85,58.4,0.0,0.667,41.4,0.0,0.0,0.529
Palestine,2016,130.0,860.0,66154.0,20.02,491.6,1.0,39.61,55.5,0.0,0.63,39.3,0.3,0.0,0.53
Palestine,2017,158.0,919.0,58165.0,19.72,199.2,0.0,38.61,27.2,0.0,0.614,39.66,2.6,0.0,0.53
Palestine,2018,165.0,932.0,56485.0,20.41,692.6,0.0,39.41,33.4,0.0,0.635,40.24,18.3,0.0,0.531
Palestine,2019,164.0,937.0,57134.0,19.62,500.9,0.0,40.09,118.1,0.0,0.766,38.85,5.0,0.0,0.536
Paraguay,2005,71.0,560.0,78873.0,24.47,1118.5,0.0,41.68,253.4,0.0,0.519,38.7,103.8,0.0,0.53
Paraguay,2006,76.0,604.0,79474.0,25.21,1184.3,0.0,40.96,292.2,0.0,0.541,39.83,122.4,0.0,0.504
Paraguay,2007,81.0,650.0,80247.0,24.28,1115.1,0.0,38.83,338.6,0.0,0.582,38.79,34.8,0.0,0.498
Paraguay,2008,84.0,669.0,79643.0,23.84,1259.5,0.0,35.41,237.7,0.0,0.587,37.81,135.0,0.0,0.525
Paraguay,2009,85.0,685.0,80588.0,24.76,1195.9,1.0,40.53,212.6,0.0,0.495,37.17,145.7,1.0,0.57
Paraguay,2010,86.0,690.0,80233.0,23.11,1276.8,0.0,37.93,355.2,0.0,0.599,36.66,79.4,0.0,0.564
Paraguay,2011,88.0,697.0,79205.0,23.89,1263.5,0.0,34.25,300.1,0.0,0.606,37.93,111.5,0.0,0.527
Paraguay,2012,90.0,705.0,78333.0,23.9,1500.7,1.0,34.09,548.9,0.0,0.747,34.3,104.9,1.0,0.685
Paraguay,2013,89.0,710.0,79775.0,23.75,1314.4,1.0,40.46,441.4,0.0,0.621,35.69,157.8,1.0,0.639
Paraguay,2014,89.0,714.0,80225.0,24.33,1353.1,0.0,36.33,565.5,0.0,0.649,33.39,247.2,0.0,0.788
Paraguay,2015,76.0,614.0,80789.0,24.65,1651.5,0.0,38.93,388.6,0.0,0.562,38.39,177.7,0.0,0.666
Paraguay,2016,68.0,547.0,80441.0,23.32,1323.1,0.0,36.51,364.9,0.0,0.612,38.23,62.2,0.0,0.555
Paraguay,2017,61.0,489.0,80164.0,25.28,1177.0,0.0,39.2,395.6,0.0,0.604,39.57,71.9,0.0,0.537
Paraguay,2018,55.0,444.0,80727.0,23.83,1479.8,0.0,37.39,350.6,0.0,0.589,39.15,55.2,0.0,0.523
Paraguay,2019,51.0,415.0,81373.0,24.29,1391.9,0.0,37.2,685.1,0.0,0.778,36.5,54.0,0.0,0.701
Peru,2005,10460.0,139332.0,133205.0,26.68,1388.3,0.0,33.0,342.9,0.0,0.711,37.6,130.8,0.0,0.612
Peru,2006,10066.0,136399.0,135505.0,25.9,1584.2,0.0,30.63,312.4,0.0,0.806,37.31,154.6,0.0,0.634
Peru,2007,10063.0,136744.0,135888.0,26.87,1085.5,0.0,33.32,366.0,0.0,0.686,37.43,82.9,0.0,0.606
Peru,2008,9736.0,135209.0,138875.0,25.94,1443.6,0.0,31.29,377.5,0.0,0.732,37.18,203.9,0.0,0.647
Peru,2009,9610.0,137208.0,142776.0,27.08,1147.2,0.0,31.41,479.8,0.0,0.702,37.93,43.1,0.0,0.611
Peru,2010,9535.0,143861.0,150877.0,28.16,815.6,0.0,35.46,239.6,0.0,0.657,38.05,71.2,0.0,0.597
Peru,2011,9715.0,149561.0,153949.0,25.95,1430.9,0.0,33.72,282.6,0.0,0.673,37.69,156.9,0.0,0.636
Peru,2012,9483.0,146774.0,154776.0,26.54,1109.6,0.0,33.88,310.3,0.0,0.687,36.94,97.5,0.0,0.609
Peru,2013,9442.0,156350.0,165590.0,26.08,1485.5,0.0,33.37,340.7,0.0,0.677,36.5,198.5,0.0,0.634
Peru,2014,9661.0,159879.0,165489.0,26.72,1377.6,0.0,36.09,312.6,0.0,0.656,37.35,137.1,0.0,0.616
Peru,2015,9744.0,159550.0,163742.0,26.62,1456.4,0.0,30.7,381.1,0.0,0.737,37.46,213.9,0.0,0.65
Peru,2016,9759.0,158098.0,162002.0,26.56,1869.6,0.0,30.76,387.3,0.0,0.873,36.4,179.5,0.0,0.655
Peru,2017,9701.0,149787.0,154404.0,25.13,2522.5,0.0,29.58,624.6,0.0,0.927,34.48,191.2,0.0,0.774
Peru,2018,8580.0,140569.0,163833.0,25.21,1913.0,0.0,29.44,657.8,0.0,0.95,31.55,311.8,0.0,0.778
Peru,2019,7821.0,142284.0,181926.0,26.51,1522.2,0.0,32.08,404.2,0.0,0.704,37.03,221.6,0.0,0.638
Poland,2005,169650.0,2074951.0,122308.0,8.46,550.1,129.0,31.14,161.3,35.0,0.484,35.6,121.1,0.0,0.301
Poland,2006,161989.0,2304892.0,142287.0,8.63,508.1,108.0,24.44,113.3,30.0,0.489,35.71,181.9,0.0,0.301
Poland,2007,175595.0,1039967.0,59225.0,9.44,649.9,96.0,29.02,134.1,14.0,0.495,35.33,236.2,0.0,0.32
Poland,2008,171963.0,2830658.0,164609.0,9.59,557.4,89.0,24.41,145.6,16.0,0.475,31.46,153.4,0.0,0.284
Poland,2009,173607.0,2626273.0,151277.0,8.58,639.5,120.0,25.78,124.2,28.0,0.446,33.13,249.8,0.0,0.336
Poland,2010,170443.0,1877906.0,110178.0,6.78,887.8,127.0,24.3,272.6,21.0,0.543,32.93,290.8,0.0,0.43
Poland,2011,183526.0,2493078.0,135843.0,8.74,540.8,117.0,28.58,99.8,25.0,0.538,32.47,282.3,0.0,0.351
Poland,2012,194680.0,2877336.0,147798.0,8.71,532.2,111.0,29.43,85.4,25.0,0.403,35.64,186.9,0.0,0.282
Poland,2013,193439.0,3085074.0,159486.0,8.18,672.8,130.0,26.15,209.4,43.0,0.513,36.82,237.2,0.0,0.4
Poland,2014,176335.0,3195299.0,181206.0,9.71,623.9,98.0,28.29,173.2,15.0,0.412,32.12,210.6,0.0,0.312
Poland,2015,180399.0,3168818.0,175656.0,9.89,424.8,97.0,24.27,125.6,24.0,0.439,37.61,99.7,0.0,0.271
Poland,2016,177203.0,3604271.0,203398.0,9.19,665.8,114.0,27.71,113.3,25.0,0.455,33.65,197.3,0.0,0.301
Poland,2017,176352.0,2441393.0,138439.0,8.59,741.6,110.0,26.59,165.5,20.0,0.554,34.76,188.6,0.0,0.338
Poland,2018,166150.0,3999520.0,240717.0,9.95,515.9,116.0,29.59,104.2,31.0,0.52,33.23,180.1,0.0,0.293
Poland,2019,166440.0,3080600.0,185088.0,10.42,472.7,93.0,26.36,125.6,18.0,0.455,36.48,122.0,0.0,0.271
Portugal,2005,16840.0,250543.0,148779.0,15.84,387.6,24.0,33.3,94.3,6.0,0.49,42.54,6.8,0.0,0.394
Portugal,2006,15700.0,256618.0,163451.0,16.2,750.0,17.0,36.2,151.3,1.0,0.608,39.84,60.7,0.0,0.436
Portugal,2007,14558.0,245471.0,168616.0,15.27,422.2,10.0,32.22,104.0,0.0,0.658,40.19,71.1,0.0,0.489
Portugal,2008,13757.0,237011.0,172284.0,15.3,560.3,0.0,30.44,221.7,0.0,0.54,38.84,12.0,0.0,0.443
Portugal,2009,12565.0,263146.0,209428.0,16.18,733.6,10.0,35.71,78.1,0.0,0.567,40.31,41.5,0.0,0.425
Portugal,2010,12450.0,212902.0,171006.0,15.48,968.3,21.0,33.02,211.2,3.0,0.788,40.23,31.2,0.0,0.515
Portugal,2011,12539.0,247229.0,197168.0,15.94,720.9,8.0,31.78,219.4,0.0,0.735,38.06,16.1,0.0,0.516
Portugal,2012,12903.0,220761.0,171093.0,15.15,586.2,15.0,33.52,152.2,0.0,0.542,40.39,17.7,0.0,0.429
Portugal,2013,13661.0,287314.0,210317.0,15.29,691.8,12.0,29.07,304.3,2.0,0.774,40.7,19.5,0.0,0.508
Portugal,2014,13847.0,273721.0,197675.0,15.76,691.9,3.0,31.01,107.4,0.0,0.573,36.89,45.7,0.0,0.436
Portugal,2015,14006.0,324994.0,232039.0,16.07,465.6,11.0,34.1,85.0,0.0,0.558,39.41,21.6,0.0,0.412
Portugal,2016,14399.0,241611.0,167797.0,15.67,926.5,2.0,29.08,315.6,0.0,0.755,40.0,21.8,0.0,0.548
Portugal,2017,14786.0,329371.0,222759.0,16.45,424.0,14.0,33.31,142.0,0.0,0.63,41.73,18.2,0.0,0.44
Portugal,2018,14580.0,263960.0,181043.0,15.62,905.6,9.0,29.26,438.6,1.0,0.714,42.7,41.8,0.0,0.534
Portugal,2019,14580.0,355700.0,243964.0,15.94,675.4,4.0,34.6,158.7,0.0,0.586,39.98,35.4,0.0,0.432
Republic of Korea,2005,26907.0,367517.0,136588.0,9.96,1344.9,134.0,27.57,179.7,32.0,0.613,32.66,902.3,0.0,0.73
Republic of Korea,2006,28312.0,407621.0,143975.0,10.59,1288.0,129.0,26.74,249.9,34.0,0.632,31.54,831.6,0.0,0.761
Republic of Korea,2007,29358.0,435686.0,148405.0,11.18,1490.4,117.0,26.53,237.6,20.0,0.597,32.38,692.1,0.0,0.613
Republic of Korea,2008,30006.0,470865.0,156924.0,10.79,894.6,119.0,30.06,157.8,22.0,0.57,31.97,595.8,0.0,0.601
Republic of Korea,2009,30451.0,494491.0,162389.0,10.86,1145.3,124.0,28.45,211.0,28.0,0.505,32.16,730.2,0.0,0.693
Republic of Korea,2010,30992.0,460285.0,148517.0,10.23,1481.1,147.0,27.09,289.4,40.0,0.678,31.17,791.5,0.0,0.647
Republic of Korea,2011,31167.0,379541.0,121777.0,9.89,1678.0,134.0,25.56,253.7,35.0,0.646,30.42,1119.8,0.0,0.817
Republic of Korea,2012,30734.0,394596.0,128391.0,9.86,1401.7,143.0,27.89,199.5,33.0,0.648,32.71,801.9,0.0,0.598
Republic of Korea,2013,30449.0,493701.0,162140.0,10.47,991.6,143.0,28.08,257.1,37.0,0.745,32.65,485.3,0.0,0.607
Republic of Korea,2014,30702.0,474712.0,154619.0,10.97,1157.8,116.0,33.54,192.0,21.0,0.493,33.48,609.2,0.0,0.547
Republic of Korea,2015,31620.0,582846.0,184328.0,11.47,883.4,114.0,29.12,204.0,22.0,0.658,35.65,334.9,0.0,0.482
Republic of Korea,2016,33300.0,576369.0,173084.0,11.25,1207.5,121.0,27.05,305.8,19.0,0.629,34.4,418.8,0.0,0.558
Republic of Korea,2017,33601.0,545349.0,162301.0,10.78,949.8,137.0,30.42,122.5,26.0,0.556,34.24,600.0,0.0,0.548
Republic of Korea,2018,33234.0,475303.0,143017.0,11.08,1361.0,121.0,28.32,339.2,19.0,0.614,37.53,630.3,0.0,0.531
Republic of Korea,2019,32954.0,535324.0,162446.0,11.34,1068.1,122.0,30.07,172.9,26.0,0.596,33.27,442.1,0.0,0.519
Republic of Moldova,2005,64477.0,278421.0,43181.0,9.35,669.0,133.0,30.09,201.4,33.0,0.607,37.2,255.2,0.0,0.485
Republic of Moldova,2006,63627.0,202790.0,31872.0,9.17,583.1,123.0,30.49,233.5,28.0,0.596,34.56,220.8,0.0,0.469
Republic of Moldova,2007,62693.0,218189.0,34803.0,11.22,490.5,117.0,34.94,88.2,18.0,0.477,39.93,127.6,0.0,0.374
Republic of Moldova,2008,61069.0,255086.0,41770.0,10.41,614.2,107.0,28.38,173.5,15.0,0.546,37.05,222.0,0.0,0.441
Republic of Moldova,2009,58413.0,209594.0,35881.0,10.33,477.0,106.0,28.5,97.5,27.0,0.569,37.83,141.7,0.0,0.414
Republic of Moldova,2010,57355.0,207903.0,36248.0,9.43,725.3,115.0,25.12,138.1,20.0,0.578,37.84,258.1,0.0,0.472
Republic of Moldova,2011,55790.0,268842.0,48188.0,9.61,418.4,138.0,29.31,119.4,26.0,0.564,35.86,177.8,0.0,0.433
Republic of Moldova,2012,55638.0,281849.0,50658.0,10.2,527.5,132.0,31.02,138.8,28.0,0.491,39.71,93.5,0.0,0.384
Republic of Moldova,2013,53849.0,307246.0,57057.0,9.88,588.8,121.0,28.91,148.9,28.0,0.594,34.06,251.7,0.0,0.463
Republic of Moldova,2014,44459.0,370024.0,83228.0,10.06,589.5,120.0,31.3,184.2,14.0,0.497,36.28,171.3,0.0,0.435
Republic of Moldova,2015,54552.0,307660.0,56398.0,11.2,412.3,117.0,29.47,113.1,22.0,0.565,38.13,97.0,0.0,0.386
Republic of Moldova,2016,52454.0,411768.0,78501.0,10.56,675.5,127.0,28.37,163.2,14.0,0.511,35.78,203.6,0.0,0.451
Republic of Moldova,2017,52737.0,487161.0,92376.0,10.34,580.6,105.0,27.39,176.7,15.0,0.598,38.65,158.7,0.0,0.43
Republic of Moldova,2018,51135.0,665184.0,130084.0,10.21,589.5,121.0,31.11,125.7,20.0,0.6,33.59,239.4,0.0,0.456
Republic of Moldova,2019,51130.0,610921.0,119484.0,11.47,472.2,108.0,28.15,143.2,20.0,0.528,36.84,144.6,0.0,0.432
Romania,2005,81672.0,637979.0,78115.0,7.74,930.6,148.0,26.2,233.4,32.0,0.792,31.31,402.8,0.0,0.67
Romania,2006,59298.0,590413.0,99567.0,8.18,759.2,125.0,27.56,226.9,25.0,0.788,32.58,355.3,0.0,0.634
Romania,2007,59017.0,475370.0,80548.0,9.6,770.7,125.0,28.92,165.5,24.0,0.633,38.21,263.3,0.0,0.529
Romania,2008,54704.0,459016.0,83909.0,9.09,798.1,117.0,25.21,233.3,20.0,0.769,33.49,299.0,0.0,0.603
Romania,2009,52637.0,517491.0,98313.0,9.25,754.7,117.0,27.28,153.6,29.0,0.726,31.03,312.5,0.0,0.584
Romania,2010,56373.0,552860.0,98072.0,8.45,977.7,113.0,23.95,231.0,20.0,0.806,31.26,412.3,0.0,0.715
Romania,2011,52722.0,620362.0,117667.0,8.54,595.1,148.0,25.47,154.9,25.0,0.744,32.45,303.3,0.0,0.597
Romania,2012,55366.0,462935.0,83614.0,9.26,678.3,131.0,27.58,227.2,30.0,0.657,37.82,169.4,0.0,0.531
Romania,2013,60276.0,513580.0,85205.0,9.13,703.9,126.0,26.93,200.1,25.0,0.709,34.37,286.2,0.0,0.583
Romania,2014,56130.0,513195.0,91430.0,9.78,756.9,110.0,24.69,246.1,14.0,0.641,32.86,293.8,0.0,0.6
Romania,2015,55883.0,476059.0,85189.0,9.86,615.1,132.0,27.87,163.2,35.0,0.672,34.13,212.9,0.0,0.535
Romania,2016,55528.0,467259.0,84148.0,9.2,773.7,127.0,26.12,236.6,19.0,0.665,31.9,268.2,0.0,0.593
Romania,2017,55597.0,348656.0,62711.0,9.27,681.4,116.0,25.04,181.2,22.0,0.66,36.19,247.3,0.0,0.557
Romania,2018,53940.0,634770.0,117681.0,9.93,732.8,125.0,28.37,147.7,23.0,0.724,29.88,360.1,0.0,0.618
Romania,2019,52740.0,492700.0,93421.0,10.4,648.0,112.0,24.96,212.8,24.0,0.655,34.31,215.4,0.0,0.568
Russian Federation,2005,401000.0,1786000.0,44539.0,-6.32,600.5,233.0,22.47,101.3,75.0,0.787,30.35,272.3,0.0,0.732
Russian Federation,2006,373800.0,1626000.0,43499.0,-7.97,461.2,253.0,18.17,130.6,84.0,0.754,29.67,150.3,4.0,0.615
Russian Federation,2007,364000.0,2342000.0,64341.0,-5.47,622.2,251.0,17.52,144.4,84.0,0.605,25.43,261.6,2.0,0.638
Russian Federation,2008,199500.0,1122400.0,56261.0,-6.46,686.1,246.0,16.29,94.1,82.0,0.674,27.46,377.7,0.0,0.699
Russian Federation,2009,196600.0,1441200.0,73306.0,-8.67,481.4,242.0,16.86,121.2,86.0,0.858,28.61,199.8,0.0,0.727
Russian Federation,2010,192000.0,992000.0,51667.0,-9.29,565.2,253.0,16.52,95.7,83.0,0.654,27.16,281.9,0.0,0.643
Russian Federation,2011,188000.0,1198000.0,63723.0,-4.94,507.0,230.0,21.87,115.0,76.0,0.616,31.11,231.6,0.0,0.524
Russian Federation,2012,182000.0,1403000.0,77088.0,-7.71,448.7,240.0,16.01,115.0,85.0,0.576,31.7,147.3,0.0,0.527
Russian Federation,2013,188000.0,1573000.0,83670.0,-6.46,520.1,251.0,15.25,118.5,82.0,0.587,29.63,182.2,0.0,0.543
Russian Federation,2014,183000.0,1624000.0,88743.0,-7.14,527.3,253.0,18.33,135.6,82.0,0.643,29.99,184.3,2.0,0.602
Russian Federation,2015,188000.0,1612700.0,85782.0,-5.59,520.9,250.0,18.29,119.0,81.0,0.622,28.68,198.4,0.0,0.585
Russian Federation,2016,197329.0,1701100.0,86206.0,-5.99,346.4,250.0,15.93,107.3,90.0,0.594,31.03,129.2,1.0,0.5
Russian Federation,2017,171008.0,1493600.0,87341.0,-5.67,561.1,259.0,18.92,172.9,85.0,0.529,29.88,200.3,3.0,0.54
Russian Federation,2018,206429.0,1859400.0,90075.0,-6.56,533.8,243.0,20.58,146.3,83.0,0.571,29.1,228.7,0.0,0.568
Russian Federation,2019,210822.0,1950800.0,92533.0,-5.48,487.0,245.0,18.77,119.3,82.0,0.623,33.93,141.1,0.0,0.544
Réunion,2005,6.0,54.0,90000.0,21.3,1075.3,0.0,27.73,391.3,0.0,0.695,22.62,144.8,0.0,0.569
Réunion,2006,7.0,70.0,100000.0,21.18,1052.9,0.0,26.56,396.3,0.0,0.665,23.31,123.0,0.0,0.569
Saint Vincent and the Grenadines,2005,310.0,1250.0,40323.0,27.83,1537.0,0.0,29.81,172.6,0.0,0.476,29.78,565.7,0.0,0.737
Saint Vincent and the Grenadines,2006,320.0,1250.0,39063.0,27.58,1177.9,0.0,28.69,117.9,0.0,0.465,29.52,422.8,0.0,0.557
Saint Vincent and the Grenadines,2007,320.0,1300.0,40625.0,27.48,1013.1,0.0,28.77,137.1,0.0,0.46,28.88,361.4,0.0,0.51
Saint Vincent and the Grenadines,2008,350.0,1400.0,40000.0,27.23,1382.2,0.0,28.07,154.9,0.0,0.474,29.36,364.5,0.0,0.54
Saint Vincent and the Grenadines,2009,360.0,1637.0,45472.0,27.39,1287.1,0.0,28.09,256.8,0.0,0.543,29.38,461.4,0.0,0.617
Saint Vincent and the Grenadines,2010,200.0,1058.0,52900.0,28.0,1928.2,0.0,29.26,296.4,0.0,0.474,30.07,671.6,0.0,0.742
Saint Vincent and the Grenadines,2011,251.0,1210.0,48207.0,27.57,1951.8,0.0,29.03,446.0,0.0,0.641,29.28,617.4,0.0,0.749
Saint Vincent and the Grenadines,2012,230.0,1196.0,52000.0,27.44,1434.7,0.0,28.45,375.7,0.0,0.569,29.23,395.1,0.0,0.599
Saint Vincent and the Grenadines,2013,225.0,1149.0,51067.0,27.44,1483.1,0.0,28.32,331.5,0.0,0.52,29.17,429.0,0.0,0.636
Saint Vincent and the Grenadines,2014,192.0,990.0,51563.0,27.18,1177.3,0.0,28.06,105.2,0.0,0.463,28.73,355.7,0.0,0.501
Saint Vincent and the Grenadines,2015,193.0,1021.0,52902.0,27.35,468.3,0.0,28.17,54.0,0.0,0.39,29.19,123.0,0.0,0.393
Saint Vincent and the Grenadines,2016,196.0,1046.0,53367.0,27.69,650.8,0.0,28.55,91.4,0.0,0.381,29.57,155.8,0.0,0.44
Saint Vincent and the Grenadines,2017,328.0,1774.0,54085.0,27.61,614.6,0.0,28.67,63.4,0.0,0.383,29.71,220.5,0.0,0.46
Saint Vincent and the Grenadines,2018,332.0,1826.0,55000.0,27.24,477.2,0.0,28.2,81.4,0.0,0.388,28.73,112.0,0.0,0.389
Saint Vincent and the Grenadines,2019,266.0,1482.0,55714.0,27.55,462.5,0.0,28.3,46.6,0.0,0.371,30.02,194.4,0.0,0.429
Serbia,2006,24000.0,240320.0,100133.0,10.32,707.8,105.0,29.51,218.9,22.0,0.682,38.74,248.2,0.0,0.456
Serbia,2007,25000.0,245228.0,98091.0,11.64,745.1,88.0,30.92,186.5,6.0,0.519,43.04,117.6,0.0,0.389
Serbia,2008,23000.0,235601.0,102435.0,11.33,651.9,77.0,31.99,173.9,8.0,0.629,37.8,169.4,0.0,0.406
Serbia,2009,28000.0,281868.0,100667.0,11.04,837.0,90.0,29.37,131.8,18.0,0.606,35.47,249.6,0.0,0.438
Serbia,2010,24000.0,239945.0,99977.0,10.63,831.2,90.0,26.7,234.9,16.0,0.733,36.46,213.9,0.0,0.514
Serbia,2011,26600.0,265576.0,99841.0,10.5,491.6,111.0,26.86,128.8,14.0,0.563,37.9,156.8,0.0,0.402
Serbia,2012,24400.0,243987.0,99995.0,11.12,683.9,108.0,27.48,237.8,21.0,0.567,39.12,82.1,0.0,0.396
Serbia,2013,23737.0,458409.0,193120.0,11.43,633.9,103.0,28.39,235.7,19.0,0.642,38.9,107.0,0.0,0.418
Serbia,2014,23737.0,336313.0,141683.0,11.0,1053.0,69.0,25.44,361.9,5.0,0.551,32.8,309.8,0.0,0.516
Serbia,2015,24703.0,431759.0,174780.0,11.4,699.8,95.0,29.94,231.3,24.0,0.686,36.61,129.4,0.0,0.424
Serbia,2016,24818.0,400473.0,161364.0,10.94,882.4,85.0,27.88,282.4,12.0,0.638,35.46,229.1,0.0,0.462
Serbia,2017,25134.0,378644.0,150650.0,11.19,642.0,93.0,27.51,202.6,11.0,0.547,40.02,122.5,0.0,0.392
Serbia,2018,25917.0,460404.0,177646.0,11.47,828.1,104.0,26.43,229.3,18.0,0.654,32.0,314.2,0.0,0.473
Serbia,2019,26089.0,499578.0,191490.0,12.16,690.1,80.0,26.5,208.8,10.0,0.569,36.79,192.8,0.0,0.44
Slovakia,2005,3198.0,47000.0,146967.0,7.68,841.2,141.0,29.58,187.9,30.0,0.486,33.22,334.6,0.0,0.405
Slovakia,2006,3345.0,30776.0,92006.0,8.18,622.7,125.0,25.59,214.7,30.0,0.518,31.95,255.0,0.0,0.424
Slovakia,2007,3244.0,17724.0,54636.0,9.52,682.9,123.0,29.5,150.1,17.0,0.422,38.1,204.2,0.0,0.325
Slovakia,2008,3426.0,41803.0,122017.0,9.17,771.5,118.0,27.1,187.3,24.0,0.447,31.45,292.7,0.0,0.373
Slovakia,2009,2745.0,37689.0,137301.0,8.9,761.2,122.0,25.89,156.3,27.0,0.49,32.15,226.9,0.0,0.372
Slovakia,2010,2683.0,34215.0,127525.0,7.71,1132.4,126.0,22.81,275.9,27.0,0.54,30.8,382.4,0.0,0.508
Slovakia,2011,2294.0,31355.0,136683.0,8.63,525.0,143.0,25.88,127.8,29.0,0.585,33.04,265.6,0.0,0.441
Slovakia,2012,2908.0,44481.0,152961.0,9.05,591.0,134.0,29.58,82.9,30.0,0.38,35.37,211.3,0.0,0.321
Slovakia,2013,2795.0,45949.0,164397.0,8.69,688.9,131.0,25.83,232.4,34.0,0.544,35.45,137.2,0.0,0.397
Slovakia,2014,2557.0,48494.0,189652.0,9.94,805.4,96.0,26.41,205.3,11.0,0.419,32.32,273.8,0.0,0.366
Slovakia,2015,2376.0,46250.0,194655.0,9.8,631.6,122.0,25.9,161.6,35.0,0.476,35.95,139.6,0.0,0.341
Slovakia,2016,2311.0,20722.0,89667.0,9.04,774.0,137.0,26.03,137.0,28.0,0.496,31.44,263.4,0.0,0.377
Slovakia,2017,2179.0,32478.0,149050.0,8.95,736.2,124.0,27.11,208.8,26.0,0.455,36.31,182.3,0.0,0.342
Slovakia,2018,2140.0,43930.0,205280.0,9.86,677.9,120.0,28.02,153.1,26.0,0.494,32.01,250.9,0.0,0.37
Slovakia,2019,2060.0,35190.0,170825.0,10.01,845.5,104.0,26.15,243.2,20.0,0.425,32.38,218.8,0.0,0.362
Slovenia,2005,3099.0,106196.0,342678.0,8.28,1142.5,126.0,27.9,240.5,25.0,0.739,33.32,420.3,0.0,0.594
Slovenia,2006,3099.0,119176.0,384563.0,9.15,969.7,106.0,24.65,356.5,26.0,0.819,31.85,283.1,0.0,0.608
Slovenia,2007,2874.0,114492.0,398372.0,10.12,1015.6,94.0,27.07,205.5,13.0,0.657,34.97,278.1,0.0,0.503
Slovenia,2008,2874.0,102893.0,358013.0,9.8,1089.7,91.0,27.58,285.1,20.0,0.724,29.54,364.2,0.0,0.587
Slovenia,2009,2722.0,95662.0,351440.0,9.59,1059.6,105.0,27.85,242.4,18.0,0.779,30.87,301.4,0.0,0.586
Slovenia,2010,2765.0,117569.0,425204.0,8.41,1287.2,107.0,24.05,238.9,19.0,0.784,32.73,294.3,0.0,0.573
Slovenia,2011,2734.0,105355.0,385351.0,9.77,769.1,114.0,25.19,181.6,17.0,0.749,34.88,262.6,0.0,0.545
Slovenia,2012,2702.0,55300.0,204663.0,10.07,1036.4,105.0,28.44,215.3,17.0,0.582,36.21,219.0,0.0,0.469
Slovenia,2013,2643.0,92449.0,349788.0,9.2,1056.4,112.0,23.64,348.4,29.0,0.873,35.14,142.6,0.0,0.585
Slovenia,2014,2545.0,99834.0,392275.0,10.27,1346.0,57.0,24.69,211.7,7.0,0.724,31.45,404.1,0.0,0.582
Slovenia,2015,2465.0,115091.0,466901.0,10.09,985.6,100.0,24.56,235.2,26.0,0.782,34.32,264.9,0.0,0.561
Slovenia,2016,2416.0,59573.0,246577.0,9.74,1172.3,101.0,25.09,266.2,19.0,0.782,29.49,310.7,0.0,0.601
Slovenia,2017,2355.0,80000.0,339703.0,10.09,1127.4,95.0,26.89,176.1,11.0,0.686,36.7,214.8,0.0,0.486
Slovenia,2018,2330.0,86590.0,371631.0,10.33,1001.5,99.0,25.62,259.6,19.0,0.843,30.79,281.3,0.0,0.601
Slovenia,2019,2270.0,54270.0,239075.0,10.76,1112.4,83.0,21.76,333.5,11.0,0.652,36.12,250.3,0.0,0.543
South Africa,2005,21326.0,678842.0,318317.0,18.33,170.9,7.0,36.65,64.5,0.0,0.347,29.04,12.4,7.0,0.335
South Africa,2006,20633.0,633495.0,307030.0,17.54,329.4,16.0,33.06,108.9,5.0,0.38,25.54,48.7,11.0,0.397
South Africa,2007,22000.0,708430.0,322014.0,18.18,181.4,28.0,36.87,32.5,6.0,0.332,29.07,13.0,22.0,0.334
South Africa,2008,23000.0,778141.0,338322.0,18.26,274.0,11.0,36.47,102.0,0.0,0.362,27.94,52.6,9.0,0.404
South Africa,2009,21000.0,817698.0,389380.0,18.29,211.4,19.0,34.04,48.8,1.0,0.363,30.45,28.5,18.0,0.356
South Africa,2010,20449.0,724232.0,354165.0,18.96,190.0,13.0,35.88,37.2,1.0,0.336,30.74,2.4,12.0,0.33
South Africa,2011,21919.0,781124.0,356368.0,17.6,250.0,20.0,34.5,98.6,1.0,0.37,29.34,11.7,19.0,0.348
South Africa,2012,22900.0,795758.0,347493.0,17.77,256.6,26.0,37.01,52.0,1.0,0.342,28.62,38.3,24.0,0.355
South Africa,2013,24819.0,903843.0,364174.0,17.81,146.1,22.0,38.41,48.1,0.0,0.346,28.13,14.3,18.0,0.334
South Africa,2014,20829.0,777741.0,373393.0,18.31,205.0,22.0,35.15,60.4,0.0,0.341,26.13,28.0,22.0,0.353
South Africa,2015,24626.0,934375.0,379426.0,18.98,139.6,11.0,37.2,67.7,0.0,0.356,28.92,45.8,11.0,0.351
South Africa,2016,23941.0,916143.0,382667.0,18.64,180.5,12.0,37.84,101.6,0.0,0.358,30.26,14.9,12.0,0.375
South Africa,2017,23948.0,929028.0,387936.0,18.66,159.5,13.0,36.58,33.1,0.0,0.34,29.98,5.8,13.0,0.33
South Africa,2018,21093.0,829636.0,393323.0,18.16,156.9,19.0,37.63,80.3,0.0,0.356,28.25,2.5,16.0,0.352
South Africa,2019,22373.0,891979.0,398685.0,19.2,110.9,9.0,38.25,58.5,0.0,0.348,29.13,2.7,9.0,0.338
South America,2005,132671.0,3599155.0,271284.0,25.25,2427.5,0.0,29.22,652.2,0.0,0.834,36.91,20.6,0.0,0.335
South America,2006,129431.0,3534675.0,273093.0,25.29,1466.3,0.0,29.18,431.1,0.0,0.766,37.99,9.6,0.0,0.336
South America,2007,126954.0,3741999.0,294752.0,25.98,1424.3,0.0,29.63,299.0,0.0,0.681,36.54,107.8,0.0,0.311
South America,2008,122640.0,3775162.0,307825.0,25.5,1884.2,0.0,28.3,404.9,0.0,0.802,38.39,4.1,0.0,0.346
South America,2009,120139.0,3655453.0,304269.0,24.64,2459.5,0.0,28.53,679.1,0.0,0.892,36.65,90.0,0.0,0.468
South America,2010,114417.0,3832843.0,334989.0,26.0,1745.8,0.0,30.19,350.2,0.0,0.747,37.3,13.9,0.0,0.293
South America,2011,128364.0,4313388.0,336028.0,25.13,2337.9,0.0,28.55,547.0,0.0,0.867,38.14,22.1,0.0,0.352
South America,2012,125641.0,4208279.0,334945.0,25.01,2322.3,0.0,28.71,472.2,0.0,0.831,37.59,30.9,0.0,0.362
South America,2013,123830.0,4133700.0,333821.0,25.01,2122.5,0.0,29.35,685.0,0.0,0.871,37.5,12.0,0.0,0.408
South America,2014,115729.0,4036989.0,348831.0,25.68,1863.6,0.0,28.75,582.6,0.0,0.813,38.07,10.4,0.0,0.355
South America,2015,113504.0,3895617.0,343214.0,26.3,1516.1,0.0,28.85,494.4,0.0,0.814,39.59,30.6,0.0,0.373
South America,2016,105337.0,3451650.0,327677.0,26.76,1573.0,0.0,34.57,356.8,0.0,0.514,38.96,40.2,0.0,0.267
South America,2017,103706.0,3725703.0,359256.0,26.11,1597.2,0.0,29.46,344.4,0.0,0.719,39.28,4.9,0.0,0.295
South America,2018,105450.0,3615525.0,342866.0,25.15,2175.3,0.0,28.99,584.6,0.0,0.865,38.27,54.6,0.0,0.376
South America,2019,99493.0,3580685.0,359893.0,26.12,1732.4,0.0,29.03,738.4,0.0,0.852,38.42,11.9,0.0,0.383
Southern Africa,2005,21326.0,678842.0,318317.0,18.33,170.9,7.0,36.65,64.5,0.0,0.347,29.04,12.4,7.0,0.335
Southern Africa,2006,20633.0,633495.0,307030.0,17.54,329.4,16.0,33.06,108.9,5.0,0.38,25.54,48.7,11.0,0.397
Southern Africa,2007,22000.0,708430.0,322014.0,18.18,181.4,28.0,36.87,32.5,6.0,0.332,29.07,13.0,22.0,0.334
Southern Africa,2008,23000.0,778141.0,338322.0,18.26,274.0,11.0,36.47,102.0,0.0,0.362,27.94,52.6,9.0,0.404
Southern Africa,2009,21000.0,817698.0,389380.0,18.29,211.4,19.0,34.04,48.8,1.0,0.363,30.45,28.5,18.0,0.356
Southern Africa,2010,20449.0,724232.0,354165.0,18.96,190.0,13.0,35.88,37.2,1.0,0.336,30.74,2.4,12.0,0.33
Southern Africa,2011,21919.0,781124.0,356368.0,17.6,250.0,20.0,34.5,98.6,1.0,0.37,29.34,11.7,19.0,0.348
Southern Africa,2012,22900.0,795758.0,347493.0,17.77,256.6,26.0,37.01,52.0,1.0,0.342,28.62,38.3,24.0,0.355
Southern Africa,2013,24819.0,903843.0,364174.0,17.81,146.1,22.0,38.41,48.1,0.0,0.346,28.13,14.3,18.0,0.334
Southern Africa,2014,20829.0,777741.0,373393.0,18.31,205.0,22.0,35.15,60.4,0.0,0.341,26.13,28.0,22.0,0.353
Southern Africa,2015,24626.0,934375.0,379426.0,18.98,139.6,11.0,37.2,67.7,0.0,0.356,28.92,45.8,11.0,0.351
Southern Africa,2016,23941.0,916143.0,382667.0,18.64,180.5,12.0,37.84,101.6,0.0,0.358,30.26,14.9,12.0,0.375
Southern Africa,2017,23948.0,929028.0,387936.0,18.66,159.5,13.0,36.58,33.1,0.0,0.34,29.98,5.8,13.0,0.33
Southern Africa,2018,21093.0,829636.0,393323.0,18.16,156.9,19.0,37.63,80.3,0.0,0.356,28.25,2.5,16.0,0.352
Southern Africa,2019,22373.0,891979.0,398685.0,19.2,110.9,9.0,38.25,58.5,0.0,0.348,29.13,2.7,9.0,0.338
Southern Asia,2005,514373.0,4817923.0,93666.0,26.81,1153.2,0.0,47.34,31.5,0.0,0.557,46.96,654.5,0.0,0.741
Southern Asia,2006,500982.0,4562624.0,91074.0,26.88,1328.5,0.0,46.4,156.3,0.0,0.574,42.34,865.7,0.0,0.743
Southern Asia,2007,551685.0,5144578.0,93252.0,27.13,943.4,0.0,46.08,20.2,0.0,0.554,43.2,669.1,0.0,0.729
Southern Asia,2008,562943.0,5318332.0,94474.0,26.87,889.3,0.0,46.22,44.7,0.0,0.555,44.06,578.5,0.0,0.714
Southern Asia,2009,573658.0,5324202.0,92811.0,27.86,931.7,0.0,47.09,38.3,0.0,0.554,44.53,664.0,0.0,0.732
Southern Asia,2010,605868.0,5325597.0,87900.0,27.63,1341.5,0.0,47.71,10.6,0.0,0.553,45.61,990.9,0.0,0.788
Southern Asia,2011,612756.0,6728201.0,109802.0,26.72,905.6,0.0,46.41,54.1,0.0,0.559,44.37,650.7,0.0,0.708
Southern Asia,2012,638800.0,5990202.0,93773.0,27.05,1080.9,0.0,46.74,4.8,0.0,0.55,46.46,742.1,0.0,0.753
Southern Asia,2013,631540.0,5685750.0,90030.0,26.71,1426.4,0.0,48.59,23.4,0.0,0.555,44.81,1115.2,0.0,0.848
Southern Asia,2014,667346.0,5660240.0,84817.0,27.27,858.2,0.0,46.62,80.2,0.0,0.57,48.1,567.0,0.0,0.661
Southern Asia,2015,675266.0,5393024.0,79865.0,27.11,1171.3,0.0,47.38,115.6,0.0,0.569,44.19,842.0,0.0,0.753
Southern Asia,2016,539039.0,5476162.0,101591.0,27.24,1176.9,0.0,46.51,47.2,0.0,0.558,45.72,876.2,0.0,0.801
Southern Asia,2017,544621.0,5431413.0,99728.0,27.4,884.2,0.0,47.09,35.4,0.0,0.555,42.07,662.8,0.0,0.691
Southern Asia,2018,517750.0,5057113.0,97675.0,27.25,950.1,0.0,46.9,35.0,0.0,0.556,42.37,789.4,0.0,0.763
Southern Asia,2019,515387.0,5342645.0,103663.0,27.25,1072.6,0.0,46.89,9.9,0.0,0.552,47.33,715.9,0.0,0.706
Southern Europe,2005,192159.0,3986834.0,207476.0,14.96,964.6,26.0,30.23,171.2,6.0,0.829,38.96,82.9,0.0,0.476
Southern Europe,2006,188940.0,3927469.0,207869.0,15.72,576.3,16.0,30.89,119.4,2.0,0.831,36.89,88.2,0.0,0.479
Southern Europe,2007,191652.0,4121980.0,215076.0,16.15,482.9,4.0,31.44,156.0,0.0,0.652,39.85,37.5,0.0,0.429
Southern Europe,2008,188430.0,4037607.0,214276.0,16.01,895.4,5.0,31.62,241.6,0.0,0.62,36.04,45.3,0.0,0.451
Southern Europe,2009,191589.0,4138553.0,216012.0,16.01,820.8,13.0,31.62,146.2,0.0,0.805,36.99,103.5,0.0,0.492
Southern Europe,2010,186540.0,4034047.0,216256.0,15.24,925.8,15.0,26.44,214.3,1.0,0.854,36.57,67.8,0.0,0.529
Southern Europe,2011,190154.0,4339995.0,228236.0,15.97,603.7,16.0,28.75,185.4,2.0,0.809,37.45,96.2,0.0,0.482
Southern Europe,2012,177117.0,3546367.0,200227.0,16.05,780.9,23.0,29.64,165.7,0.0,0.61,38.04,24.7,0.0,0.42
Southern Europe,2013,186288.0,4253302.0,228319.0,15.67,834.0,12.0,27.32,266.1,1.0,0.867,38.1,95.2,0.0,0.532
Southern Europe,2014,170024.0,4378476.0,257521.0,16.0,1213.9,5.0,27.27,168.5,0.0,0.853,33.37,211.6,0.0,0.574
Southern Europe,2015,190353.0,4630797.0,243274.0,16.17,827.4,6.0,30.64,252.7,0.0,0.867,37.37,112.0,0.0,0.499
Southern Europe,2016,177869.0,4376219.0,246036.0,16.0,806.9,8.0,28.16,171.3,0.0,0.728,35.04,89.1,0.0,0.477
Southern Europe,2017,166210.0,3799322.0,228586.0,16.28,474.5,15.0,30.52,75.4,0.0,0.595,40.92,33.2,0.0,0.387
Southern Europe,2018,200499.0,4579856.0,228423.0,16.48,825.1,11.0,29.86,255.7,1.0,0.751,37.07,114.3,0.0,0.486
Southern Europe,2019,187654.0,4491937.0,239373.0,16.38,838.7,11.0,27.01,212.9,0.0,0.73,38.54,65.1,0.0,0.481
Spain,2005,38974.0,774210.0,198648.0,13.34,328.6,92.0,34.1,63.1,14.0,0.497,39.85,28.0,0.0,0.425
Spain,2006,37844.0,650384.0,171859.0,13.91,486.5,65.0,33.5,92.7,7.0,0.565,38.0,50.4,0.0,0.431
Spain,2007,36902.0,721178.0,195431.0,12.61,431.1,54.0,28.17,195.1,12.0,0.608,38.82,54.2,0.0,0.468
Spain,2008,33362.0,661724.0,198347.0,12.79,526.8,54.0,26.46,190.2,10.0,0.522,38.23,51.4,0.0,0.458
Spain,2009,32715.0,601979.0,184007.0,13.88,370.8,66.0,31.01,80.4,8.0,0.554,37.81,22.4,0.0,0.427
Spain,2010,31812.0,645918.0,203042.0,12.56,555.2,75.0,30.89,142.0,13.0,0.655,37.81,68.9,0.0,0.453
Spain,2011,31507.0,670264.0,212735.0,14.0,415.0,45.0,29.96,175.0,6.0,0.594,38.71,41.3,0.0,0.442
Spain,2012,30753.0,481223.0,156480.0,13.32,352.6,78.0,32.88,126.3,11.0,0.502,40.87,11.8,0.0,0.425
Spain,2013,30800.0,546400.0,177403.0,12.7,413.8,80.0,24.66,192.1,11.0,0.632,37.94,15.9,0.0,0.446
Spain,2014,30726.0,620823.0,202051.0,13.88,489.6,47.0,29.52,93.5,6.0,0.531,37.22,34.4,0.0,0.428
Spain,2015,30721.0,593592.0,193220.0,14.31,316.2,57.0,33.04,84.4,9.0,0.55,39.5,62.1,0.0,0.431
Spain,2016,30872.0,621164.0,201206.0,13.79,540.8,47.0,26.13,215.2,19.0,0.588,38.14,16.9,0.0,0.443
Spain,2017,30550.0,587034.0,192155.0,14.44,309.0,54.0,32.01,77.1,5.0,0.528,40.0,94.5,0.0,0.436
Spain,2018,29930.0,562960.0,188092.0,13.42,616.3,50.0,25.48,283.7,7.0,0.656,40.02,44.1,0.0,0.469
Spain,2019,29640.0,638840.0,215533.0,14.18,396.9,50.0,31.99,99.4,4.0,0.5,40.15,50.0,0.0,0.426
Sweden,2005,1440.0,17683.0,122799.0,6.76,566.8,130.0,16.97,76.3,42.0,0.548,29.02,213.9,0.0,0.39
Sweden,2006,1600.0,24000.0,150000.0,7.05,646.0,117.0,16.85,153.0,42.0,0.577,27.79,168.8,0.0,0.385
Sweden,2007,1400.0,21000.0,150000.0,7.0,655.1,107.0,18.89,106.2,22.0,0.617,25.28,201.9,0.0,0.395
Sweden,2008,1400.0,22200.0,158571.0,7.39,743.8,90.0,20.7,135.7,27.0,0.662,27.37,217.8,0.0,0.394
Sweden,2009,1500.0,21000.0,140000.0,6.47,734.2,116.0,21.94,121.2,37.0,0.701,24.36,317.2,0.0,0.501
Sweden,2010,1500.0,23500.0,156667.0,4.93,634.8,155.0,18.73,157.5,44.0,0.631,27.56,193.9,0.0,0.428
Sweden,2011,1310.0,20684.0,157893.0,7.17,585.8,110.0,20.29,92.9,30.0,0.583,26.07,172.6,0.0,0.375
Sweden,2012,1500.0,23390.0,155933.0,6.0,947.6,123.0,21.69,190.9,27.0,0.641,23.37,303.2,0.0,0.493
Sweden,2013,1400.0,27400.0,195714.0,6.61,558.9,119.0,18.28,90.8,42.0,0.743,25.24,149.0,0.0,0.434
Sweden,2014,1290.0,24580.0,190543.0,7.46,584.8,87.0,20.44,148.9,24.0,0.617,28.45,148.5,0.0,0.385
Sweden,2015,1330.0,25350.0,190602.0,7.38,703.6,82.0,14.46,150.8,18.0,0.604,26.28,206.2,0.0,0.439
Sweden,2016,1540.0,26280.0,170649.0,6.79,582.0,116.0,20.82,93.6,28.0,0.573,27.61,245.4,0.0,0.383
Sweden,2017,1400.0,22130.0,158071.0,6.69,635.2,116.0,22.55,95.9,37.0,0.509,23.1,179.0,0.0,0.358
Sweden,2018,1410.0,30610.0,217092.0,7.52,466.7,124.0,24.09,93.2,42.0,0.705,30.39,106.8,0.0,0.351
Sweden,2019,1520.0,22210.0,146118.0,7.22,762.5,97.0,18.77,172.0,30.0,0.593,28.14,163.9,0.0,0.387
Switzerland,2005,4315.0,212996.0,493618.0,6.59,1240.3,122.0,25.11,299.1,20.0,0.866,29.07,481.1,0.0,0.745
Switzerland,2006,4280.0,259305.0,605853.0,7.54,1361.7,122.0,21.37,516.0,32.0,0.904,26.79,396.7,0.0,0.752
Switzerland,2007,4235.0,274922.0,649166.0,7.6,1549.2,111.0,24.19,383.8,19.0,0.847,28.22,648.7,0.0,0.837
Switzerland,2008,4195.0,254887.0,607597.0,7.12,1381.8,119.0,23.24,377.5,27.0,0.886,26.51,455.6,0.0,0.779
Switzerland,2009,4226.0,251054.0,594070.0,7.27,1231.1,133.0,25.92,299.3,27.0,0.876,28.04,425.7,0.0,0.76
Switzerland,2010,4218.0,201641.0,478049.0,6.07,1305.4,135.0,22.19,313.3,26.0,0.842,28.75,505.6,0.0,0.796
Switzerland,2011,4187.0,327500.0,782183.0,8.44,1140.6,99.0,23.73,182.4,17.0,0.804,29.68,448.4,0.0,0.735
Switzerland,2012,4138.0,233556.0,564418.0,7.24,1497.6,117.0,25.25,284.9,23.0,0.86,31.67,470.2,0.0,0.763
Switzerland,2013,3993.0,210129.0,526243.0,6.71,1267.2,144.0,19.96,379.6,39.0,0.904,30.5,327.4,0.0,0.791
Switzerland,2014,3894.0,231343.0,594101.0,8.19,1386.4,105.0,21.05,282.7,22.0,0.835,28.09,567.7,0.0,0.802
Switzerland,2015,3863.0,214250.0,554621.0,8.3,1245.5,105.0,23.56,421.1,28.0,0.897,30.89,358.3,0.0,0.745
Switzerland,2016,3854.0,227300.0,589777.0,7.84,1500.4,110.0,21.73,431.9,28.0,0.88,27.72,531.6,0.0,0.858
Switzerland,2017,3806.0,145864.0,383248.0,7.86,1517.1,112.0,24.14,382.9,15.0,0.867,28.54,505.1,0.0,0.781
Switzerland,2018,3786.0,296778.0,783883.0,8.78,1276.5,103.0,22.81,289.4,24.0,0.866,26.82,336.8,0.0,0.717
Switzerland,2019,3736.0,189726.0,507832.0,8.2,1452.9,121.0,18.59,380.3,28.0,0.853,30.57,415.1,0.0,0.758
Syrian Arab Republic,2005,33370.0,296057.0,88720.0,17.14,81.0,30.0,35.96,27.0,2.0,0.561,40.0,0.3,0.0,0.55
Syrian Arab Republic,2006,34720.0,374330.0,107814.0,17.18,145.2,38.0,39.04,34.5,0.0,0.568,40.83,0.1,0.0,0.55
Syrian Arab Republic,2007,32320.0,280247.0,86710.0,17.56,111.1,41.0,36.88,58.3,1.0,0.572,42.62,0.0,0.0,0.55
Syrian Arab Republic,2008,33600.0,360700.0,107351.0,17.79,53.8,49.0,36.83,9.3,0.0,0.553,42.92,0.1,0.0,0.55
Syrian Arab Republic,2009,35500.0,360978.0,101684.0,17.57,114.0,19.0,38.12,30.5,0.0,0.561,39.55,0.4,0.0,0.55
Syrian Arab Republic,2010,50662.0,393146.0,77602.0,19.41,64.4,9.0,36.36,11.1,0.0,0.56,42.49,0.1,0.0,0.55
Syrian Arab Republic,2011,51757.0,307760.0,59462.0,16.8,100.4,33.0,33.85,27.3,0.0,0.558,43.18,0.1,0.0,0.55
Syrian Arab Republic,2012,50632.0,349166.0,68962.0,17.76,116.9,42.0,36.17,18.4,10.0,0.56,43.2,1.2,0.0,0.55
Syrian Arab Republic,2013,53180.0,256614.0,48254.0,17.3,102.9,33.0,35.64,25.8,2.0,0.564,38.97,0.2,0.0,0.55
Syrian Arab Republic,2014,53275.0,397858.0,74680.0,17.92,65.5,20.0,37.86,17.8,1.0,0.556,40.64,1.6,0.0,0.55
Syrian Arab Republic,2015,48552.0,347844.0,71644.0,17.72,143.1,25.0,37.56,42.9,0.0,0.563,42.82,16.2,0.0,0.55
Syrian Arab Republic,2016,50049.0,344809.0,68894.0,17.76,206.9,41.0,35.44,38.2,0.0,0.576,40.82,0.2,0.0,0.55
Syrian Arab Republic,2017,52130.0,308985.0,59272.0,17.71,116.7,35.0,36.32,60.0,0.0,0.586,43.13,0.1,0.0,0.55
Syrian Arab Republic,2018,52231.0,476635.0,91255.0,18.45,311.2,5.0,35.34,47.5,0.0,0.581,39.95,9.8,0.0,0.552
Syrian Arab Republic,2019,51933.0,286564.0,55180.0,17.39,319.2,18.0,37.83,86.3,1.0,0.659,40.25,2.6,0.0,0.562
Tajikistan,2005,30400.0,104800.0,34474.0,-0.41,171.9,248.0,13.3,95.3,87.0,0.59,22.22,14.0,7.0,0.501
Tajikistan,2006,30400.0,147000.0,48355.0,0.45,190.3,234.0,17.85,39.2,66.0,0.561,25.23,6.1,9.0,0.478
Tajikistan,2007,35300.0,111000.0,31445.0,0.82,154.8,227.0,16.63,97.0,66.0,0.527,23.57,12.7,0.0,0.472
Tajikistan,2008,38000.0,185500.0,48816.0,0.42,106.4,234.0,17.07,28.8,70.0,0.508,26.53,1.8,0.0,0.46
Tajikistan,2009,37000.0,148000.0,40000.0,-0.01,105.4,254.0,15.9,47.8,84.0,0.488,23.45,11.1,11.0,0.466
Tajikistan,2010,38000.0,156000.0,41053.0,0.78,147.8,251.0,14.3,74.9,83.0,0.542,23.5,11.7,6.0,0.487
Tajikistan,2011,40000.0,183300.0,45825.0,0.42,120.6,230.0,21.07,30.5,66.0,0.475,25.54,5.2,3.0,0.458
Tajikistan,2012,40700.0,218300.0,53636.0,-0.78,90.1,249.0,15.62,41.2,82.0,0.52,24.02,3.5,1.0,0.468
Tajikistan,2013,43000.0,227000.0,52791.0,1.12,45.1,223.0,18.5,21.6,80.0,0.474,27.0,3.4,0.0,0.46
Tajikistan,2014,44300.0,236000.0,53273.0,-0.17,270.4,239.0,14.56,118.3,79.0,0.505,23.53,60.8,7.0,0.516
Tajikistan,2015,44173.0,230387.0,52156.0,-0.24,371.7,241.0,14.98,137.5,80.0,0.628,24.44,51.8,4.0,0.547
Tajikistan,2016,42731.0,224128.0,52451.0,0.62,359.5,228.0,14.97,177.6,73.0,0.599,22.87,49.6,1.0,0.551
Tajikistan,2017,42869.0,231458.0,53992.0,-0.29,384.7,229.0,15.81,165.5,68.0,0.653,22.42,53.1,3.0,0.588
Tajikistan,2018,43022.0,237080.0,55107.0,0.03,366.6,250.0,17.61,182.3,86.0,0.607,24.05,36.9,1.0,0.537
Tajikistan,2019,43208.0,242918.0,56221.0,-0.47,397.5,256.0,14.59,163.3,84.0,0.63,23.29,76.0,11.0,0.589
Tunisia,2005,25780.0,100000.0,38790.0,19.87,175.3,6.0,41.93,16.5,0.0,0.307,46.27,15.7,0.0,0.278
Tunisia,2006,25410.0,120000.0,47226.0,20.31,189.2,1.0,41.58,30.1,0.0,0.332,45.68,13.2,0.0,0.291
Tunisia,2007,25000.0,101000.0,40400.0,20.2,173.1,1.0,39.0,101.2,0.0,0.346,45.61,7.3,0.0,0.302
Tunisia,2008,23600.0,110000.0,46610.0,20.5,55.5,0.0,39.23,6.3,0.0,0.286,46.85,4.4,0.0,0.266
Tunisia,2009,22700.0,110000.0,48458.0,19.93,195.2,0.0,38.1,39.0,0.0,0.315,44.27,1.7,0.0,0.281
Tunisia,2010,26294.0,126000.0,47920.0,20.52,143.5,1.0,37.63,40.6,0.0,0.292,46.49,1.6,0.0,0.275
Tunisia,2011,26337.0,128000.0,48601.0,20.07,120.6,0.0,36.61,31.8,0.0,0.303,45.67,6.3,0.0,0.278
Tunisia,2012,22090.0,111000.0,50249.0,20.66,91.4,4.0,36.93,43.3,0.0,0.309,45.47,1.1,0.0,0.275
Tunisia,2013,21010.0,120000.0,57116.0,20.45,102.3,0.0,38.02,14.1,0.0,0.267,44.68,8.4,0.0,0.26
Tunisia,2014,19790.0,121500.0,61395.0,20.72,81.2,0.0,40.11,22.9,0.0,0.289,46.16,10.4,0.0,0.268
Tunisia,2015,19170.0,90000.0,46948.0,20.37,126.5,2.0,42.04,24.0,0.0,0.314,44.68,9.8,0.0,0.276
Tunisia,2016,25719.0,126000.0,48991.0,21.18,121.7,0.0,44.69,32.6,0.0,0.272,45.16,0.3,0.0,0.262
Tunisia,2017,18220.0,98300.0,53952.0,20.06,97.6,1.0,42.04,34.4,0.0,0.304,46.56,1.2,0.0,0.275
Tunisia,2018,20365.0,111959.0,54976.0,20.73,111.4,0.0,37.91,23.0,0.0,0.298,46.23,10.4,0.0,0.274
Tunisia,2019,21535.0,119845.0,55651.0,20.62,114.1,0.0,36.98,44.1,0.0,0.286,47.13,3.9,0.0,0.268
Turkey,2005,160240.0,2570000.0,160384.0,10.67,384.0,119.0,29.51,155.6,29.0,0.592,37.75,33.5,0.0,0.457
Turkey,2006,162666.0,2002033.0,123076.0,11.03,348.9,124.0,31.61,131.9,17.0,0.542,38.66,38.6,0.0,0.446
Turkey,2007,157750.0,2457845.0,155806.0,11.51,344.9,136.0,31.67,97.7,38.0,0.529,38.13,49.0,0.0,0.441
Turkey,2008,158400.0,2504494.0,158112.0,10.94,313.8,105.0,31.06,88.7,15.0,0.536,38.07,30.4,0.0,0.443
Turkey,2009,162650.0,2782365.0,171065.0,10.68,474.8,103.0,29.32,155.5,27.0,0.627,33.77,64.3,0.0,0.469
Turkey,2010,165078.0,2600000.0,157501.0,12.76,528.2,63.0,28.6,144.9,13.0,0.604,39.03,69.8,0.0,0.465
Turkey,2011,166673.0,2680075.0,160798.0,9.72,379.7,146.0,24.84,137.1,30.0,0.629,39.17,74.0,0.0,0.484
Turkey,2012,174811.0,2888985.0,165263.0,11.1,440.2,118.0,27.32,137.1,27.0,0.568,40.22,27.7,0.0,0.453
Turkey,2013,173095.0,3128450.0,180736.0,10.95,262.3,106.0,28.56,96.0,16.0,0.582,35.93,21.5,0.0,0.445
Turkey,2014,171417.0,2480444.0,144702.0,12.21,393.1,85.0,29.92,108.9,15.0,0.506,38.06,66.7,0.0,0.453
Turkey,2015,171410.0,2569759.0,149919.0,11.09,451.2,122.0,29.53,191.8,27.0,0.623,36.45,119.6,0.0,0.497
Turkey,2016,173394.0,2925828.0,168739.0,11.2,408.8,111.0,26.54,156.8,18.0,0.552,37.44,26.4,0.0,0.459
Turkey,2017,175357.0,3032164.0,172914.0,11.37,331.7,116.0,28.6,144.4,27.0,0.534,38.49,46.1,0.0,0.457
Turkey,2018,174690.0,3625960.0,207565.0,12.61,414.1,80.0,28.6,159.7,7.0,0.564,37.13,35.3,0.0,0.453
Turkey,2019,174439.0,3618752.0,207451.0,11.56,379.0,116.0,32.09,91.3,34.0,0.568,40.39,112.0,0.0,0.468
Turkmenistan,2005,6000.0,45000.0,75000.0,17.45,113.9,78.0,38.13,57.6,5.0,0.168,46.11,2.9,0.0,0.135
Turkmenistan,2006,5000.0,43000.0,86000.0,17.53,79.2,88.0,39.61,29.0,3.0,0.145,44.35,1.3,0.0,0.124
Turkmenistan,2007,6000.0,63400.0,105667.0,17.15,116.1,72.0,39.84,77.0,10.0,0.162,42.8,1.3,0.0,0.131
Turkmenistan,2008,5600.0,61500.0,109821.0,16.94,58.7,89.0,39.13,35.4,0.0,0.145,46.01,2.9,0.0,0.126
Turkmenistan,2009,6000.0,64000.0,106667.0,16.89,194.1,67.0,39.87,95.4,2.0,0.176,42.39,12.9,0.0,0.142
Turkmenistan,2010,5900.0,63000.0,106780.0,17.57,120.1,58.0,37.75,64.2,3.0,0.18,44.33,3.4,0.0,0.14
Turkmenistan,2011,5900.0,62800.0,106441.0,16.2,155.0,104.0,40.03,63.5,11.0,0.165,45.99,5.0,0.0,0.136
Turkmenistan,2012,5900.0,63300.0,107288.0,16.49,118.7,102.0,38.38,38.6,16.0,0.169,44.17,7.4,0.0,0.134
Turkmenistan,2013,5900.0,63200.0,107119.0,17.35,118.8,62.0,37.27,63.7,3.0,0.164,42.5,2.3,0.0,0.134
Turkmenistan,2014,5900.0,63100.0,106949.0,16.41,53.7,108.0,39.97,4.1,9.0,0.132,43.77,0.0,0.0,0.119
Turkmenistan,2015,5900.0,63200.0,107119.0,17.13,152.3,75.0,41.63,30.3,12.0,0.172,45.73,5.4,0.0,0.134
Turkmenistan,2016,5900.0,63200.0,107119.0,17.48,135.1,62.0,39.33,53.9,1.0,0.171,44.94,17.8,0.0,0.143
Turkmenistan,2017,5900.0,63200.0,107119.0,17.0,130.3,96.0,41.05,48.4,15.0,0.173,45.06,0.1,0.0,0.136
Turkmenistan,2018,5967.0,64210.0,107609.0,17.17,122.5,69.0,41.13,31.4,1.0,0.158,46.68,3.6,0.0,0.132
Turkmenistan,2019,5889.0,66525.0,112965.0,17.2,223.1,67.0,38.36,143.1,0.0,0.219,46.65,5.0,0.0,0.166
Ukraine,2005,137900.0,719800.0,52197.0,8.63,589.4,146.0,30.38,118.1,37.0,0.633,35.35,214.2,0.0,0.456
Ukraine,2006,124100.0,536500.0,43231.0,8.23,510.0,132.0,28.47,178.4,31.0,0.602,35.8,156.4,0.0,0.437
Ukraine,2007,116000.0,754900.0,65078.0,10.36,445.6,134.0,36.37,49.7,29.0,0.481,38.87,148.2,0.0,0.372
Ukraine,2008,113500.0,719200.0,63366.0,9.38,563.1,123.0,27.98,144.1,19.0,0.535,37.82,157.5,0.0,0.412
Ukraine,2009,110000.0,853400.0,77582.0,9.31,494.3,123.0,25.74,99.2,34.0,0.596,35.75,125.4,0.0,0.404
Ukraine,2010,105200.0,897000.0,85266.0,8.91,685.1,127.0,24.18,149.1,26.0,0.658,39.44,171.5,0.0,0.452
Ukraine,2011,105200.0,954100.0,90694.0,8.45,523.7,157.0,29.11,86.2,34.0,0.57,33.94,261.4,0.0,0.452
Ukraine,2012,105500.0,1126800.0,106806.0,9.27,522.6,136.0,29.27,93.2,30.0,0.517,38.53,123.2,0.0,0.379
Ukraine,2013,103900.0,1211400.0,116593.0,9.36,452.9,135.0,27.47,134.3,34.0,0.636,34.54,128.4,0.0,0.409
Ukraine,2014,100200.0,1085350.0,108318.0,9.43,483.5,138.0,29.39,192.4,21.0,0.471,36.07,132.5,0.0,0.406
Ukraine,2015,97300.0,1179570.0,121230.0,9.9,504.4,139.0,29.13,169.5,29.0,0.541,35.89,147.0,0.0,0.412
Ukraine,2016,91600.0,1099240.0,120004.0,9.03,692.2,141.0,25.96,196.9,21.0,0.576,36.9,149.2,0.0,0.442
Ukraine,2017,91200.0,1076180.0,118002.0,9.54,460.4,119.0,29.74,81.3,22.0,0.562,38.1,126.9,0.0,0.396
Ukraine,2018,91800.0,1462360.0,159298.0,9.39,579.6,141.0,29.62,122.1,31.0,0.607,36.04,158.5,0.0,0.411
Ukraine,2019,87700.0,1153970.0,131582.0,10.48,399.9,115.0,30.12,108.2,24.0,0.561,35.86,109.9,0.0,0.399
United Kingdom of Great Britain and Northern Ireland,2005,8450.0,218100.0,258107.0,7.91,1178.8,61.0,15.07,274.3,16.0,0.951,25.72,263.7,0.0,0.848
United Kingdom of Great Britain and Northern Ireland,2006,15560.0,269239.0,173033.0,8.13,1300.1,62.0,19.85,312.5,26.0,0.955,25.7,237.8,0.0,0.801
United Kingdom of Great Britain and Northern Ireland,2007,14960.0,243100.0,162500.0,7.97,1185.9,35.0,19.3,206.1,6.0,0.928,21.37,396.3,0.0,0.885
United Kingdom of Great Britain and Northern Ireland,2008,15516.0,242900.0,156548.0,7.48,1450.8,74.0,19.73,249.5,22.0,0.947,22.9,458.1,0.0,0.859
United Kingdom of Great Britain and Northern Ireland,2009,15550.0,229000.0,147267.0,7.57,1324.6,60.0,21.0,259.6,7.0,0.946,24.68,415.4,0.0,0.841
United Kingdom of Great Britain and Northern Ireland,2010,15698.0,235450.0,149987.0,6.27,1016.4,115.0,21.29,203.6,23.0,0.948,21.01,306.5,0.0,0.823
United Kingdom of Great Britain and Northern Ireland,2011,15629.0,239890.0,153490.0,7.79,1451.1,51.0,18.61,257.0,12.0,0.941,21.87,361.4,0.0,0.882
United Kingdom of Great Britain and Northern Ireland,2012,15964.0,203550.0,127506.0,6.97,1385.2,70.0,24.33,195.4,19.0,0.938,20.31,504.7,0.0,0.929
United Kingdom of Great Britain and Northern Ireland,2013,16077.0,398500.0,247870.0,7.03,1098.4,90.0,18.54,239.8,41.0,0.951,23.8,256.5,0.0,0.827
United Kingdom of Great Britain and Northern Ireland,2014,16056.0,451400.0,281141.0,8.16,1249.7,33.0,19.34,271.6,8.0,0.957,24.02,296.9,0.0,0.842
United Kingdom of Great Britain and Northern Ireland,2015,15871.0,459600.0,289585.0,7.24,1428.0,54.0,16.49,274.4,20.0,0.954,25.09,335.7,0.0,0.87
United Kingdom of Great Britain and Northern Ireland,2016,16512.0,481100.0,291364.0,7.43,1177.6,70.0,19.77,219.6,22.0,0.949,24.85,343.7,0.0,0.851
United Kingdom of Great Britain and Northern Ireland,2017,16607.0,535300.0,322334.0,7.69,1298.6,63.0,22.57,206.2,14.0,0.931,22.1,446.0,0.0,0.885
United Kingdom of Great Britain and Northern Ireland,2018,16427.0,505600.0,307786.0,7.67,1137.2,73.0,21.75,209.2,27.0,0.95,26.25,270.7,0.0,0.77
United Kingdom of Great Britain and Northern Ireland,2019,15940.0,456400.0,286324.0,7.75,1217.8,59.0,19.97,269.3,14.0,0.929,25.82,379.7,0.0,0.849
United States of America,2005,149354.0,4384832.0,293587.0,14.84,916.8,79.0,30.07,214.1,7.0,0.733,39.94,352.5,0.0,0.563
United States of America,2006,145683.0,4455819.0,305857.0,15.73,857.0,77.0,33.98,336.0,8.0,0.568,42.45,246.9,0.0,0.511
United States of America,2007,142000.0,4122883.0,290344.0,14.06,1329.3,95.0,29.22,399.7,9.0,0.729,35.04,506.2,0.0,0.776
United States of America,2008,141151.0,4365055.0,309247.0,13.15,1525.3,106.0,29.46,560.6,14.0,0.789,35.44,500.5,0.0,0.78
United States of America,2009,139576.0,4394267.0,314830.0,13.37,1315.7,91.0,30.07,404.4,13.0,0.742,38.4,354.7,0.0,0.608
United States of America,2010,136217.0,4210290.0,309087.0,14.41,996.8,92.0,30.09,282.4,7.0,0.753,41.04,357.7,0.0,0.596
United States of America,2011,133870.0,4281731.0,319842.0,15.22,957.7,92.0,30.95,388.7,8.0,0.645,45.87,179.8,0.0,0.518
United States of America,2012,131604.0,4078839.0,309933.0,16.48,870.5,71.0,31.51,418.2,5.0,0.697,44.72,176.5,0.0,0.506
United States of America,2013,130661.0,4731694.0,362135.0,13.25,1209.7,107.0,29.87,401.9,21.0,0.656,37.6,397.1,0.0,0.638
United States of America,2014,128763.0,5358740.0,416171.0,13.79,872.0,106.0,34.79,169.5,17.0,0.572,39.6,297.1,0.0,0.533
United States of America,2015,131030.0,4556790.0,347767.0,14.66,1306.2,81.0,29.7,426.4,7.0,0.644,37.24,407.8,0.0,0.664
United States of America,2016,133060.0,5214040.0,391856.0,15.41,966.6,80.0,28.76,349.5,6.0,0.708,38.58,281.3,0.0,0.584
United States of America,2017,132820.0,5240670.0,394569.0,15.23,1152.7,67.0,30.15,518.1,7.0,0.679,39.25,325.3,0.0,0.603
United States of America,2018,117600.0,4644790.0,394965.0,14.51,1002.7,103.0,33.56,219.1,19.0,0.597,39.89,345.9,0.0,0.533
United States of America,2019,118860.0,4997680.0,420468.0,13.8,1582.8,93.0,29.05,598.7,12.0,0.76,34.05,514.8,0.0,0.811
Uruguay,2005,3822.0,77342.0,202360.0,17.36,1396.8,1.0,36.37,596.8,0.0,0.657,25.63,264.4,1.0,0.814
Uruguay,2006,3885.0,61285.0,157748.0,17.37,1083.2,1.0,35.58,208.6,0.0,0.588,25.71,298.8,1.0,0.672
Uruguay,2007,3855.0,66874.0,173473.0,16.74,1523.7,7.0,31.42,667.0,0.0,0.735,24.37,239.9,7.0,0.807
Uruguay,2008,3935.0,51266.0,130282.0,17.32,781.4,3.0,33.25,187.5,0.0,0.577,25.41,237.7,3.0,0.641
Uruguay,2009,3328.0,58775.0,176608.0,17.06,1460.6,5.0,32.8,237.0,0.0,0.566,29.38,211.7,5.0,0.622
Uruguay,2010,3342.0,52226.0,156272.0,16.65,1398.4,5.0,29.76,213.7,0.0,0.796,24.02,299.6,5.0,0.824
Uruguay,2011,3222.0,73368.0,227709.0,16.56,1173.8,9.0,33.07,257.0,0.0,0.584,23.44,376.9,9.0,0.697
Uruguay,2012,3347.0,50270.0,150194.0,17.64,1229.3,7.0,33.73,211.8,0.0,0.611,27.38,274.0,7.0,0.65
Uruguay,2013,3268.0,45626.0,139614.0,16.66,1244.1,6.0,30.64,318.3,0.0,0.63,24.38,165.4,6.0,0.674
Uruguay,2014,2758.0,52762.0,191305.0,17.24,1841.6,1.0,29.25,314.6,0.0,0.73,26.65,318.0,1.0,0.787
Uruguay,2015,2703.0,55454.0,205157.0,17.27,1446.3,3.0,31.28,181.7,0.0,0.656,28.19,436.2,3.0,0.7
Uruguay,2016,2677.0,37675.0,140736.0,16.83,1646.0,0.0,31.19,755.9,0.0,0.787,26.28,249.9,0.0,0.907
Uruguay,2017,2836.0,48471.0,170913.0,17.91,1569.9,2.0,32.67,449.4,0.0,0.729,26.27,332.4,2.0,0.793
Uruguay,2018,2816.0,48373.0,171779.0,17.42,1459.9,0.0,33.54,363.1,0.0,0.609,23.94,429.3,0.0,0.739
Uruguay,2019,2275.0,42322.0,186031.0,17.26,1609.6,1.0,31.96,193.4,0.0,0.668,25.52,483.1,1.0,0.757
Uzbekistan,2005,60500.0,402000.0,66446.0,13.6,141.2,112.0,35.5,59.3,15.0,0.393,43.45,3.8,0.0,0.353
Uzbekistan,2006,66163.0,514441.0,77754.0,13.32,89.2,117.0,38.01,25.0,18.0,0.372,41.61,9.9,0.0,0.352
Uzbekistan,2007,70000.0,502500.0,71786.0,13.29,122.5,121.0,36.93,83.4,17.0,0.378,42.03,10.0,0.0,0.352
Uzbekistan,2008,63000.0,585000.0,92857.0,13.04,87.9,114.0,37.48,35.0,11.0,0.367,44.15,5.8,0.0,0.35
Uzbekistan,2009,64000.0,635000.0,99219.0,13.07,130.4,117.0,37.92,69.8,13.0,0.387,39.82,2.1,0.0,0.353
Uzbekistan,2010,67100.0,712000.0,106110.0,14.04,79.4,102.0,34.59,35.5,15.0,0.368,43.63,1.4,0.0,0.35
Uzbekistan,2011,77166.0,769363.0,99702.0,12.45,95.0,141.0,36.71,33.0,22.0,0.365,43.7,0.3,0.0,0.35
Uzbekistan,2012,83052.0,829000.0,99817.0,12.71,101.3,127.0,34.7,34.3,22.0,0.376,41.05,13.9,0.0,0.353
Uzbekistan,2013,90219.0,894000.0,99092.0,13.66,112.3,112.0,37.95,38.1,10.0,0.374,43.29,3.4,0.0,0.351
Uzbekistan,2014,89193.0,965000.0,108192.0,12.19,51.8,148.0,39.11,13.2,27.0,0.363,42.3,0.0,0.0,0.35
Uzbekistan,2015,92335.0,1060000.0,114799.0,13.6,127.8,125.0,36.75,42.4,22.0,0.38,43.73,1.0,0.0,0.35
Uzbekistan,2016,109191.0,1441566.0,132022.0,14.14,139.2,111.0,35.71,66.7,5.0,0.379,41.93,13.0,0.0,0.353
Uzbekistan,2017,94517.0,1028796.0,108848.0,13.03,135.6,129.0,36.61,55.8,26.0,0.394,42.44,1.5,0.0,0.354
Uzbekistan,2018,98117.0,1130335.0,115203.0,12.7,95.1,133.0,35.94,25.2,13.0,0.37,44.13,1.3,0.0,0.35
Uzbekistan,2019,98525.0,1124017.0,114084.0,13.88,104.0,118.0,36.31,61.7,10.0,0.382,44.05,1.2,0.0,0.352
Western Asia,2005,287698.0,3572907.0,124189.0,22.46,20.6,8.0,40.8,3.3,0.0,0.325,46.17,0.0,0.0,0.32
Western Asia,2006,267718.0,3028839.0,113135.0,22.82,24.1,6.0,41.93,2.2,0.0,0.326,45.08,0.0,0.0,0.32
Western Asia,2007,279361.0,3456875.0,123742.0,22.83,4.8,11.0,43.98,2.2,0.0,0.326,46.84,0.0,0.0,0.32
Western Asia,2008,266054.0,3551466.0,133487.0,22.6,2.4,19.0,42.39,0.0,0.0,0.321,45.92,0.0,0.0,0.32
Western Asia,2009,284980.0,3897589.0,136767.0,22.65,5.0,10.0,42.06,2.2,0.0,0.324,46.39,0.0,0.0,0.32
Western Asia,2010,288720.0,3664358.0,126917.0,24.39,11.4,3.0,41.43,8.2,0.0,0.326,46.78,0.0,0.0,0.32
Western Asia,2011,304972.0,3721675.0,122033.0,21.97,75.4,3.0,42.1,70.8,0.0,0.353,46.4,0.0,0.0,0.321
Western Asia,2012,308295.0,3978720.0,129056.0,23.05,13.0,6.0,42.04,0.8,1.0,0.322,46.5,0.0,0.0,0.32
Western Asia,2013,319164.0,4180366.0,130979.0,22.17,51.2,10.0,41.18,7.9,0.0,0.327,45.73,0.0,0.0,0.32
Western Asia,2014,324477.0,3733408.0,115059.0,22.81,35.9,7.0,42.27,16.5,0.0,0.328,45.63,0.0,0.0,0.32
Western Asia,2015,301176.0,3767363.0,125088.0,23.24,41.2,10.0,42.51,0.4,0.0,0.323,45.75,0.0,0.0,0.32
Western Asia,2016,321132.0,4219290.0,131388.0,23.06,19.9,6.0,43.68,4.0,0.0,0.327,46.76,0.0,0.0,0.32
Western Asia,2017,311143.0,4274992.0,137396.0,23.3,11.8,7.0,41.24,5.7,0.0,0.327,46.67,0.0,0.0,0.32
Western Asia,2018,327950.0,5012102.0,152831.0,23.68,67.7,0.0,42.47,10.7,0.0,0.328,44.51,0.0,0.0,0.32
Western Asia,2019,323149.0,4766492.0,147501.0,22.97,53.0,2.0,43.83,2.4,0.0,0.33,45.89,0.0,0.0,0.32
Western Europe,2005,103034.0,4073946.0,395398.0,10.98,554.5,77.0,30.09,162.9,15.0,0.537,32.41,147.7,0.0,0.46
Western Europe,2006,99854.0,4126963.0,413300.0,11.16,709.7,74.0,23.57,189.5,23.0,0.547,36.19,173.2,0.0,0.464
Western Europe,2007,97341.0,4356020.0,447501.0,11.11,735.4,39.0,26.31,147.3,4.0,0.565,30.66,264.7,0.0,0.521
Western Europe,2008,95708.0,4268069.0,445947.0,10.38,652.0,68.0,24.75,215.2,15.0,0.605,30.67,148.6,0.0,0.52
Western Europe,2009,94310.0,4256896.0,451373.0,10.61,634.5,70.0,27.58,157.1,10.0,0.579,33.6,139.4,0.0,0.491
Western Europe,2010,93598.0,3739061.0,399481.0,9.47,655.8,92.0,27.9,100.0,12.0,0.56,33.04,210.6,0.0,0.483
Western Europe,2011,91780.0,3939933.0,429280.0,11.61,614.8,36.0,26.66,44.4,10.0,0.536,33.41,240.9,0.0,0.474
Western Europe,2012,89782.0,3277618.0,365064.0,10.52,712.1,47.0,26.34,159.5,6.0,0.553,35.05,208.6,0.0,0.507
Western Europe,2013,88481.0,3481482.0,393472.0,10.05,714.1,75.0,23.79,166.6,24.0,0.607,31.7,197.3,0.0,0.545
Western Europe,2014,100720.0,4179148.0,414927.0,11.36,768.7,27.0,23.34,135.5,6.0,0.6,31.29,283.6,0.0,0.559
Western Europe,2015,99660.0,4066568.0,408044.0,11.11,563.5,49.0,24.26,135.6,9.0,0.628,34.12,116.9,0.0,0.498
Western Europe,2016,99425.0,3741757.0,376340.0,10.58,738.2,53.0,23.69,302.5,11.0,0.617,33.08,142.2,0.0,0.584
Western Europe,2017,101412.0,2937942.0,289704.0,11.2,677.2,47.0,27.01,143.9,2.0,0.574,33.08,187.0,0.0,0.485
Western Europe,2018,107906.0,4126078.0,382377.0,11.66,755.8,45.0,26.83,214.4,9.0,0.635,34.07,152.8,0.0,0.529
Western Europe,2019,107176.0,3708656.0,346034.0,11.47,701.9,49.0,24.12,156.6,5.0,0.577,39.61,139.3,0.0,0.477
Yemen,2005,1940.0,11275.0,58119.0,25.54,3.3,0.0,39.9,2.1,0.0,0.32,41.66,1.0,0.0,0.32
Yemen,2006,2129.0,18728.0,87966.0,25.72,8.6,0.0,41.03,8.0,0.0,0.321,41.66,0.7,0.0,0.32
Yemen,2007,2193.0,20039.0,91377.0,25.54,5.0,0.0,40.12,0.0,0.0,0.32,41.9,5.0,0.0,0.32
Yemen,2008,2281.0,20840.0,91363.0,24.72,5.9,0.0,38.68,2.1,0.0,0.32,41.48,0.4,0.0,0.32
Yemen,2009,2306.0,20074.0,87051.0,25.51,0.2,0.0,41.09,0.1,0.0,0.32,41.9,0.0,0.0,0.32
Yemen,2010,2322.0,20246.0,87192.0,25.32,1.6,0.0,39.73,1.3,0.0,0.32,42.09,0.1,0.0,0.32
Yemen,2011,2334.0,20278.0,86881.0,25.14,15.0,0.0,39.11,1.7,0.0,0.32,40.8,0.3,0.0,0.32
Yemen,2012,2364.0,20348.0,86074.0,25.08,6.6,0.0,38.86,0.4,0.0,0.32,41.47,6.2,0.0,0.321
Yemen,2013,2368.0,20072.0,84764.0,25.19,3.4,0.0,39.17,0.7,0.0,0.32,41.36,2.5,0.0,0.32
Yemen,2014,2344.0,20098.0,85742.0,25.39,7.1,0.0,38.46,0.2,0.0,0.32,42.19,4.6,0.0,0.321
Yemen,2015,2227.0,17686.0,79416.0,25.63,0.9,0.0,39.05,0.1,0.0,0.32,42.28,0.0,0.0,0.32
Yemen,2016,2197.0,17362.0,79026.0,25.83,9.5,0.0,40.01,3.0,0.0,0.32,41.93,6.5,0.0,0.321
Yemen,2017,2179.0,17011.0,78068.0,25.63,2.8,0.0,40.8,2.0,0.0,0.32,41.94,0.8,0.0,0.32
Yemen,2018,2148.0,16706.0,77775.0,25.4,1.7,0.0,38.51,0.1,0.0,0.32,41.61,0.1,0.0,0.32
Yemen,2019,2204.0,21946.0,99574.0,26.35,4.7,0.0,39.43,0.4,0.0,0.32,42.49,0.0,0.0,0.32
Zimbabwe,2005,860.0,8000.0,93023.0,21.72,558.1,0.0,35.11,52.0,0.0,0.504,33.13,3.4,0.0,0.49
Zimbabwe,2006,779.0,7196.0,92375.0,20.21,798.8,0.0,29.54,111.9,0.0,0.573,30.79,2.6,0.0,0.502
Zimbabwe,2007,764.0,7024.0,91937.0,21.0,635.0,0.0,36.13,81.1,0.0,0.511,32.81,6.1,0.0,0.493
Zimbabwe,2008,760.0,6954.0,91500.0,20.62,663.9,0.0,32.64,84.5,0.0,0.533,33.08,0.6,0.0,0.495
Zimbabwe,2009,756.0,6891.0,91151.0,20.2,899.4,0.0,30.64,151.7,0.0,0.549,31.41,7.1,0.0,0.498
Zimbabwe,2010,751.0,6826.0,90892.0,21.07,620.8,0.0,33.75,133.9,0.0,0.532,31.39,0.8,0.0,0.497
Zimbabwe,2011,747.0,6761.0,90509.0,20.51,781.0,0.0,32.54,106.6,0.0,0.528,30.52,8.7,0.0,0.496
Zimbabwe,2012,725.0,6500.0,89655.0,20.94,573.2,0.0,35.23,97.4,0.0,0.522,33.52,0.0,0.0,0.493
Zimbabwe,2013,725.0,6500.0,89655.0,20.71,758.4,0.0,32.28,61.2,0.0,0.524,31.75,0.2,0.0,0.493
Zimbabwe,2014,747.0,6701.0,89705.0,20.51,812.7,0.0,31.32,78.0,0.0,0.556,32.41,1.5,0.0,0.499
Zimbabwe,2015,744.0,6660.0,89516.0,21.31,556.6,0.0,34.52,195.3,0.0,0.542,32.63,0.1,0.0,0.498
Zimbabwe,2016,735.0,6550.0,89116.0,21.68,589.9,0.0,32.47,162.0,0.0,0.535,32.66,1.4,0.0,0.496
Zimbabwe,2017,734.0,6514.0,88747.0,20.37,801.2,0.0,28.48,94.8,0.0,0.613,30.92,1.1,0.0,0.511
Zimbabwe,2018,732.0,6477.0,88484.0,21.06,577.8,0.0,30.79,124.0,0.0,0.571,33.66,3.4,0.0,0.501
Zimbabwe,2019,730.0,6441.0,88233.0,22.11,415.8,0.0,35.82,75.1,0.0,0.508,33.11,4.2,0.0,0.492
