Area,Element,Year,Unit,Value
Afghanistan,Area harvested,2005,ha,2751.0
Afghanistan,Area harvested,2006,ha,7000.0
Afghanistan,Area harvested,2007,ha,7000.0
Afghanistan,Area harvested,2008,ha,7000.0
Afghanistan,Area harvested,2009,ha,8550.0
Afghanistan,Area harvested,2010,ha,8550.0
Afghanistan,Area harvested,2011,ha,8863.0
Afghanistan,Area harvested,2012,ha,9148.0
Afghanistan,Area harvested,2013,ha,10341.0
Afghanistan,Area harvested,2014,ha,12247.0
Afghanistan,Area harvested,2015,ha,13038.0
Afghanistan,Area harvested,2016,ha,19365.0
Afghanistan,Area harvested,2017,ha,26847.0
Afghanistan,Area harvested,2018,ha,28381.0
Afghanistan,Area harvested,2019,ha,27559.0
Afghanistan,Yield,2005,hg/ha,73570.0
Afghanistan,Yield,2006,hg/ha,75000.0
Afghanistan,Yield,2007,hg/ha,85000.0
Afghanistan,Yield,2008,hg/ha,80087.0
Afghanistan,Yield,2009,hg/ha,85105.0
Afghanistan,Yield,2010,hg/ha,70000.0
Afghanistan,Yield,2011,hg/ha,70000.0
Afghanistan,Yield,2012,hg/ha,76519.0
Afghanistan,Yield,2013,hg/ha,76005.0
Afghanistan,Yield,2014,hg/ha,73000.0
Afghanistan,Yield,2015,hg/ha,68824.0
Afghanistan,Yield,2016,hg/ha,72762.0
Afghanistan,Yield,2017,hg/ha,65184.0
Afghanistan,Yield,2018,hg/ha,76527.0
Afghanistan,Yield,2019,hg/ha,90832.0
Afghanistan,Production,2005,tonnes,20239.0
Afghanistan,Production,2006,tonnes,52500.0
Afghanistan,Production,2007,tonnes,59500.0
Afghanistan,Production,2008,tonnes,56061.0
Afghanistan,Production,2009,tonnes,72765.0
Afghanistan,Production,2010,tonnes,59850.0
Afghanistan,Production,2011,tonnes,62041.0
Afghanistan,Production,2012,tonnes,70000.0
Afghanistan,Production,2013,tonnes,78597.0
Afghanistan,Production,2014,tonnes,89403.0
Afghanistan,Production,2015,tonnes,89733.0
Afghanistan,Production,2016,tonnes,140903.0
Afghanistan,Production,2017,tonnes,175000.0
Afghanistan,Production,2018,tonnes,217192.0
Afghanistan,Production,2019,tonnes,250324.0
Albania,Area harvested,2005,ha,3000.0
Albania,Area harvested,2006,ha,5500.0
Albania,Area harvested,2007,ha,7000.0
Albania,Area harvested,2008,ha,6500.0
Albania,Area harvested,2009,ha,5000.0
Albania,Area harvested,2010,ha,3913.0
Albania,Area harvested,2011,ha,3450.0
Albania,Area harvested,2012,ha,3719.0
Albania,Area harvested,2013,ha,3838.0
Albania,Area harvested,2014,ha,3863.0
Albania,Area harvested,2015,ha,4008.0
Albania,Area harvested,2016,ha,4230.0
Albania,Area harvested,2017,ha,4346.0
Albania,Area harvested,2018,ha,4294.0
Albania,Area harvested,2019,ha,4407.0
Albania,Yield,2005,hg/ha,53333.0
Albania,Yield,2006,hg/ha,50120.0
Albania,Yield,2007,hg/ha,51429.0
Albania,Yield,2008,hg/ha,69231.0
Albania,Yield,2009,hg/ha,94404.0
Albania,Yield,2010,hg/ha,139545.0
Albania,Yield,2011,hg/ha,185507.0
Albania,Yield,2012,hg/ha,191718.0
Albania,Yield,2013,hg/ha,197316.0
Albania,Yield,2014,hg/ha,212426.0
Albania,Yield,2015,hg/ha,228882.0
Albania,Yield,2016,hg/ha,240028.0
Albania,Yield,2017,hg/ha,221671.0
Albania,Yield,2018,hg/ha,252387.0
Albania,Yield,2019,hg/ha,240374.0
Albania,Production,2005,tonnes,16000.0
Albania,Production,2006,tonnes,27566.0
Albania,Production,2007,tonnes,36000.0
Albania,Production,2008,tonnes,45000.0
Albania,Production,2009,tonnes,47202.0
Albania,Production,2010,tonnes,54604.0
Albania,Production,2011,tonnes,64000.0
Albania,Production,2012,tonnes,71300.0
Albania,Production,2013,tonnes,75730.0
Albania,Production,2014,tonnes,82060.0
Albania,Production,2015,tonnes,91736.0
Albania,Production,2016,tonnes,101532.0
Albania,Production,2017,tonnes,96338.0
Albania,Production,2018,tonnes,108375.0
Albania,Production,2019,tonnes,105933.0
Algeria,Area harvested,2005,ha,24279.0
Algeria,Area harvested,2006,ha,28658.0
Algeria,Area harvested,2007,ha,31904.0
Algeria,Area harvested,2008,ha,33206.0
Algeria,Area harvested,2009,ha,36616.0
Algeria,Area harvested,2010,ha,52419.0
Algeria,Area harvested,2011,ha,51080.0
Algeria,Area harvested,2012,ha,48828.0
Algeria,Area harvested,2013,ha,48064.0
Algeria,Area harvested,2014,ha,40418.0
Algeria,Area harvested,2015,ha,41011.0
Algeria,Area harvested,2016,ha,46070.0
Algeria,Area harvested,2017,ha,44620.0
Algeria,Area harvested,2018,ha,39034.0
Algeria,Area harvested,2019,ha,32989.0
Algeria,Yield,2005,hg/ha,82257.0
Algeria,Yield,2006,hg/ha,98835.0
Algeria,Yield,2007,hg/ha,59557.0
Algeria,Yield,2008,hg/ha,78590.0
Algeria,Yield,2009,hg/ha,73047.0
Algeria,Yield,2010,hg/ha,72233.0
Algeria,Yield,2011,hg/ha,79112.0
Algeria,Yield,2012,hg/ha,81414.0
Algeria,Yield,2013,hg/ha,94860.0
Algeria,Yield,2014,hg/ha,114507.0
Algeria,Yield,2015,hg/ha,110086.0
Algeria,Yield,2016,hg/ha,108716.0
Algeria,Yield,2017,hg/ha,110766.0
Algeria,Yield,2018,hg/ha,124970.0
Algeria,Yield,2019,hg/ha,169399.0
Algeria,Production,2005,tonnes,199712.0
Algeria,Production,2006,tonnes,283242.0
Algeria,Production,2007,tonnes,190010.0
Algeria,Production,2008,tonnes,260967.0
Algeria,Production,2009,tonnes,267469.0
Algeria,Production,2010,tonnes,378637.0
Algeria,Production,2011,tonnes,404105.0
Algeria,Production,2012,tonnes,397529.0
Algeria,Production,2013,tonnes,455937.0
Algeria,Production,2014,tonnes,462815.0
Algeria,Production,2015,tonnes,451472.0
Algeria,Production,2016,tonnes,500855.0
Algeria,Production,2017,tonnes,494239.0
Algeria,Production,2018,tonnes,487808.0
Algeria,Production,2019,tonnes,558830.0
Argentina,Area harvested,2005,ha,43723.0
Argentina,Area harvested,2006,ha,40173.0
Argentina,Area harvested,2007,ha,36222.0
Argentina,Area harvested,2008,ha,34021.0
Argentina,Area harvested,2009,ha,31657.0
Argentina,Area harvested,2010,ha,25213.0
Argentina,Area harvested,2011,ha,39829.0
Argentina,Area harvested,2012,ha,35971.0
Argentina,Area harvested,2013,ha,32874.0
Argentina,Area harvested,2014,ha,26702.0
Argentina,Area harvested,2015,ha,26727.0
Argentina,Area harvested,2016,ha,20495.0
Argentina,Area harvested,2017,ha,19496.0
Argentina,Area harvested,2018,ha,23958.0
Argentina,Area harvested,2019,ha,22335.0
Argentina,Yield,2005,hg/ha,275875.0
Argentina,Yield,2006,hg/ha,273816.0
Argentina,Yield,2007,hg/ha,276075.0
Argentina,Yield,2008,hg/ha,279239.0
Argentina,Yield,2009,hg/ha,282402.0
Argentina,Yield,2010,hg/ha,285567.0
Argentina,Yield,2011,hg/ha,288734.0
Argentina,Yield,2012,hg/ha,291902.0
Argentina,Yield,2013,hg/ha,295066.0
Argentina,Yield,2014,hg/ha,266292.0
Argentina,Yield,2015,hg/ha,259391.0
Argentina,Yield,2016,hg/ha,223912.0
Argentina,Yield,2017,hg/ha,235386.0
Argentina,Yield,2018,hg/ha,213072.0
Argentina,Yield,2019,hg/ha,241201.0
Argentina,Production,2005,tonnes,1206210.0
Argentina,Production,2006,tonnes,1100000.0
Argentina,Production,2007,tonnes,1000000.0
Argentina,Production,2008,tonnes,950000.0
Argentina,Production,2009,tonnes,894000.0
Argentina,Production,2010,tonnes,720000.0
Argentina,Production,2011,tonnes,1150000.0
Argentina,Production,2012,tonnes,1050000.0
Argentina,Production,2013,tonnes,970000.0
Argentina,Production,2014,tonnes,711052.0
Argentina,Production,2015,tonnes,693275.0
Argentina,Production,2016,tonnes,458908.0
Argentina,Production,2017,tonnes,458908.0
Argentina,Production,2018,tonnes,510478.0
Argentina,Production,2019,tonnes,538722.0
Armenia,Area harvested,2005,ha,8686.0
Armenia,Area harvested,2006,ha,8614.0
Armenia,Area harvested,2007,ha,8942.0
Armenia,Area harvested,2008,ha,8298.0
Armenia,Area harvested,2009,ha,8811.0
Armenia,Area harvested,2010,ha,9321.0
Armenia,Area harvested,2011,ha,8962.0
Armenia,Area harvested,2012,ha,9583.0
Armenia,Area harvested,2013,ha,9715.0
Armenia,Area harvested,2014,ha,9976.0
Armenia,Area harvested,2015,ha,10447.0
Armenia,Area harvested,2016,ha,10311.0
Armenia,Area harvested,2017,ha,10617.0
Armenia,Area harvested,2018,ha,10519.0
Armenia,Area harvested,2019,ha,10069.0
Armenia,Yield,2005,hg/ha,104534.0
Armenia,Yield,2006,hg/ha,111758.0
Armenia,Yield,2007,hg/ha,125068.0
Armenia,Yield,2008,hg/ha,141238.0
Armenia,Yield,2009,hg/ha,137151.0
Armenia,Yield,2010,hg/ha,60602.0
Armenia,Yield,2011,hg/ha,86590.0
Armenia,Yield,2012,hg/ha,115088.0
Armenia,Yield,2013,hg/ha,115230.0
Armenia,Yield,2014,hg/ha,132946.0
Armenia,Yield,2015,hg/ha,121561.0
Armenia,Yield,2016,hg/ha,60687.0
Armenia,Yield,2017,hg/ha,109307.0
Armenia,Yield,2018,hg/ha,104515.0
Armenia,Yield,2019,hg/ha,81114.0
Armenia,Production,2005,tonnes,90798.0
Armenia,Production,2006,tonnes,96268.0
Armenia,Production,2007,tonnes,111836.0
Armenia,Production,2008,tonnes,117199.0
Armenia,Production,2009,tonnes,120844.0
Armenia,Production,2010,tonnes,56487.0
Armenia,Production,2011,tonnes,77602.0
Armenia,Production,2012,tonnes,110289.0
Armenia,Production,2013,tonnes,111946.0
Armenia,Production,2014,tonnes,132627.0
Armenia,Production,2015,tonnes,126995.0
Armenia,Production,2016,tonnes,62574.0
Armenia,Production,2017,tonnes,116051.0
Armenia,Production,2018,tonnes,109939.0
Armenia,Production,2019,tonnes,81674.0
Australia,Area harvested,2005,ha,20500.0
Australia,Area harvested,2006,ha,20000.0
Australia,Area harvested,2007,ha,20000.0
Australia,Area harvested,2008,ha,16441.0
Australia,Area harvested,2009,ha,22000.0
Australia,Area harvested,2010,ha,16792.0
Australia,Area harvested,2011,ha,18790.0
Australia,Area harvested,2012,ha,18056.0
Australia,Area harvested,2013,ha,18015.0
Australia,Area harvested,2014,ha,16704.0
Australia,Area harvested,2015,ha,18508.0
Australia,Area harvested,2016,ha,19333.0
Australia,Area harvested,2017,ha,19668.0
Australia,Area harvested,2018,ha,16818.0
Australia,Area harvested,2019,ha,16612.0
Australia,Yield,2005,hg/ha,220805.0
Australia,Yield,2006,hg/ha,150626.0
Australia,Yield,2007,hg/ha,188990.0
Australia,Yield,2008,hg/ha,161475.0
Australia,Yield,2009,hg/ha,134152.0
Australia,Yield,2010,hg/ha,157457.0
Australia,Yield,2011,hg/ha,159541.0
Australia,Yield,2012,hg/ha,160093.0
Australia,Yield,2013,hg/ha,160354.0
Australia,Yield,2014,hg/ha,159705.0
Australia,Yield,2015,hg/ha,159496.0
Australia,Yield,2016,hg/ha,159467.0
Australia,Yield,2017,hg/ha,159513.0
Australia,Yield,2018,hg/ha,159564.0
Australia,Yield,2019,hg/ha,159614.0
Australia,Production,2005,tonnes,452650.0
Australia,Production,2006,tonnes,301251.0
Australia,Production,2007,tonnes,377980.0
Australia,Production,2008,tonnes,265481.0
Australia,Production,2009,tonnes,295134.0
Australia,Production,2010,tonnes,264401.0
Australia,Production,2011,tonnes,299778.0
Australia,Production,2012,tonnes,289064.0
Australia,Production,2013,tonnes,288878.0
Australia,Production,2014,tonnes,266771.0
Australia,Production,2015,tonnes,295196.0
Australia,Production,2016,tonnes,308298.0
Australia,Production,2017,tonnes,313730.0
Australia,Production,2018,tonnes,268355.0
Australia,Production,2019,tonnes,265150.0
Austria,Area harvested,2018,ha,6740.0
Austria,Area harvested,2019,ha,6590.0
Austria,Yield,2018,hg/ha,575593.0
Austria,Yield,2019,hg/ha,362989.0
Austria,Production,2005,tonnes,452607.0
Austria,Production,2006,tonnes,509139.0
Austria,Production,2007,tonnes,477882.0
Austria,Production,2008,tonnes,551356.0
Austria,Production,2009,tonnes,485609.0
Austria,Production,2010,tonnes,270805.0
Austria,Production,2011,tonnes,302810.0
Austria,Production,2012,tonnes,262108.0
Austria,Production,2013,tonnes,234585.0
Austria,Production,2014,tonnes,310339.0
Austria,Production,2015,tonnes,287599.0
Austria,Production,2016,tonnes,101667.0
Austria,Production,2017,tonnes,185244.0
Austria,Production,2018,tonnes,387950.0
Austria,Production,2019,tonnes,239210.0
Azerbaijan,Area harvested,2005,ha,20533.0
Azerbaijan,Area harvested,2006,ha,19599.0
Azerbaijan,Area harvested,2007,ha,22498.0
Azerbaijan,Area harvested,2008,ha,22846.0
Azerbaijan,Area harvested,2009,ha,23258.0
Azerbaijan,Area harvested,2010,ha,23934.0
Azerbaijan,Area harvested,2011,ha,25121.0
Azerbaijan,Area harvested,2012,ha,25836.0
Azerbaijan,Area harvested,2013,ha,26301.0
Azerbaijan,Area harvested,2014,ha,27173.0
Azerbaijan,Area harvested,2015,ha,28090.0
Azerbaijan,Area harvested,2016,ha,28277.0
Azerbaijan,Area harvested,2017,ha,28401.0
Azerbaijan,Area harvested,2018,ha,28647.0
Azerbaijan,Area harvested,2019,ha,29004.0
Azerbaijan,Yield,2005,hg/ha,79412.0
Azerbaijan,Yield,2006,hg/ha,91000.0
Azerbaijan,Yield,2007,hg/ha,83120.0
Azerbaijan,Yield,2008,hg/ha,89740.0
Azerbaijan,Yield,2009,hg/ha,87814.0
Azerbaijan,Yield,2010,hg/ha,88437.0
Azerbaijan,Yield,2011,hg/ha,88797.0
Azerbaijan,Yield,2012,hg/ha,90870.0
Azerbaijan,Yield,2013,hg/ha,93793.0
Azerbaijan,Yield,2014,hg/ha,92859.0
Azerbaijan,Yield,2015,hg/ha,91277.0
Azerbaijan,Yield,2016,hg/ha,89930.0
Azerbaijan,Yield,2017,hg/ha,96860.0
Azerbaijan,Yield,2018,hg/ha,96749.0
Azerbaijan,Yield,2019,hg/ha,100930.0
Azerbaijan,Production,2005,tonnes,163057.0
Azerbaijan,Production,2006,tonnes,178350.0
Azerbaijan,Production,2007,tonnes,187003.0
Azerbaijan,Production,2008,tonnes,205021.0
Azerbaijan,Production,2009,tonnes,204237.0
Azerbaijan,Production,2010,tonnes,211665.0
Azerbaijan,Production,2011,tonnes,223067.0
Azerbaijan,Production,2012,tonnes,234771.0
Azerbaijan,Production,2013,tonnes,246685.0
Azerbaijan,Production,2014,tonnes,252327.0
Azerbaijan,Production,2015,tonnes,256398.0
Azerbaijan,Production,2016,tonnes,254296.0
Azerbaijan,Production,2017,tonnes,275093.0
Azerbaijan,Production,2018,tonnes,277158.0
Azerbaijan,Production,2019,tonnes,292736.0
Belarus,Area harvested,2005,ha,64816.0
Belarus,Area harvested,2006,ha,64857.0
Belarus,Area harvested,2007,ha,63600.0
Belarus,Area harvested,2008,ha,63836.0
Belarus,Area harvested,2009,ha,62900.0
Belarus,Area harvested,2010,ha,62011.0
Belarus,Area harvested,2011,ha,60102.0
Belarus,Area harvested,2012,ha,58391.0
Belarus,Area harvested,2013,ha,57572.0
Belarus,Area harvested,2014,ha,57323.0
Belarus,Area harvested,2015,ha,54411.0
Belarus,Area harvested,2016,ha,52797.0
Belarus,Area harvested,2017,ha,51752.0
Belarus,Area harvested,2018,ha,52764.0
Belarus,Area harvested,2019,ha,51537.0
Belarus,Yield,2005,hg/ha,35895.0
Belarus,Yield,2006,hg/ha,75363.0
Belarus,Yield,2007,hg/ha,41341.0
Belarus,Yield,2008,hg/ha,59498.0
Belarus,Yield,2009,hg/ha,68613.0
Belarus,Yield,2010,hg/ha,84751.0
Belarus,Yield,2011,hg/ha,31751.0
Belarus,Yield,2012,hg/ha,87594.0
Belarus,Yield,2013,hg/ha,54105.0
Belarus,Yield,2014,hg/ha,89430.0
Belarus,Yield,2015,hg/ha,65211.0
Belarus,Yield,2016,hg/ha,96372.0
Belarus,Yield,2017,hg/ha,61269.0
Belarus,Yield,2018,hg/ha,132704.0
Belarus,Yield,2019,hg/ha,65331.0
Belarus,Production,2005,tonnes,232656.0
Belarus,Production,2006,tonnes,488785.0
Belarus,Production,2007,tonnes,262928.0
Belarus,Production,2008,tonnes,379809.0
Belarus,Production,2009,tonnes,431573.0
Belarus,Production,2010,tonnes,525552.0
Belarus,Production,2011,tonnes,190829.0
Belarus,Production,2012,tonnes,511471.0
Belarus,Production,2013,tonnes,311495.0
Belarus,Production,2014,tonnes,512641.0
Belarus,Production,2015,tonnes,354817.0
Belarus,Production,2016,tonnes,508816.0
Belarus,Production,2017,tonnes,317078.0
Belarus,Production,2018,tonnes,700198.0
Belarus,Production,2019,tonnes,336697.0
Belgium,Area harvested,2005,ha,8900.0
Belgium,Area harvested,2006,ha,8600.0
Belgium,Area harvested,2007,ha,8500.0
Belgium,Area harvested,2008,ha,8100.0
Belgium,Area harvested,2009,ha,7700.0
Belgium,Area harvested,2010,ha,7730.0
Belgium,Area harvested,2011,ha,7752.0
Belgium,Area harvested,2012,ha,7100.0
Belgium,Area harvested,2013,ha,7100.0
Belgium,Area harvested,2014,ha,7100.0
Belgium,Area harvested,2015,ha,6865.0
Belgium,Area harvested,2016,ha,6491.0
Belgium,Area harvested,2017,ha,6164.0
Belgium,Area harvested,2018,ha,5990.0
Belgium,Area harvested,2019,ha,5810.0
Belgium,Yield,2005,hg/ha,365124.0
Belgium,Yield,2006,hg/ha,415698.0
Belgium,Yield,2007,hg/ha,421176.0
Belgium,Yield,2008,hg/ha,413580.0
Belgium,Yield,2009,hg/ha,403377.0
Belgium,Yield,2010,hg/ha,444994.0
Belgium,Yield,2011,hg/ha,294640.0
Belgium,Yield,2012,hg/ha,310423.0
Belgium,Yield,2013,hg/ha,322394.0
Belgium,Yield,2014,hg/ha,448451.0
Belgium,Yield,2015,hg/ha,413999.0
Belgium,Yield,2016,hg/ha,367037.0
Belgium,Yield,2017,hg/ha,139903.0
Belgium,Yield,2018,hg/ha,386144.0
Belgium,Yield,2019,hg/ha,447229.0
Belgium,Production,2005,tonnes,324960.0
Belgium,Production,2006,tonnes,357500.0
Belgium,Production,2007,tonnes,358000.0
Belgium,Production,2008,tonnes,335000.0
Belgium,Production,2009,tonnes,310600.0
Belgium,Production,2010,tonnes,343980.0
Belgium,Production,2011,tonnes,228405.0
Belgium,Production,2012,tonnes,220400.0
Belgium,Production,2013,tonnes,228900.0
Belgium,Production,2014,tonnes,318400.0
Belgium,Production,2015,tonnes,284210.0
Belgium,Production,2016,tonnes,238244.0
Belgium,Production,2017,tonnes,86236.0
Belgium,Production,2018,tonnes,231300.0
Belgium,Production,2019,tonnes,259840.0
Bhutan,Area harvested,2005,ha,2400.0
Bhutan,Area harvested,2006,ha,1800.0
Bhutan,Area harvested,2007,ha,1850.0
Bhutan,Area harvested,2008,ha,1500.0
Bhutan,Area harvested,2009,ha,1900.0
Bhutan,Area harvested,2010,ha,2094.0
Bhutan,Area harvested,2011,ha,2050.0
Bhutan,Area harvested,2012,ha,900.0
Bhutan,Area harvested,2013,ha,1000.0
Bhutan,Area harvested,2014,ha,1100.0
Bhutan,Area harvested,2015,ha,700.0
Bhutan,Area harvested,2016,ha,849.0
Bhutan,Area harvested,2017,ha,950.0
Bhutan,Area harvested,2018,ha,766.0
Bhutan,Area harvested,2019,ha,725.0
Bhutan,Yield,2005,hg/ha,43421.0
Bhutan,Yield,2006,hg/ha,41150.0
Bhutan,Yield,2007,hg/ha,38249.0
Bhutan,Yield,2008,hg/ha,33587.0
Bhutan,Yield,2009,hg/ha,34332.0
Bhutan,Yield,2010,hg/ha,82932.0
Bhutan,Yield,2011,hg/ha,101229.0
Bhutan,Yield,2012,hg/ha,85178.0
Bhutan,Yield,2013,hg/ha,78300.0
Bhutan,Yield,2014,hg/ha,72673.0
Bhutan,Yield,2015,hg/ha,75829.0
Bhutan,Yield,2016,hg/ha,77585.0
Bhutan,Yield,2017,hg/ha,84621.0
Bhutan,Yield,2018,hg/ha,48094.0
Bhutan,Yield,2019,hg/ha,59600.0
Bhutan,Production,2005,tonnes,10421.0
Bhutan,Production,2006,tonnes,7407.0
Bhutan,Production,2007,tonnes,7076.0
Bhutan,Production,2008,tonnes,5038.0
Bhutan,Production,2009,tonnes,6523.0
Bhutan,Production,2010,tonnes,17366.0
Bhutan,Production,2011,tonnes,20752.0
Bhutan,Production,2012,tonnes,7666.0
Bhutan,Production,2013,tonnes,7830.0
Bhutan,Production,2014,tonnes,7994.0
Bhutan,Production,2015,tonnes,5308.0
Bhutan,Production,2016,tonnes,6587.0
Bhutan,Production,2017,tonnes,8039.0
Bhutan,Production,2018,tonnes,3684.0
Bhutan,Production,2019,tonnes,4321.0
Bolivia (Plurinational State of),Area harvested,2005,ha,900.0
Bolivia (Plurinational State of),Area harvested,2006,ha,500.0
Bolivia (Plurinational State of),Area harvested,2007,ha,495.0
Bolivia (Plurinational State of),Area harvested,2008,ha,505.0
Bolivia (Plurinational State of),Area harvested,2009,ha,501.0
Bolivia (Plurinational State of),Area harvested,2010,ha,501.0
Bolivia (Plurinational State of),Area harvested,2011,ha,504.0
Bolivia (Plurinational State of),Area harvested,2012,ha,512.0
Bolivia (Plurinational State of),Area harvested,2013,ha,534.0
Bolivia (Plurinational State of),Area harvested,2014,ha,676.0
Bolivia (Plurinational State of),Area harvested,2015,ha,687.0
Bolivia (Plurinational State of),Area harvested,2016,ha,692.0
Bolivia (Plurinational State of),Area harvested,2017,ha,732.0
Bolivia (Plurinational State of),Area harvested,2018,ha,734.0
Bolivia (Plurinational State of),Area harvested,2019,ha,753.0
Bolivia (Plurinational State of),Yield,2005,hg/ha,44444.0
Bolivia (Plurinational State of),Yield,2006,hg/ha,40000.0
Bolivia (Plurinational State of),Yield,2007,hg/ha,39616.0
Bolivia (Plurinational State of),Yield,2008,hg/ha,40099.0
Bolivia (Plurinational State of),Yield,2009,hg/ha,38782.0
Bolivia (Plurinational State of),Yield,2010,hg/ha,39701.0
Bolivia (Plurinational State of),Yield,2011,hg/ha,39960.0
Bolivia (Plurinational State of),Yield,2012,hg/ha,39551.0
Bolivia (Plurinational State of),Yield,2013,hg/ha,38521.0
Bolivia (Plurinational State of),Yield,2014,hg/ha,35784.0
Bolivia (Plurinational State of),Yield,2015,hg/ha,36710.0
Bolivia (Plurinational State of),Yield,2016,hg/ha,37254.0
Bolivia (Plurinational State of),Yield,2017,hg/ha,37582.0
Bolivia (Plurinational State of),Yield,2018,hg/ha,38215.0
Bolivia (Plurinational State of),Yield,2019,hg/ha,38924.0
Bolivia (Plurinational State of),Production,2005,tonnes,4000.0
Bolivia (Plurinational State of),Production,2006,tonnes,2000.0
Bolivia (Plurinational State of),Production,2007,tonnes,1961.0
Bolivia (Plurinational State of),Production,2008,tonnes,2025.0
Bolivia (Plurinational State of),Production,2009,tonnes,1943.0
Bolivia (Plurinational State of),Production,2010,tonnes,1989.0
Bolivia (Plurinational State of),Production,2011,tonnes,2014.0
Bolivia (Plurinational State of),Production,2012,tonnes,2025.0
Bolivia (Plurinational State of),Production,2013,tonnes,2057.0
Bolivia (Plurinational State of),Production,2014,tonnes,2419.0
Bolivia (Plurinational State of),Production,2015,tonnes,2522.0
Bolivia (Plurinational State of),Production,2016,tonnes,2578.0
Bolivia (Plurinational State of),Production,2017,tonnes,2751.0
Bolivia (Plurinational State of),Production,2018,tonnes,2805.0
Bolivia (Plurinational State of),Production,2019,tonnes,2931.0
Bosnia and Herzegovina,Area harvested,2005,ha,14309.0
Bosnia and Herzegovina,Area harvested,2006,ha,15548.0
Bosnia and Herzegovina,Area harvested,2007,ha,16000.0
Bosnia and Herzegovina,Area harvested,2008,ha,15000.0
Bosnia and Herzegovina,Area harvested,2009,ha,20000.0
Bosnia and Herzegovina,Area harvested,2010,ha,19885.0
Bosnia and Herzegovina,Area harvested,2011,ha,23243.0
Bosnia and Herzegovina,Area harvested,2012,ha,15027.0
Bosnia and Herzegovina,Area harvested,2013,ha,25640.0
Bosnia and Herzegovina,Area harvested,2014,ha,13708.0
Bosnia and Herzegovina,Area harvested,2015,ha,28549.0
Bosnia and Herzegovina,Area harvested,2016,ha,21534.0
Bosnia and Herzegovina,Area harvested,2017,ha,16344.0
Bosnia and Herzegovina,Area harvested,2018,ha,35306.0
Bosnia and Herzegovina,Area harvested,2019,ha,30934.0
Bosnia and Herzegovina,Yield,2005,hg/ha,36467.0
Bosnia and Herzegovina,Yield,2006,hg/ha,37374.0
Bosnia and Herzegovina,Yield,2007,hg/ha,38101.0
Bosnia and Herzegovina,Yield,2008,hg/ha,34631.0
Bosnia and Herzegovina,Yield,2009,hg/ha,35754.0
Bosnia and Herzegovina,Yield,2010,hg/ha,36037.0
Bosnia and Herzegovina,Yield,2011,hg/ha,32411.0
Bosnia and Herzegovina,Yield,2012,hg/ha,33289.0
Bosnia and Herzegovina,Yield,2013,hg/ha,33197.0
Bosnia and Herzegovina,Yield,2014,hg/ha,32678.0
Bosnia and Herzegovina,Yield,2015,hg/ha,32040.0
Bosnia and Herzegovina,Yield,2016,hg/ha,32071.0
Bosnia and Herzegovina,Yield,2017,hg/ha,31970.0
Bosnia and Herzegovina,Yield,2018,hg/ha,31868.0
Bosnia and Herzegovina,Yield,2019,hg/ha,31766.0
Bosnia and Herzegovina,Production,2005,tonnes,52181.0
Bosnia and Herzegovina,Production,2006,tonnes,58109.0
Bosnia and Herzegovina,Production,2007,tonnes,60962.0
Bosnia and Herzegovina,Production,2008,tonnes,51946.0
Bosnia and Herzegovina,Production,2009,tonnes,71507.0
Bosnia and Herzegovina,Production,2010,tonnes,71659.0
Bosnia and Herzegovina,Production,2011,tonnes,75334.0
Bosnia and Herzegovina,Production,2012,tonnes,50023.0
Bosnia and Herzegovina,Production,2013,tonnes,85117.0
Bosnia and Herzegovina,Production,2014,tonnes,44795.0
Bosnia and Herzegovina,Production,2015,tonnes,91471.0
Bosnia and Herzegovina,Production,2016,tonnes,69062.0
Bosnia and Herzegovina,Production,2017,tonnes,52252.0
Bosnia and Herzegovina,Production,2018,tonnes,112513.0
Bosnia and Herzegovina,Production,2019,tonnes,98265.0
Brazil,Area harvested,2005,ha,35493.0
Brazil,Area harvested,2006,ha,36107.0
Brazil,Area harvested,2007,ha,37832.0
Brazil,Area harvested,2008,ha,38072.0
Brazil,Area harvested,2009,ha,38205.0
Brazil,Area harvested,2010,ha,38723.0
Brazil,Area harvested,2011,ha,38077.0
Brazil,Area harvested,2012,ha,38688.0
Brazil,Area harvested,2013,ha,38284.0
Brazil,Area harvested,2014,ha,37041.0
Brazil,Area harvested,2015,ha,35842.0
Brazil,Area harvested,2016,ha,34214.0
Brazil,Area harvested,2017,ha,33328.0
Brazil,Area harvested,2018,ha,33229.0
Brazil,Area harvested,2019,ha,32405.0
Brazil,Yield,2005,hg/ha,239635.0
Brazil,Yield,2006,hg/ha,239017.0
Brazil,Yield,2007,hg/ha,294824.0
Brazil,Yield,2008,hg/ha,295271.0
Brazil,Yield,2009,hg/ha,320085.0
Brazil,Yield,2010,hg/ha,330327.0
Brazil,Yield,2011,hg/ha,351655.0
Brazil,Yield,2012,hg/ha,346301.0
Brazil,Yield,2013,hg/ha,321668.0
Brazil,Yield,2014,hg/ha,372187.0
Brazil,Yield,2015,hg/ha,352841.0
Brazil,Yield,2016,hg/ha,308465.0
Brazil,Yield,2017,hg/ha,392355.0
Brazil,Yield,2018,hg/ha,362035.0
Brazil,Yield,2019,hg/ha,377404.0
Brazil,Production,2005,tonnes,850535.0
Brazil,Production,2006,tonnes,863019.0
Brazil,Production,2007,tonnes,1115379.0
Brazil,Production,2008,tonnes,1124155.0
Brazil,Production,2009,tonnes,1222885.0
Brazil,Production,2010,tonnes,1279124.0
Brazil,Production,2011,tonnes,1338995.0
Brazil,Production,2012,tonnes,1339771.0
Brazil,Production,2013,tonnes,1231472.0
Brazil,Production,2014,tonnes,1378617.0
Brazil,Production,2015,tonnes,1264651.0
Brazil,Production,2016,tonnes,1055383.0
Brazil,Production,2017,tonnes,1307642.0
Brazil,Production,2018,tonnes,1203007.0
Brazil,Production,2019,tonnes,1222979.0
Bulgaria,Area harvested,2005,ha,3127.0
Bulgaria,Area harvested,2006,ha,2979.0
Bulgaria,Area harvested,2007,ha,3524.0
Bulgaria,Area harvested,2008,ha,3247.0
Bulgaria,Area harvested,2009,ha,4321.0
Bulgaria,Area harvested,2010,ha,5201.0
Bulgaria,Area harvested,2011,ha,4890.0
Bulgaria,Area harvested,2012,ha,4621.0
Bulgaria,Area harvested,2013,ha,4813.0
Bulgaria,Area harvested,2014,ha,3951.0
Bulgaria,Area harvested,2015,ha,4765.0
Bulgaria,Area harvested,2016,ha,4111.0
Bulgaria,Area harvested,2017,ha,3973.0
Bulgaria,Area harvested,2018,ha,3980.0
Bulgaria,Area harvested,2019,ha,4140.0
Bulgaria,Yield,2005,hg/ha,83563.0
Bulgaria,Yield,2006,hg/ha,88379.0
Bulgaria,Yield,2007,hg/ha,74248.0
Bulgaria,Yield,2008,hg/ha,72427.0
Bulgaria,Yield,2009,hg/ha,82055.0
Bulgaria,Yield,2010,hg/ha,83128.0
Bulgaria,Yield,2011,hg/ha,82644.0
Bulgaria,Yield,2012,hg/ha,66960.0
Bulgaria,Yield,2013,hg/ha,114301.0
Bulgaria,Yield,2014,hg/ha,137945.0
Bulgaria,Yield,2015,hg/ha,122600.0
Bulgaria,Yield,2016,hg/ha,108866.0
Bulgaria,Yield,2017,hg/ha,113081.0
Bulgaria,Yield,2018,hg/ha,126382.0
Bulgaria,Yield,2019,hg/ha,105362.0
Bulgaria,Production,2005,tonnes,26130.0
Bulgaria,Production,2006,tonnes,26328.0
Bulgaria,Production,2007,tonnes,26165.0
Bulgaria,Production,2008,tonnes,23517.0
Bulgaria,Production,2009,tonnes,35456.0
Bulgaria,Production,2010,tonnes,43235.0
Bulgaria,Production,2011,tonnes,40413.0
Bulgaria,Production,2012,tonnes,30942.0
Bulgaria,Production,2013,tonnes,55013.0
Bulgaria,Production,2014,tonnes,54502.0
Bulgaria,Production,2015,tonnes,58419.0
Bulgaria,Production,2016,tonnes,44755.0
Bulgaria,Production,2017,tonnes,44927.0
Bulgaria,Production,2018,tonnes,50300.0
Bulgaria,Production,2019,tonnes,43620.0
Canada,Area harvested,2005,ha,19614.0
Canada,Area harvested,2006,ha,19861.0
Canada,Area harvested,2007,ha,18312.0
Canada,Area harvested,2008,ha,17808.0
Canada,Area harvested,2009,ha,17147.0
Canada,Area harvested,2010,ha,16245.0
Canada,Area harvested,2011,ha,16534.0
Canada,Area harvested,2012,ha,15958.0
Canada,Area harvested,2013,ha,16038.0
Canada,Area harvested,2014,ha,15874.0
Canada,Area harvested,2015,ha,15737.0
Canada,Area harvested,2016,ha,15873.0
Canada,Area harvested,2017,ha,15612.0
Canada,Area harvested,2018,ha,15740.0
Canada,Area harvested,2019,ha,15234.0
Canada,Yield,2005,hg/ha,211301.0
Canada,Yield,2006,hg/ha,202796.0
Canada,Yield,2007,hg/ha,243757.0
Canada,Yield,2008,hg/ha,239700.0
Canada,Yield,2009,hg/ha,253975.0
Canada,Yield,2010,hg/ha,228393.0
Canada,Yield,2011,hg/ha,254084.0
Canada,Yield,2012,hg/ha,177194.0
Canada,Yield,2013,hg/ha,266368.0
Canada,Yield,2014,hg/ha,258183.0
Canada,Yield,2015,hg/ha,221458.0
Canada,Yield,2016,hg/ha,263333.0
Canada,Yield,2017,hg/ha,257547.0
Canada,Yield,2018,hg/ha,256022.0
Canada,Yield,2019,hg/ha,248083.0
Canada,Production,2005,tonnes,414445.0
Canada,Production,2006,tonnes,402773.0
Canada,Production,2007,tonnes,446367.0
Canada,Production,2008,tonnes,426858.0
Canada,Production,2009,tonnes,435491.0
Canada,Production,2010,tonnes,371025.0
Canada,Production,2011,tonnes,420102.0
Canada,Production,2012,tonnes,282766.0
Canada,Production,2013,tonnes,427201.0
Canada,Production,2014,tonnes,409839.0
Canada,Production,2015,tonnes,348508.0
Canada,Production,2016,tonnes,417989.0
Canada,Production,2017,tonnes,402082.0
Canada,Production,2018,tonnes,402978.0
Canada,Production,2019,tonnes,377929.0
Chile,Area harvested,2005,ha,34800.0
Chile,Area harvested,2006,ha,35200.0
Chile,Area harvested,2007,ha,35000.0
Chile,Area harvested,2008,ha,35000.0
Chile,Area harvested,2009,ha,35100.0
Chile,Area harvested,2010,ha,35029.0
Chile,Area harvested,2011,ha,35030.0
Chile,Area harvested,2012,ha,35667.0
Chile,Area harvested,2013,ha,37545.0
Chile,Area harvested,2014,ha,37207.0
Chile,Area harvested,2015,ha,36206.0
Chile,Area harvested,2016,ha,36063.0
Chile,Area harvested,2017,ha,35937.0
Chile,Area harvested,2018,ha,34427.0
Chile,Area harvested,2019,ha,32371.0
Chile,Yield,2005,hg/ha,373563.0
Chile,Yield,2006,hg/ha,383523.0
Chile,Yield,2007,hg/ha,400000.0
Chile,Yield,2008,hg/ha,429743.0
Chile,Yield,2009,hg/ha,379093.0
Chile,Yield,2010,hg/ha,463685.0
Chile,Yield,2011,hg/ha,453425.0
Chile,Yield,2012,hg/ha,450673.0
Chile,Yield,2013,hg/ha,457119.0
Chile,Yield,2014,hg/ha,462787.0
Chile,Yield,2015,hg/ha,472386.0
Chile,Yield,2016,hg/ha,479739.0
Chile,Yield,2017,hg/ha,486695.0
Chile,Yield,2018,hg/ha,493817.0
Chile,Yield,2019,hg/ha,500856.0
Chile,Production,2005,tonnes,1300000.0
Chile,Production,2006,tonnes,1350000.0
Chile,Production,2007,tonnes,1400000.0
Chile,Production,2008,tonnes,1504101.0
Chile,Production,2009,tonnes,1330617.0
Chile,Production,2010,tonnes,1624242.0
Chile,Production,2011,tonnes,1588347.0
Chile,Production,2012,tonnes,1607415.0
Chile,Production,2013,tonnes,1716253.0
Chile,Production,2014,tonnes,1721893.0
Chile,Production,2015,tonnes,1710319.0
Chile,Production,2016,tonnes,1730081.0
Chile,Production,2017,tonnes,1749037.0
Chile,Production,2018,tonnes,1700065.0
Chile,Production,2019,tonnes,1621321.0
China,Area harvested,2005,ha,1890908.0
China,Area harvested,2006,ha,1899408.0
China,Area harvested,2007,ha,1962368.0
China,Area harvested,2008,ha,1992666.0
China,Area harvested,2009,ha,2049536.0
China,Area harvested,2010,ha,2140171.0
China,Area harvested,2011,ha,2177495.0
China,Area harvested,2012,ha,2231519.0
China,Area harvested,2013,ha,2272375.0
China,Area harvested,2014,ha,2272374.0
China,Area harvested,2015,ha,2328471.0
China,Area harvested,2016,ha,2122924.0
China,Area harvested,2017,ha,1947146.0
China,Area harvested,2018,ha,1938764.0
China,Area harvested,2019,ha,2041197.0
China,Yield,2005,hg/ha,127012.0
China,Yield,2006,hg/ha,137227.0
China,Yield,2007,hg/ha,142001.0
China,Yield,2008,hg/ha,149803.0
China,Yield,2009,hg/ha,154593.0
China,Yield,2010,hg/ha,155432.0
China,Yield,2011,hg/ha,165266.0
China,Yield,2012,hg/ha,172495.0
China,Yield,2013,hg/ha,174636.0
China,Yield,2014,hg/ha,180097.0
China,Yield,2015,hg/ha,167064.0
China,Yield,2016,hg/ha,190278.0
China,Yield,2017,hg/ha,212575.0
China,Yield,2018,hg/ha,202371.0
China,Yield,2019,hg/ha,207851.0
China,Production,2005,tonnes,24016881.0
China,Production,2006,tonnes,26064930.0
China,Production,2007,tonnes,27865889.0
China,Production,2008,tonnes,29850771.0
China,Production,2009,tonnes,31684433.0
China,Production,2010,tonnes,33265186.0
China,Production,2011,tonnes,35986667.0
China,Production,2012,tonnes,38492519.0
China,Production,2013,tonnes,39683908.0
China,Production,2014,tonnes,40924707.0
China,Production,2015,tonnes,38900319.0
China,Production,2016,tonnes,40394483.0
China,Production,2017,tonnes,41391451.0
China,Production,2018,tonnes,39235019.0
China,Production,2019,tonnes,42426578.0
"China, mainland",Area harvested,2005,ha,1890300.0
"China, mainland",Area harvested,2006,ha,1898800.0
"China, mainland",Area harvested,2007,ha,1961800.0
"China, mainland",Area harvested,2008,ha,1992200.0
"China, mainland",Area harvested,2009,ha,2049100.0
"China, mainland",Area harvested,2010,ha,2139940.0
"China, mainland",Area harvested,2011,ha,2177320.0
"China, mainland",Area harvested,2012,ha,2231350.0
"China, mainland",Area harvested,2013,ha,2272200.0
"China, mainland",Area harvested,2014,ha,2272200.0
"China, mainland",Area harvested,2015,ha,2328300.0
"China, mainland",Area harvested,2016,ha,2122720.0
"China, mainland",Area harvested,2017,ha,1946950.0
"China, mainland",Area harvested,2018,ha,1938570.0
"China, mainland",Area harvested,2019,ha,2041002.0
"China, mainland",Yield,2005,hg/ha,127023.0
"China, mainland",Yield,2006,hg/ha,137239.0
"China, mainland",Yield,2007,hg/ha,142012.0
"China, mainland",Yield,2008,hg/ha,149817.0
"China, mainland",Yield,2009,hg/ha,154608.0
"China, mainland",Yield,2010,hg/ha,155439.0
"China, mainland",Yield,2011,hg/ha,165272.0
"China, mainland",Yield,2012,hg/ha,172501.0
"China, mainland",Yield,2013,hg/ha,174644.0
"China, mainland",Yield,2014,hg/ha,180104.0
"China, mainland",Yield,2015,hg/ha,167070.0
"China, mainland",Yield,2016,hg/ha,190289.0
"China, mainland",Yield,2017,hg/ha,212589.0
"China, mainland",Yield,2018,hg/ha,202383.0
"China, mainland",Yield,2019,hg/ha,207866.0
"China, mainland",Production,2005,tonnes,24011080.0
"China, mainland",Production,2006,tonnes,26059000.0
"China, mainland",Production,2007,tonnes,27859936.0
"China, mainland",Production,2008,tonnes,29846608.0
"China, mainland",Production,2009,tonnes,31680788.0
"China, mainland",Production,2010,tonnes,33263000.0
"China, mainland",Production,2011,tonnes,35985000.0
"China, mainland",Production,2012,tonnes,38491000.0
"China, mainland",Production,2013,tonnes,39682616.0
"China, mainland",Production,2014,tonnes,40923200.0
"China, mainland",Production,2015,tonnes,38899000.0
"China, mainland",Production,2016,tonnes,40393000.0
"China, mainland",Production,2017,tonnes,41390000.0
"China, mainland",Production,2018,tonnes,39233400.0
"China, mainland",Production,2019,tonnes,42425400.0
"China, Taiwan Province of",Area harvested,2005,ha,608.0
"China, Taiwan Province of",Area harvested,2006,ha,608.0
"China, Taiwan Province of",Area harvested,2007,ha,568.0
"China, Taiwan Province of",Area harvested,2008,ha,466.0
"China, Taiwan Province of",Area harvested,2009,ha,436.0
"China, Taiwan Province of",Area harvested,2010,ha,231.0
"China, Taiwan Province of",Area harvested,2011,ha,175.0
"China, Taiwan Province of",Area harvested,2012,ha,169.0
"China, Taiwan Province of",Area harvested,2013,ha,175.0
"China, Taiwan Province of",Area harvested,2014,ha,174.0
"China, Taiwan Province of",Area harvested,2015,ha,171.0
"China, Taiwan Province of",Area harvested,2016,ha,204.0
"China, Taiwan Province of",Area harvested,2017,ha,196.0
"China, Taiwan Province of",Area harvested,2018,ha,194.0
"China, Taiwan Province of",Area harvested,2019,ha,195.0
"China, Taiwan Province of",Yield,2005,hg/ha,95411.0
"China, Taiwan Province of",Yield,2006,hg/ha,97533.0
"China, Taiwan Province of",Yield,2007,hg/ha,104806.0
"China, Taiwan Province of",Yield,2008,hg/ha,89335.0
"China, Taiwan Province of",Yield,2009,hg/ha,83601.0
"China, Taiwan Province of",Yield,2010,hg/ha,94632.0
"China, Taiwan Province of",Yield,2011,hg/ha,95257.0
"China, Taiwan Province of",Yield,2012,hg/ha,89882.0
"China, Taiwan Province of",Yield,2013,hg/ha,73829.0
"China, Taiwan Province of",Yield,2014,hg/ha,86609.0
"China, Taiwan Province of",Yield,2015,hg/ha,77135.0
"China, Taiwan Province of",Yield,2016,hg/ha,72696.0
"China, Taiwan Province of",Yield,2017,hg/ha,74031.0
"China, Taiwan Province of",Yield,2018,hg/ha,83454.0
"China, Taiwan Province of",Yield,2019,hg/ha,60410.0
"China, Taiwan Province of",Production,2005,tonnes,5801.0
"China, Taiwan Province of",Production,2006,tonnes,5930.0
"China, Taiwan Province of",Production,2007,tonnes,5953.0
"China, Taiwan Province of",Production,2008,tonnes,4163.0
"China, Taiwan Province of",Production,2009,tonnes,3645.0
"China, Taiwan Province of",Production,2010,tonnes,2186.0
"China, Taiwan Province of",Production,2011,tonnes,1667.0
"China, Taiwan Province of",Production,2012,tonnes,1519.0
"China, Taiwan Province of",Production,2013,tonnes,1292.0
"China, Taiwan Province of",Production,2014,tonnes,1507.0
"China, Taiwan Province of",Production,2015,tonnes,1319.0
"China, Taiwan Province of",Production,2016,tonnes,1483.0
"China, Taiwan Province of",Production,2017,tonnes,1451.0
"China, Taiwan Province of",Production,2018,tonnes,1619.0
"China, Taiwan Province of",Production,2019,tonnes,1178.0
Colombia,Area harvested,2005,ha,413.0
Colombia,Area harvested,2006,ha,424.0
Colombia,Area harvested,2007,ha,306.0
Colombia,Area harvested,2008,ha,87.0
Colombia,Area harvested,2009,ha,153.0
Colombia,Area harvested,2010,ha,156.0
Colombia,Area harvested,2011,ha,121.0
Colombia,Area harvested,2012,ha,226.0
Colombia,Area harvested,2013,ha,246.0
Colombia,Area harvested,2014,ha,200.0
Colombia,Area harvested,2015,ha,225.0
Colombia,Area harvested,2016,ha,213.0
Colombia,Area harvested,2017,ha,570.0
Colombia,Area harvested,2018,ha,705.0
Colombia,Area harvested,2019,ha,613.0
Colombia,Yield,2005,hg/ha,107385.0
Colombia,Yield,2006,hg/ha,106557.0
Colombia,Yield,2007,hg/ha,94477.0
Colombia,Yield,2008,hg/ha,120690.0
Colombia,Yield,2009,hg/ha,87582.0
Colombia,Yield,2010,hg/ha,105000.0
Colombia,Yield,2011,hg/ha,100744.0
Colombia,Yield,2012,hg/ha,96903.0
Colombia,Yield,2013,hg/ha,103537.0
Colombia,Yield,2014,hg/ha,112350.0
Colombia,Yield,2015,hg/ha,111378.0
Colombia,Yield,2016,hg/ha,106056.0
Colombia,Yield,2017,hg/ha,53772.0
Colombia,Yield,2018,hg/ha,67149.0
Colombia,Yield,2019,hg/ha,82431.0
Colombia,Production,2005,tonnes,4435.0
Colombia,Production,2006,tonnes,4518.0
Colombia,Production,2007,tonnes,2891.0
Colombia,Production,2008,tonnes,1050.0
Colombia,Production,2009,tonnes,1340.0
Colombia,Production,2010,tonnes,1638.0
Colombia,Production,2011,tonnes,1219.0
Colombia,Production,2012,tonnes,2190.0
Colombia,Production,2013,tonnes,2547.0
Colombia,Production,2014,tonnes,2247.0
Colombia,Production,2015,tonnes,2506.0
Colombia,Production,2016,tonnes,2259.0
Colombia,Production,2017,tonnes,3065.0
Colombia,Production,2018,tonnes,4734.0
Colombia,Production,2019,tonnes,5053.0
Croatia,Area harvested,2005,ha,5625.0
Croatia,Area harvested,2006,ha,5863.0
Croatia,Area harvested,2007,ha,5993.0
Croatia,Area harvested,2008,ha,6404.0
Croatia,Area harvested,2009,ha,6515.0
Croatia,Area harvested,2010,ha,6599.0
Croatia,Area harvested,2011,ha,6553.0
Croatia,Area harvested,2012,ha,5980.0
Croatia,Area harvested,2013,ha,5377.0
Croatia,Area harvested,2014,ha,5944.0
Croatia,Area harvested,2015,ha,5756.0
Croatia,Area harvested,2016,ha,5890.0
Croatia,Area harvested,2017,ha,4838.0
Croatia,Area harvested,2018,ha,4730.0
Croatia,Area harvested,2019,ha,4950.0
Croatia,Yield,2005,hg/ha,101863.0
Croatia,Yield,2006,hg/ha,98194.0
Croatia,Yield,2007,hg/ha,105108.0
Croatia,Yield,2008,hg/ha,89539.0
Croatia,Yield,2009,hg/ha,113467.0
Croatia,Yield,2010,hg/ha,135057.0
Croatia,Yield,2011,hg/ha,152107.0
Croatia,Yield,2012,hg/ha,62565.0
Croatia,Yield,2013,hg/ha,226405.0
Croatia,Yield,2014,hg/ha,162690.0
Croatia,Yield,2015,hg/ha,176776.0
Croatia,Yield,2016,hg/ha,76029.0
Croatia,Yield,2017,hg/ha,116928.0
Croatia,Yield,2018,hg/ha,190803.0
Croatia,Yield,2019,hg/ha,138081.0
Croatia,Production,2005,tonnes,57298.0
Croatia,Production,2006,tonnes,57571.0
Croatia,Production,2007,tonnes,62991.0
Croatia,Production,2008,tonnes,57341.0
Croatia,Production,2009,tonnes,73924.0
Croatia,Production,2010,tonnes,89124.0
Croatia,Production,2011,tonnes,99676.0
Croatia,Production,2012,tonnes,37414.0
Croatia,Production,2013,tonnes,121738.0
Croatia,Production,2014,tonnes,96703.0
Croatia,Production,2015,tonnes,101752.0
Croatia,Production,2016,tonnes,44781.0
Croatia,Production,2017,tonnes,56570.0
Croatia,Production,2018,tonnes,90250.0
Croatia,Production,2019,tonnes,68350.0
Cyprus,Area harvested,2005,ha,1274.0
Cyprus,Area harvested,2006,ha,1278.0
Cyprus,Area harvested,2007,ha,1062.0
Cyprus,Area harvested,2008,ha,943.0
Cyprus,Area harvested,2009,ha,1218.0
Cyprus,Area harvested,2010,ha,754.0
Cyprus,Area harvested,2011,ha,836.0
Cyprus,Area harvested,2012,ha,858.0
Cyprus,Area harvested,2013,ha,625.0
Cyprus,Area harvested,2014,ha,606.0
Cyprus,Area harvested,2015,ha,610.0
Cyprus,Area harvested,2016,ha,525.0
Cyprus,Area harvested,2017,ha,372.0
Cyprus,Area harvested,2018,ha,370.0
Cyprus,Area harvested,2019,ha,370.0
Cyprus,Yield,2005,hg/ha,84623.0
Cyprus,Yield,2006,hg/ha,84053.0
Cyprus,Yield,2007,hg/ha,80923.0
Cyprus,Yield,2008,hg/ha,69385.0
Cyprus,Yield,2009,hg/ha,59721.0
Cyprus,Yield,2010,hg/ha,92175.0
Cyprus,Yield,2011,hg/ha,85179.0
Cyprus,Yield,2012,hg/ha,79744.0
Cyprus,Yield,2013,hg/ha,85008.0
Cyprus,Yield,2014,hg/ha,80000.0
Cyprus,Yield,2015,hg/ha,80000.0
Cyprus,Yield,2016,hg/ha,80000.0
Cyprus,Yield,2017,hg/ha,101935.0
Cyprus,Yield,2018,hg/ha,51622.0
Cyprus,Yield,2019,hg/ha,49730.0
Cyprus,Production,2005,tonnes,10781.0
Cyprus,Production,2006,tonnes,10742.0
Cyprus,Production,2007,tonnes,8594.0
Cyprus,Production,2008,tonnes,6543.0
Cyprus,Production,2009,tonnes,7274.0
Cyprus,Production,2010,tonnes,6950.0
Cyprus,Production,2011,tonnes,7121.0
Cyprus,Production,2012,tonnes,6842.0
Cyprus,Production,2013,tonnes,5313.0
Cyprus,Production,2014,tonnes,4848.0
Cyprus,Production,2015,tonnes,4880.0
Cyprus,Production,2016,tonnes,4200.0
Cyprus,Production,2017,tonnes,3792.0
Cyprus,Production,2018,tonnes,1910.0
Cyprus,Production,2019,tonnes,1840.0
Czechia,Area harvested,2005,ha,9540.0
Czechia,Area harvested,2006,ha,9290.0
Czechia,Area harvested,2007,ha,9100.0
Czechia,Area harvested,2008,ha,9040.0
Czechia,Area harvested,2009,ha,8990.0
Czechia,Area harvested,2010,ha,9030.0
Czechia,Area harvested,2011,ha,9299.0
Czechia,Area harvested,2012,ha,9367.0
Czechia,Area harvested,2013,ha,8982.0
Czechia,Area harvested,2014,ha,8962.0
Czechia,Area harvested,2015,ha,8309.0
Czechia,Area harvested,2016,ha,7491.0
Czechia,Area harvested,2017,ha,7349.0
Czechia,Area harvested,2018,ha,7250.0
Czechia,Area harvested,2019,ha,7320.0
Czechia,Yield,2005,hg/ha,140560.0
Czechia,Yield,2006,hg/ha,146808.0
Czechia,Yield,2007,hg/ha,127268.0
Czechia,Yield,2008,hg/ha,170424.0
Czechia,Yield,2009,hg/ha,157949.0
Czechia,Yield,2010,hg/ha,110522.0
Czechia,Yield,2011,hg/ha,90971.0
Czechia,Yield,2012,hg/ha,126731.0
Czechia,Yield,2013,hg/ha,135608.0
Czechia,Yield,2014,hg/ha,143151.0
Czechia,Yield,2015,hg/ha,186979.0
Czechia,Yield,2016,hg/ha,166863.0
Czechia,Yield,2017,hg/ha,143258.0
Czechia,Yield,2018,hg/ha,209007.0
Czechia,Yield,2019,hg/ha,135929.0
Czechia,Production,2005,tonnes,134094.0
Czechia,Production,2006,tonnes,136385.0
Czechia,Production,2007,tonnes,115814.0
Czechia,Production,2008,tonnes,154063.0
Czechia,Production,2009,tonnes,141996.0
Czechia,Production,2010,tonnes,99801.0
Czechia,Production,2011,tonnes,84594.0
Czechia,Production,2012,tonnes,118709.0
Czechia,Production,2013,tonnes,121803.0
Czechia,Production,2014,tonnes,128292.0
Czechia,Production,2015,tonnes,155361.0
Czechia,Production,2016,tonnes,124997.0
Czechia,Production,2017,tonnes,105280.0
Czechia,Production,2018,tonnes,151530.0
Czechia,Production,2019,tonnes,99500.0
Democratic People's Republic of Korea,Area harvested,2005,ha,72481.0
Democratic People's Republic of Korea,Area harvested,2006,ha,72511.0
Democratic People's Republic of Korea,Area harvested,2007,ha,70000.0
Democratic People's Republic of Korea,Area harvested,2008,ha,70076.0
Democratic People's Republic of Korea,Area harvested,2009,ha,71220.0
Democratic People's Republic of Korea,Area harvested,2010,ha,71473.0
Democratic People's Republic of Korea,Area harvested,2011,ha,72800.0
Democratic People's Republic of Korea,Area harvested,2012,ha,73500.0
Democratic People's Republic of Korea,Area harvested,2013,ha,73500.0
Democratic People's Republic of Korea,Area harvested,2014,ha,73631.0
Democratic People's Republic of Korea,Area harvested,2015,ha,72419.0
Democratic People's Republic of Korea,Area harvested,2016,ha,72005.0
Democratic People's Republic of Korea,Area harvested,2017,ha,71632.0
Democratic People's Republic of Korea,Area harvested,2018,ha,71269.0
Democratic People's Republic of Korea,Area harvested,2019,ha,70916.0
Democratic People's Republic of Korea,Yield,2005,hg/ha,92162.0
Democratic People's Republic of Korea,Yield,2006,hg/ha,91710.0
Democratic People's Republic of Korea,Yield,2007,hg/ha,90714.0
Democratic People's Republic of Korea,Yield,2008,hg/ha,93829.0
Democratic People's Republic of Korea,Yield,2009,hg/ha,96575.0
Democratic People's Republic of Korea,Yield,2010,hg/ha,99662.0
Democratic People's Republic of Korea,Yield,2011,hg/ha,103338.0
Democratic People's Republic of Korea,Yield,2012,hg/ha,106803.0
Democratic People's Republic of Korea,Yield,2013,hg/ha,106122.0
Democratic People's Republic of Korea,Yield,2014,hg/ha,105543.0
Democratic People's Republic of Korea,Yield,2015,hg/ha,107252.0
Democratic People's Republic of Korea,Yield,2016,hg/ha,109227.0
Democratic People's Republic of Korea,Yield,2017,hg/ha,110702.0
Democratic People's Republic of Korea,Yield,2018,hg/ha,112177.0
Democratic People's Republic of Korea,Yield,2019,hg/ha,113651.0
Democratic People's Republic of Korea,Production,2005,tonnes,668000.0
Democratic People's Republic of Korea,Production,2006,tonnes,665000.0
Democratic People's Republic of Korea,Production,2007,tonnes,635000.0
Democratic People's Republic of Korea,Production,2008,tonnes,657518.0
Democratic People's Republic of Korea,Production,2009,tonnes,687808.0
Democratic People's Republic of Korea,Production,2010,tonnes,712312.0
Democratic People's Republic of Korea,Production,2011,tonnes,752300.0
Democratic People's Republic of Korea,Production,2012,tonnes,785000.0
Democratic People's Republic of Korea,Production,2013,tonnes,780000.0
Democratic People's Republic of Korea,Production,2014,tonnes,777126.0
Democratic People's Republic of Korea,Production,2015,tonnes,776710.0
Democratic People's Republic of Korea,Production,2016,tonnes,786491.0
Democratic People's Republic of Korea,Production,2017,tonnes,792982.0
Democratic People's Republic of Korea,Production,2018,tonnes,799473.0
Democratic People's Republic of Korea,Production,2019,tonnes,805965.0
Denmark,Area harvested,2005,ha,1617.0
Denmark,Area harvested,2006,ha,1536.0
Denmark,Area harvested,2007,ha,1486.0
Denmark,Area harvested,2008,ha,1500.0
Denmark,Area harvested,2009,ha,1464.0
Denmark,Area harvested,2010,ha,1610.0
Denmark,Area harvested,2011,ha,1513.0
Denmark,Area harvested,2012,ha,1348.0
Denmark,Area harvested,2013,ha,1381.0
Denmark,Area harvested,2014,ha,1378.0
Denmark,Area harvested,2015,ha,1389.0
Denmark,Area harvested,2016,ha,1330.0
Denmark,Area harvested,2017,ha,1281.0
Denmark,Area harvested,2018,ha,1420.0
Denmark,Area harvested,2019,ha,1390.0
Denmark,Yield,2005,hg/ha,218349.0
Denmark,Yield,2006,hg/ha,206895.0
Denmark,Yield,2007,hg/ha,215343.0
Denmark,Yield,2008,hg/ha,193053.0
Denmark,Yield,2009,hg/ha,187930.0
Denmark,Yield,2010,hg/ha,150248.0
Denmark,Yield,2011,hg/ha,170093.0
Denmark,Yield,2012,hg/ha,138954.0
Denmark,Yield,2013,hg/ha,225807.0
Denmark,Yield,2014,hg/ha,256684.0
Denmark,Yield,2015,hg/ha,256638.0
Denmark,Yield,2016,hg/ha,274211.0
Denmark,Yield,2017,hg/ha,160000.0
Denmark,Yield,2018,hg/ha,229930.0
Denmark,Yield,2019,hg/ha,181367.0
Denmark,Production,2005,tonnes,35307.0
Denmark,Production,2006,tonnes,31779.0
Denmark,Production,2007,tonnes,32000.0
Denmark,Production,2008,tonnes,28958.0
Denmark,Production,2009,tonnes,27513.0
Denmark,Production,2010,tonnes,24190.0
Denmark,Production,2011,tonnes,25735.0
Denmark,Production,2012,tonnes,18731.0
Denmark,Production,2013,tonnes,31184.0
Denmark,Production,2014,tonnes,35371.0
Denmark,Production,2015,tonnes,35647.0
Denmark,Production,2016,tonnes,36470.0
Denmark,Production,2017,tonnes,20496.0
Denmark,Production,2018,tonnes,32650.0
Denmark,Production,2019,tonnes,25210.0
Ecuador,Area harvested,2005,ha,2989.0
Ecuador,Area harvested,2006,ha,3000.0
Ecuador,Area harvested,2007,ha,3100.0
Ecuador,Area harvested,2008,ha,1200.0
Ecuador,Area harvested,2009,ha,1500.0
Ecuador,Area harvested,2010,ha,1832.0
Ecuador,Area harvested,2011,ha,1778.0
Ecuador,Area harvested,2012,ha,1657.0
Ecuador,Area harvested,2013,ha,1548.0
Ecuador,Area harvested,2014,ha,1395.0
Ecuador,Area harvested,2015,ha,1294.0
Ecuador,Area harvested,2016,ha,1156.0
Ecuador,Area harvested,2017,ha,1045.0
Ecuador,Area harvested,2018,ha,946.0
Ecuador,Area harvested,2019,ha,869.0
Ecuador,Yield,2005,hg/ha,56009.0
Ecuador,Yield,2006,hg/ha,56167.0
Ecuador,Yield,2007,hg/ha,56452.0
Ecuador,Yield,2008,hg/ha,55725.0
Ecuador,Yield,2009,hg/ha,53333.0
Ecuador,Yield,2010,hg/ha,49525.0
Ecuador,Yield,2011,hg/ha,51670.0
Ecuador,Yield,2012,hg/ha,55094.0
Ecuador,Yield,2013,hg/ha,56105.0
Ecuador,Yield,2014,hg/ha,53090.0
Ecuador,Yield,2015,hg/ha,51978.0
Ecuador,Yield,2016,hg/ha,52950.0
Ecuador,Yield,2017,hg/ha,53139.0
Ecuador,Yield,2018,hg/ha,53383.0
Ecuador,Yield,2019,hg/ha,53602.0
Ecuador,Production,2005,tonnes,16741.0
Ecuador,Production,2006,tonnes,16850.0
Ecuador,Production,2007,tonnes,17500.0
Ecuador,Production,2008,tonnes,6687.0
Ecuador,Production,2009,tonnes,8000.0
Ecuador,Production,2010,tonnes,9073.0
Ecuador,Production,2011,tonnes,9187.0
Ecuador,Production,2012,tonnes,9129.0
Ecuador,Production,2013,tonnes,8685.0
Ecuador,Production,2014,tonnes,7406.0
Ecuador,Production,2015,tonnes,6726.0
Ecuador,Production,2016,tonnes,6121.0
Ecuador,Production,2017,tonnes,5553.0
Ecuador,Production,2018,tonnes,5050.0
Ecuador,Production,2019,tonnes,4658.0
Egypt,Area harvested,2005,ha,25450.0
Egypt,Area harvested,2006,ha,25100.0
Egypt,Area harvested,2007,ha,24140.0
Egypt,Area harvested,2008,ha,23883.0
Egypt,Area harvested,2009,ha,21569.0
Egypt,Area harvested,2010,ha,21088.0
Egypt,Area harvested,2011,ha,20956.0
Egypt,Area harvested,2012,ha,21145.0
Egypt,Area harvested,2013,ha,24857.0
Egypt,Area harvested,2014,ha,25777.0
Egypt,Area harvested,2015,ha,28365.0
Egypt,Area harvested,2016,ha,29353.0
Egypt,Area harvested,2017,ha,28884.0
Egypt,Area harvested,2018,ha,28799.0
Egypt,Area harvested,2019,ha,28631.0
Egypt,Yield,2005,hg/ha,227210.0
Egypt,Yield,2006,hg/ha,227223.0
Egypt,Yield,2007,hg/ha,231128.0
Egypt,Yield,2008,hg/ha,230600.0
Egypt,Yield,2009,hg/ha,235909.0
Egypt,Yield,2010,hg/ha,233839.0
Egypt,Yield,2011,hg/ha,217511.0
Egypt,Yield,2012,hg/ha,255965.0
Egypt,Yield,2013,hg/ha,253294.0
Egypt,Yield,2014,hg/ha,241931.0
Egypt,Yield,2015,hg/ha,245291.0
Egypt,Yield,2016,hg/ha,257161.0
Egypt,Yield,2017,hg/ha,247982.0
Egypt,Yield,2018,hg/ha,248671.0
Egypt,Yield,2019,hg/ha,253849.0
Egypt,Production,2005,tonnes,578250.0
Egypt,Production,2006,tonnes,570330.0
Egypt,Production,2007,tonnes,557944.0
Egypt,Production,2008,tonnes,550743.0
Egypt,Production,2009,tonnes,508833.0
Egypt,Production,2010,tonnes,493119.0
Egypt,Production,2011,tonnes,455817.0
Egypt,Production,2012,tonnes,541239.0
Egypt,Production,2013,tonnes,629613.0
Egypt,Production,2014,tonnes,623625.0
Egypt,Production,2015,tonnes,695769.0
Egypt,Production,2016,tonnes,754846.0
Egypt,Production,2017,tonnes,716271.0
Egypt,Production,2018,tonnes,716148.0
Egypt,Production,2019,tonnes,726794.0
El Salvador,Area harvested,2005,ha,350.0
El Salvador,Area harvested,2006,ha,750.0
El Salvador,Area harvested,2007,ha,750.0
El Salvador,Area harvested,2008,ha,1500.0
El Salvador,Area harvested,2009,ha,3200.0
El Salvador,Area harvested,2010,ha,3500.0
El Salvador,Area harvested,2011,ha,4900.0
El Salvador,Area harvested,2012,ha,5000.0
El Salvador,Area harvested,2013,ha,5415.0
El Salvador,Area harvested,2014,ha,5922.0
El Salvador,Area harvested,2015,ha,7102.0
El Salvador,Area harvested,2016,ha,7722.0
El Salvador,Area harvested,2017,ha,8397.0
El Salvador,Area harvested,2018,ha,9073.0
El Salvador,Area harvested,2019,ha,9749.0
El Salvador,Yield,2005,hg/ha,71429.0
El Salvador,Yield,2006,hg/ha,66667.0
El Salvador,Yield,2007,hg/ha,66667.0
El Salvador,Yield,2008,hg/ha,66667.0
El Salvador,Yield,2009,hg/ha,65625.0
El Salvador,Yield,2010,hg/ha,65714.0
El Salvador,Yield,2011,hg/ha,65306.0
El Salvador,Yield,2012,hg/ha,68000.0
El Salvador,Yield,2013,hg/ha,67477.0
El Salvador,Yield,2014,hg/ha,66694.0
El Salvador,Yield,2015,hg/ha,66563.0
El Salvador,Yield,2016,hg/ha,66717.0
El Salvador,Yield,2017,hg/ha,66704.0
El Salvador,Yield,2018,hg/ha,66686.0
El Salvador,Yield,2019,hg/ha,66670.0
El Salvador,Production,2005,tonnes,2500.0
El Salvador,Production,2006,tonnes,5000.0
El Salvador,Production,2007,tonnes,5000.0
El Salvador,Production,2008,tonnes,10000.0
El Salvador,Production,2009,tonnes,21000.0
El Salvador,Production,2010,tonnes,23000.0
El Salvador,Production,2011,tonnes,32000.0
El Salvador,Production,2012,tonnes,34000.0
El Salvador,Production,2013,tonnes,36539.0
El Salvador,Production,2014,tonnes,39496.0
El Salvador,Production,2015,tonnes,47273.0
El Salvador,Production,2016,tonnes,51519.0
El Salvador,Production,2017,tonnes,56011.0
El Salvador,Production,2018,tonnes,60504.0
El Salvador,Production,2019,tonnes,64997.0
Estonia,Area harvested,2005,ha,6539.0
Estonia,Area harvested,2006,ha,5118.0
Estonia,Area harvested,2007,ha,4331.0
Estonia,Area harvested,2008,ha,4039.0
Estonia,Area harvested,2009,ha,4222.0
Estonia,Area harvested,2010,ha,3319.0
Estonia,Area harvested,2011,ha,3329.0
Estonia,Area harvested,2012,ha,3140.0
Estonia,Area harvested,2013,ha,3032.0
Estonia,Area harvested,2014,ha,2924.0
Estonia,Area harvested,2015,ha,2800.0
Estonia,Area harvested,2016,ha,2482.0
Estonia,Area harvested,2017,ha,2522.0
Estonia,Area harvested,2018,ha,600.0
Estonia,Area harvested,2019,ha,570.0
Estonia,Yield,2005,hg/ha,16307.0
Estonia,Yield,2006,hg/ha,5539.0
Estonia,Yield,2007,hg/ha,9437.0
Estonia,Yield,2008,hg/ha,5566.0
Estonia,Yield,2009,hg/ha,12899.0
Estonia,Yield,2010,hg/ha,5975.0
Estonia,Yield,2011,hg/ha,8117.0
Estonia,Yield,2012,hg/ha,5908.0
Estonia,Yield,2013,hg/ha,14548.0
Estonia,Yield,2014,hg/ha,7890.0
Estonia,Yield,2015,hg/ha,9643.0
Estonia,Yield,2016,hg/ha,22147.0
Estonia,Yield,2017,hg/ha,14465.0
Estonia,Yield,2018,hg/ha,27333.0
Estonia,Yield,2019,hg/ha,32456.0
Estonia,Production,2005,tonnes,10663.0
Estonia,Production,2006,tonnes,2835.0
Estonia,Production,2007,tonnes,4087.0
Estonia,Production,2008,tonnes,2248.0
Estonia,Production,2009,tonnes,5446.0
Estonia,Production,2010,tonnes,1983.0
Estonia,Production,2011,tonnes,2702.0
Estonia,Production,2012,tonnes,1855.0
Estonia,Production,2013,tonnes,4411.0
Estonia,Production,2014,tonnes,2307.0
Estonia,Production,2015,tonnes,2700.0
Estonia,Production,2016,tonnes,5497.0
Estonia,Production,2017,tonnes,3648.0
Estonia,Production,2018,tonnes,1640.0
Estonia,Production,2019,tonnes,1850.0
Finland,Area harvested,2005,ha,646.0
Finland,Area harvested,2006,ha,635.0
Finland,Area harvested,2007,ha,649.0
Finland,Area harvested,2008,ha,668.0
Finland,Area harvested,2009,ha,653.0
Finland,Area harvested,2010,ha,679.0
Finland,Area harvested,2011,ha,669.0
Finland,Area harvested,2012,ha,667.0
Finland,Area harvested,2013,ha,660.0
Finland,Area harvested,2014,ha,669.0
Finland,Area harvested,2015,ha,666.0
Finland,Area harvested,2016,ha,666.0
Finland,Area harvested,2017,ha,684.0
Finland,Area harvested,2018,ha,630.0
Finland,Area harvested,2019,ha,650.0
Finland,Yield,2005,hg/ha,55882.0
Finland,Yield,2006,hg/ha,51354.0
Finland,Yield,2007,hg/ha,53436.0
Finland,Yield,2008,hg/ha,64102.0
Finland,Yield,2009,hg/ha,65360.0
Finland,Yield,2010,hg/ha,62769.0
Finland,Yield,2011,hg/ha,78460.0
Finland,Yield,2012,hg/ha,72069.0
Finland,Yield,2013,hg/ha,74318.0
Finland,Yield,2014,hg/ha,77892.0
Finland,Yield,2015,hg/ha,90495.0
Finland,Yield,2016,hg/ha,96111.0
Finland,Yield,2017,hg/ha,98801.0
Finland,Yield,2018,hg/ha,114286.0
Finland,Yield,2019,hg/ha,124462.0
Finland,Production,2005,tonnes,3610.0
Finland,Production,2006,tonnes,3261.0
Finland,Production,2007,tonnes,3468.0
Finland,Production,2008,tonnes,4282.0
Finland,Production,2009,tonnes,4268.0
Finland,Production,2010,tonnes,4262.0
Finland,Production,2011,tonnes,5249.0
Finland,Production,2012,tonnes,4807.0
Finland,Production,2013,tonnes,4905.0
Finland,Production,2014,tonnes,5211.0
Finland,Production,2015,tonnes,6027.0
Finland,Production,2016,tonnes,6401.0
Finland,Production,2017,tonnes,6758.0
Finland,Production,2018,tonnes,7200.0
Finland,Production,2019,tonnes,8090.0
France,Area harvested,2005,ha,46723.0
France,Area harvested,2006,ha,43888.0
France,Area harvested,2007,ha,43252.0
France,Area harvested,2008,ha,42073.0
France,Area harvested,2009,ha,41201.0
France,Area harvested,2010,ha,40908.0
France,Area harvested,2011,ha,39725.0
France,Area harvested,2012,ha,38714.0
France,Area harvested,2013,ha,37593.0
France,Area harvested,2014,ha,50170.0
France,Area harvested,2015,ha,49663.0
France,Area harvested,2016,ha,50150.0
France,Area harvested,2017,ha,50309.0
France,Area harvested,2018,ha,50540.0
France,Area harvested,2019,ha,50370.0
France,Yield,2005,hg/ha,391492.0
France,Yield,2006,hg/ha,382639.0
France,Yield,2007,hg/ha,411992.0
France,Yield,2008,hg/ha,404476.0
France,Yield,2009,hg/ha,419799.0
France,Yield,2010,hg/ha,428099.0
France,Yield,2011,hg/ha,443711.0
France,Yield,2012,hg/ha,337432.0
France,Yield,2013,hg/ha,449062.0
France,Yield,2014,hg/ha,368258.0
France,Yield,2015,hg/ha,396397.0
France,Yield,2016,hg/ha,363534.0
France,Yield,2017,hg/ha,337106.0
France,Yield,2018,hg/ha,344351.0
France,Yield,2019,hg/ha,348124.0
France,Production,2005,tonnes,1829166.0
France,Production,2006,tonnes,1679328.0
France,Production,2007,tonnes,1781947.0
France,Production,2008,tonnes,1701752.0
France,Production,2009,tonnes,1729615.0
France,Production,2010,tonnes,1751269.0
France,Production,2011,tonnes,1762640.0
France,Production,2012,tonnes,1306333.0
France,Production,2013,tonnes,1688158.0
France,Production,2014,tonnes,1847551.0
France,Production,2015,tonnes,1968628.0
France,Production,2016,tonnes,1823123.0
France,Production,2017,tonnes,1695949.0
France,Production,2018,tonnes,1740350.0
France,Production,2019,tonnes,1753500.0
Georgia,Area harvested,2005,ha,32989.0
Georgia,Area harvested,2006,ha,10000.0
Georgia,Area harvested,2007,ha,28000.0
Georgia,Area harvested,2008,ha,12000.0
Georgia,Area harvested,2009,ha,22000.0
Georgia,Area harvested,2010,ha,5923.0
Georgia,Area harvested,2011,ha,18151.0
Georgia,Area harvested,2012,ha,12359.0
Georgia,Area harvested,2013,ha,18680.0
Georgia,Area harvested,2014,ha,22380.0
Georgia,Area harvested,2015,ha,7663.0
Georgia,Area harvested,2016,ha,19767.0
Georgia,Area harvested,2017,ha,6073.0
Georgia,Area harvested,2018,ha,25776.0
Georgia,Area harvested,2019,ha,13897.0
Georgia,Yield,2005,hg/ha,31607.0
Georgia,Yield,2006,hg/ha,32800.0
Georgia,Yield,2007,hg/ha,36179.0
Georgia,Yield,2008,hg/ha,34583.0
Georgia,Yield,2009,hg/ha,36682.0
Georgia,Yield,2010,hg/ha,35624.0
Georgia,Yield,2011,hg/ha,35425.0
Georgia,Yield,2012,hg/ha,36411.0
Georgia,Yield,2013,hg/ha,36724.0
Georgia,Yield,2014,hg/ha,36774.0
Georgia,Yield,2015,hg/ha,33538.0
Georgia,Yield,2016,hg/ha,32984.0
Georgia,Yield,2017,hg/ha,32439.0
Georgia,Yield,2018,hg/ha,32084.0
Georgia,Yield,2019,hg/ha,31877.0
Georgia,Production,2005,tonnes,104269.0
Georgia,Production,2006,tonnes,32800.0
Georgia,Production,2007,tonnes,101300.0
Georgia,Production,2008,tonnes,41500.0
Georgia,Production,2009,tonnes,80700.0
Georgia,Production,2010,tonnes,21100.0
Georgia,Production,2011,tonnes,64300.0
Georgia,Production,2012,tonnes,45000.0
Georgia,Production,2013,tonnes,68600.0
Georgia,Production,2014,tonnes,82300.0
Georgia,Production,2015,tonnes,25700.0
Georgia,Production,2016,tonnes,65200.0
Georgia,Production,2017,tonnes,19700.0
Georgia,Production,2018,tonnes,82700.0
Georgia,Production,2019,tonnes,44300.0
Germany,Area harvested,2005,ha,32339.0
Germany,Area harvested,2006,ha,32504.0
Germany,Area harvested,2007,ha,31721.0
Germany,Area harvested,2008,ha,31800.0
Germany,Area harvested,2009,ha,31813.0
Germany,Area harvested,2010,ha,31819.0
Germany,Area harvested,2011,ha,31608.0
Germany,Area harvested,2012,ha,31640.0
Germany,Area harvested,2013,ha,31647.0
Germany,Area harvested,2014,ha,31465.0
Germany,Area harvested,2015,ha,31408.0
Germany,Area harvested,2016,ha,31334.0
Germany,Area harvested,2017,ha,33913.0
Germany,Area harvested,2018,ha,33980.0
Germany,Area harvested,2019,ha,33980.0
Germany,Yield,2005,hg/ha,275643.0
Germany,Yield,2006,hg/ha,291537.0
Germany,Yield,2007,hg/ha,337327.0
Germany,Yield,2008,hg/ha,329244.0
Germany,Yield,2009,hg/ha,336554.0
Germany,Yield,2010,hg/ha,262409.0
Germany,Yield,2011,hg/ha,284247.0
Germany,Yield,2012,hg/ha,307334.0
Germany,Yield,2013,hg/ha,253984.0
Germany,Yield,2014,hg/ha,354648.0
Germany,Yield,2015,hg/ha,309941.0
Germany,Yield,2016,hg/ha,329646.0
Germany,Yield,2017,hg/ha,175940.0
Germany,Yield,2018,hg/ha,352713.0
Germany,Yield,2019,hg/ha,291775.0
Germany,Production,2005,tonnes,891402.0
Germany,Production,2006,tonnes,947611.0
Germany,Production,2007,tonnes,1070036.0
Germany,Production,2008,tonnes,1046995.0
Germany,Production,2009,tonnes,1070678.0
Germany,Production,2010,tonnes,834960.0
Germany,Production,2011,tonnes,898448.0
Germany,Production,2012,tonnes,972405.0
Germany,Production,2013,tonnes,803784.0
Germany,Production,2014,tonnes,1115900.0
Germany,Production,2015,tonnes,973462.0
Germany,Production,2016,tonnes,1032913.0
Germany,Production,2017,tonnes,596666.0
Germany,Production,2018,tonnes,1198520.0
Germany,Production,2019,tonnes,991450.0
Greece,Area harvested,2005,ha,13354.0
Greece,Area harvested,2006,ha,13291.0
Greece,Area harvested,2007,ha,13207.0
Greece,Area harvested,2008,ha,13433.0
Greece,Area harvested,2009,ha,13568.0
Greece,Area harvested,2010,ha,13445.0
Greece,Area harvested,2011,ha,13331.0
Greece,Area harvested,2012,ha,13310.0
Greece,Area harvested,2013,ha,13212.0
Greece,Area harvested,2014,ha,9811.0
Greece,Area harvested,2015,ha,9827.0
Greece,Area harvested,2016,ha,9683.0
Greece,Area harvested,2017,ha,9294.0
Greece,Area harvested,2018,ha,10350.0
Greece,Area harvested,2019,ha,9820.0
Greece,Yield,2005,hg/ha,187224.0
Greece,Yield,2006,hg/ha,217217.0
Greece,Yield,2007,hg/ha,190360.0
Greece,Yield,2008,hg/ha,193421.0
Greece,Yield,2009,hg/ha,197761.0
Greece,Yield,2010,hg/ha,203647.0
Greece,Yield,2011,hg/ha,205622.0
Greece,Yield,2012,hg/ha,199716.0
Greece,Yield,2013,hg/ha,192022.0
Greece,Yield,2014,hg/ha,257099.0
Greece,Yield,2015,hg/ha,271719.0
Greece,Yield,2016,hg/ha,288821.0
Greece,Yield,2017,hg/ha,272334.0
Greece,Yield,2018,hg/ha,276145.0
Greece,Yield,2019,hg/ha,282189.0
Greece,Production,2005,tonnes,250019.0
Greece,Production,2006,tonnes,288703.0
Greece,Production,2007,tonnes,251408.0
Greece,Production,2008,tonnes,259822.0
Greece,Production,2009,tonnes,268322.0
Greece,Production,2010,tonnes,273804.0
Greece,Production,2011,tonnes,274115.0
Greece,Production,2012,tonnes,265822.0
Greece,Production,2013,tonnes,253700.0
Greece,Production,2014,tonnes,252240.0
Greece,Production,2015,tonnes,267018.0
Greece,Production,2016,tonnes,279665.0
Greece,Production,2017,tonnes,253107.0
Greece,Production,2018,tonnes,285810.0
Greece,Production,2019,tonnes,277110.0
Grenada,Area harvested,2005,ha,11.0
Grenada,Area harvested,2006,ha,70.0
Grenada,Area harvested,2007,ha,100.0
Grenada,Area harvested,2008,ha,100.0
Grenada,Area harvested,2009,ha,105.0
Grenada,Area harvested,2010,ha,99.0
Grenada,Area harvested,2011,ha,100.0
Grenada,Area harvested,2012,ha,107.0
Grenada,Area harvested,2013,ha,104.0
Grenada,Area harvested,2014,ha,115.0
Grenada,Area harvested,2015,ha,108.0
Grenada,Area harvested,2016,ha,103.0
Grenada,Area harvested,2017,ha,106.0
Grenada,Area harvested,2018,ha,107.0
Grenada,Area harvested,2019,ha,109.0
Grenada,Yield,2005,hg/ha,45455.0
Grenada,Yield,2006,hg/ha,45143.0
Grenada,Yield,2007,hg/ha,42700.0
Grenada,Yield,2008,hg/ha,41900.0
Grenada,Yield,2009,hg/ha,43905.0
Grenada,Yield,2010,hg/ha,43838.0
Grenada,Yield,2011,hg/ha,43800.0
Grenada,Yield,2012,hg/ha,43551.0
Grenada,Yield,2013,hg/ha,43462.0
Grenada,Yield,2014,hg/ha,43652.0
Grenada,Yield,2015,hg/ha,43611.0
Grenada,Yield,2016,hg/ha,43495.0
Grenada,Yield,2017,hg/ha,43679.0
Grenada,Yield,2018,hg/ha,43832.0
Grenada,Yield,2019,hg/ha,43578.0
Grenada,Production,2005,tonnes,50.0
Grenada,Production,2006,tonnes,316.0
Grenada,Production,2007,tonnes,427.0
Grenada,Production,2008,tonnes,419.0
Grenada,Production,2009,tonnes,461.0
Grenada,Production,2010,tonnes,434.0
Grenada,Production,2011,tonnes,438.0
Grenada,Production,2012,tonnes,466.0
Grenada,Production,2013,tonnes,452.0
Grenada,Production,2014,tonnes,502.0
Grenada,Production,2015,tonnes,471.0
Grenada,Production,2016,tonnes,448.0
Grenada,Production,2017,tonnes,463.0
Grenada,Production,2018,tonnes,469.0
Grenada,Production,2019,tonnes,475.0
Guatemala,Area harvested,2005,ha,3076.0
Guatemala,Area harvested,2006,ha,3076.0
Guatemala,Area harvested,2007,ha,3355.0
Guatemala,Area harvested,2008,ha,4054.0
Guatemala,Area harvested,2009,ha,6849.0
Guatemala,Area harvested,2010,ha,6709.0
Guatemala,Area harvested,2011,ha,6835.0
Guatemala,Area harvested,2012,ha,6031.0
Guatemala,Area harvested,2013,ha,6898.0
Guatemala,Area harvested,2014,ha,6430.0
Guatemala,Area harvested,2015,ha,6150.0
Guatemala,Area harvested,2016,ha,5871.0
Guatemala,Area harvested,2017,ha,5806.0
Guatemala,Area harvested,2018,ha,6859.0
Guatemala,Area harvested,2019,ha,7109.0
Guatemala,Yield,2005,hg/ha,71918.0
Guatemala,Yield,2006,hg/ha,72315.0
Guatemala,Yield,2007,hg/ha,65911.0
Guatemala,Yield,2008,hg/ha,54546.0
Guatemala,Yield,2009,hg/ha,32286.0
Guatemala,Yield,2010,hg/ha,32453.0
Guatemala,Yield,2011,hg/ha,32831.0
Guatemala,Yield,2012,hg/ha,38538.0
Guatemala,Yield,2013,hg/ha,35233.0
Guatemala,Yield,2014,hg/ha,38588.0
Guatemala,Yield,2015,hg/ha,42646.0
Guatemala,Yield,2016,hg/ha,45135.0
Guatemala,Yield,2017,hg/ha,43719.0
Guatemala,Yield,2018,hg/ha,36234.0
Guatemala,Yield,2019,hg/ha,35485.0
Guatemala,Production,2005,tonnes,22122.0
Guatemala,Production,2006,tonnes,22244.0
Guatemala,Production,2007,tonnes,22113.0
Guatemala,Production,2008,tonnes,22113.0
Guatemala,Production,2009,tonnes,22113.0
Guatemala,Production,2010,tonnes,21773.0
Guatemala,Production,2011,tonnes,22440.0
Guatemala,Production,2012,tonnes,23242.0
Guatemala,Production,2013,tonnes,24304.0
Guatemala,Production,2014,tonnes,24812.0
Guatemala,Production,2015,tonnes,26227.0
Guatemala,Production,2016,tonnes,26499.0
Guatemala,Production,2017,tonnes,25383.0
Guatemala,Production,2018,tonnes,24853.0
Guatemala,Production,2019,tonnes,25226.0
Honduras,Area harvested,2005,ha,57.0
Honduras,Area harvested,2006,ha,60.0
Honduras,Area harvested,2007,ha,62.0
Honduras,Area harvested,2008,ha,67.0
Honduras,Area harvested,2009,ha,70.0
Honduras,Area harvested,2010,ha,75.0
Honduras,Area harvested,2011,ha,79.0
Honduras,Area harvested,2012,ha,84.0
Honduras,Area harvested,2013,ha,90.0
Honduras,Area harvested,2014,ha,96.0
Honduras,Area harvested,2015,ha,99.0
Honduras,Area harvested,2016,ha,104.0
Honduras,Area harvested,2017,ha,110.0
Honduras,Area harvested,2018,ha,117.0
Honduras,Area harvested,2019,ha,124.0
Honduras,Yield,2005,hg/ha,28421.0
Honduras,Yield,2006,hg/ha,29167.0
Honduras,Yield,2007,hg/ha,27903.0
Honduras,Yield,2008,hg/ha,25522.0
Honduras,Yield,2009,hg/ha,24571.0
Honduras,Yield,2010,hg/ha,23200.0
Honduras,Yield,2011,hg/ha,22152.0
Honduras,Yield,2012,hg/ha,21071.0
Honduras,Yield,2013,hg/ha,19778.0
Honduras,Yield,2014,hg/ha,18750.0
Honduras,Yield,2015,hg/ha,18485.0
Honduras,Yield,2016,hg/ha,17596.0
Honduras,Yield,2017,hg/ha,16818.0
Honduras,Yield,2018,hg/ha,15897.0
Honduras,Yield,2019,hg/ha,15081.0
Honduras,Production,2005,tonnes,162.0
Honduras,Production,2006,tonnes,175.0
Honduras,Production,2007,tonnes,173.0
Honduras,Production,2008,tonnes,171.0
Honduras,Production,2009,tonnes,172.0
Honduras,Production,2010,tonnes,174.0
Honduras,Production,2011,tonnes,175.0
Honduras,Production,2012,tonnes,177.0
Honduras,Production,2013,tonnes,178.0
Honduras,Production,2014,tonnes,180.0
Honduras,Production,2015,tonnes,183.0
Honduras,Production,2016,tonnes,183.0
Honduras,Production,2017,tonnes,185.0
Honduras,Production,2018,tonnes,186.0
Honduras,Production,2019,tonnes,187.0
Hungary,Area harvested,2005,ha,42024.0
Hungary,Area harvested,2006,ha,39136.0
Hungary,Area harvested,2007,ha,40501.0
Hungary,Area harvested,2008,ha,43100.0
Hungary,Area harvested,2009,ha,36644.0
Hungary,Area harvested,2010,ha,34030.0
Hungary,Area harvested,2011,ha,33092.0
Hungary,Area harvested,2012,ha,32040.0
Hungary,Area harvested,2013,ha,33360.0
Hungary,Area harvested,2014,ha,33260.0
Hungary,Area harvested,2015,ha,32803.0
Hungary,Area harvested,2016,ha,32485.0
Hungary,Area harvested,2017,ha,32166.0
Hungary,Area harvested,2018,ha,31840.0
Hungary,Area harvested,2019,ha,30970.0
Hungary,Yield,2005,hg/ha,121445.0
Hungary,Yield,2006,hg/ha,137302.0
Hungary,Yield,2007,hg/ha,144716.0
Hungary,Yield,2008,hg/ha,131926.0
Hungary,Yield,2009,hg/ha,157016.0
Hungary,Yield,2010,hg/ha,146023.0
Hungary,Yield,2011,hg/ha,88484.0
Hungary,Yield,2012,hg/ha,203059.0
Hungary,Yield,2013,hg/ha,177419.0
Hungary,Yield,2014,hg/ha,234471.0
Hungary,Yield,2015,hg/ha,155919.0
Hungary,Yield,2016,hg/ha,153027.0
Hungary,Yield,2017,hg/ha,147255.0
Hungary,Yield,2018,hg/ha,213185.0
Hungary,Yield,2019,hg/ha,160907.0
Hungary,Production,2005,tonnes,510361.0
Hungary,Production,2006,tonnes,537345.0
Hungary,Production,2007,tonnes,586113.0
Hungary,Production,2008,tonnes,568600.0
Hungary,Production,2009,tonnes,575368.0
Hungary,Production,2010,tonnes,496916.0
Hungary,Production,2011,tonnes,292810.0
Hungary,Production,2012,tonnes,650600.0
Hungary,Production,2013,tonnes,591870.0
Hungary,Production,2014,tonnes,779850.0
Hungary,Production,2015,tonnes,511460.0
Hungary,Production,2016,tonnes,497108.0
Hungary,Production,2017,tonnes,473662.0
Hungary,Production,2018,tonnes,678780.0
Hungary,Production,2019,tonnes,498330.0
India,Area harvested,2005,ha,230700.0
India,Area harvested,2006,ha,226600.0
India,Area harvested,2007,ha,252000.0
India,Area harvested,2008,ha,264000.0
India,Area harvested,2009,ha,274000.0
India,Area harvested,2010,ha,282900.0
India,Area harvested,2011,ha,289100.0
India,Area harvested,2012,ha,321900.0
India,Area harvested,2013,ha,312000.0
India,Area harvested,2014,ha,313040.0
India,Area harvested,2015,ha,319000.0
India,Area harvested,2016,ha,277000.0
India,Area harvested,2017,ha,305000.0
India,Area harvested,2018,ha,301000.0
India,Area harvested,2019,ha,308000.0
India,Yield,2005,hg/ha,75379.0
India,Yield,2006,hg/ha,80053.0
India,Yield,2007,hg/ha,64444.0
India,Yield,2008,hg/ha,75795.0
India,Yield,2009,hg/ha,72445.0
India,Yield,2010,hg/ha,62821.0
India,Yield,2011,hg/ha,100000.0
India,Yield,2012,hg/ha,68450.0
India,Yield,2013,hg/ha,61378.0
India,Yield,2014,hg/ha,79788.0
India,Yield,2015,hg/ha,66897.0
India,Yield,2016,hg/ha,91011.0
India,Yield,2017,hg/ha,74262.0
India,Yield,2018,hg/ha,77309.0
India,Yield,2019,hg/ha,75195.0
India,Production,2005,tonnes,1739000.0
India,Production,2006,tonnes,1814000.0
India,Production,2007,tonnes,1624000.0
India,Production,2008,tonnes,2001000.0
India,Production,2009,tonnes,1985000.0
India,Production,2010,tonnes,1777200.0
India,Production,2011,tonnes,2891000.0
India,Production,2012,tonnes,2203400.0
India,Production,2013,tonnes,1915000.0
India,Production,2014,tonnes,2497680.0
India,Production,2015,tonnes,2134000.0
India,Production,2016,tonnes,2521000.0
India,Production,2017,tonnes,2265000.0
India,Production,2018,tonnes,2327000.0
India,Production,2019,tonnes,2316000.0
Iran (Islamic Republic of),Area harvested,2005,ha,162862.0
Iran (Islamic Republic of),Area harvested,2006,ha,149225.0
Iran (Islamic Republic of),Area harvested,2007,ha,173979.0
Iran (Islamic Republic of),Area harvested,2008,ha,173340.0
Iran (Islamic Republic of),Area harvested,2009,ha,173371.0
Iran (Islamic Republic of),Area harvested,2010,ha,197252.0
Iran (Islamic Republic of),Area harvested,2011,ha,197284.0
Iran (Islamic Republic of),Area harvested,2012,ha,197348.0
Iran (Islamic Republic of),Area harvested,2013,ha,197983.0
Iran (Islamic Republic of),Area harvested,2014,ha,235572.0
Iran (Islamic Republic of),Area harvested,2015,ha,240000.0
Iran (Islamic Republic of),Area harvested,2016,ha,140940.0
Iran (Islamic Republic of),Area harvested,2017,ha,119528.0
Iran (Islamic Republic of),Area harvested,2018,ha,101429.0
Iran (Islamic Republic of),Area harvested,2019,ha,100759.0
Iran (Islamic Republic of),Yield,2005,hg/ha,163445.0
Iran (Islamic Republic of),Yield,2006,hg/ha,154595.0
Iran (Islamic Republic of),Yield,2007,hg/ha,171163.0
Iran (Islamic Republic of),Yield,2008,hg/ha,160308.0
Iran (Islamic Republic of),Yield,2009,hg/ha,164642.0
Iran (Islamic Republic of),Yield,2010,hg/ha,147201.0
Iran (Islamic Republic of),Yield,2011,hg/ha,157788.0
Iran (Islamic Republic of),Yield,2012,hg/ha,157280.0
Iran (Islamic Republic of),Yield,2013,hg/ha,153321.0
Iran (Islamic Republic of),Yield,2014,hg/ha,102410.0
Iran (Islamic Republic of),Yield,2015,hg/ha,104167.0
Iran (Islamic Republic of),Yield,2016,hg/ha,148769.0
Iran (Islamic Republic of),Yield,2017,hg/ha,200692.0
Iran (Islamic Republic of),Yield,2018,hg/ha,190941.0
Iran (Islamic Republic of),Yield,2019,hg/ha,222424.0
Iran (Islamic Republic of),Production,2005,tonnes,2661901.0
Iran (Islamic Republic of),Production,2006,tonnes,2306941.0
Iran (Islamic Republic of),Production,2007,tonnes,2977881.0
Iran (Islamic Republic of),Production,2008,tonnes,2778775.0
Iran (Islamic Republic of),Production,2009,tonnes,2854420.0
Iran (Islamic Republic of),Production,2010,tonnes,2903572.0
Iran (Islamic Republic of),Production,2011,tonnes,3112900.0
Iran (Islamic Republic of),Production,2012,tonnes,3103883.0
Iran (Islamic Republic of),Production,2013,tonnes,3035493.0
Iran (Islamic Republic of),Production,2014,tonnes,2412494.0
Iran (Islamic Republic of),Production,2015,tonnes,2500000.0
Iran (Islamic Republic of),Production,2016,tonnes,2096749.0
Iran (Islamic Republic of),Production,2017,tonnes,2398831.0
Iran (Islamic Republic of),Production,2018,tonnes,1936697.0
Iran (Islamic Republic of),Production,2019,tonnes,2241124.0
Iraq,Area harvested,2005,ha,10750.0
Iraq,Area harvested,2006,ha,10750.0
Iraq,Area harvested,2007,ha,10750.0
Iraq,Area harvested,2008,ha,12000.0
Iraq,Area harvested,2009,ha,12000.0
Iraq,Area harvested,2010,ha,13000.0
Iraq,Area harvested,2011,ha,15000.0
Iraq,Area harvested,2012,ha,17000.0
Iraq,Area harvested,2013,ha,20000.0
Iraq,Area harvested,2014,ha,20000.0
Iraq,Area harvested,2015,ha,14000.0
Iraq,Area harvested,2016,ha,14500.0
Iraq,Area harvested,2017,ha,15500.0
Iraq,Area harvested,2018,ha,16000.0
Iraq,Area harvested,2019,ha,24000.0
Iraq,Yield,2005,hg/ha,23256.0
Iraq,Yield,2006,hg/ha,23256.0
Iraq,Yield,2007,hg/ha,28837.0
Iraq,Yield,2008,hg/ha,30302.0
Iraq,Yield,2009,hg/ha,30480.0
Iraq,Yield,2010,hg/ha,30462.0
Iraq,Yield,2011,hg/ha,30632.0
Iraq,Yield,2012,hg/ha,30775.0
Iraq,Yield,2013,hg/ha,31217.0
Iraq,Yield,2014,hg/ha,31688.0
Iraq,Yield,2015,hg/ha,30219.0
Iraq,Yield,2016,hg/ha,30686.0
Iraq,Yield,2017,hg/ha,30726.0
Iraq,Yield,2018,hg/ha,31028.0
Iraq,Yield,2019,hg/ha,31596.0
Iraq,Production,2005,tonnes,25000.0
Iraq,Production,2006,tonnes,25000.0
Iraq,Production,2007,tonnes,31000.0
Iraq,Production,2008,tonnes,36362.0
Iraq,Production,2009,tonnes,36576.0
Iraq,Production,2010,tonnes,39601.0
Iraq,Production,2011,tonnes,45948.0
Iraq,Production,2012,tonnes,52318.0
Iraq,Production,2013,tonnes,62433.0
Iraq,Production,2014,tonnes,63376.0
Iraq,Production,2015,tonnes,42307.0
Iraq,Production,2016,tonnes,44495.0
Iraq,Production,2017,tonnes,47626.0
Iraq,Production,2018,tonnes,49644.0
Iraq,Production,2019,tonnes,75831.0
Ireland,Area harvested,2005,ha,634.0
Ireland,Area harvested,2006,ha,637.0
Ireland,Area harvested,2007,ha,620.0
Ireland,Area harvested,2008,ha,620.0
Ireland,Area harvested,2009,ha,620.0
Ireland,Area harvested,2010,ha,620.0
Ireland,Area harvested,2011,ha,620.0
Ireland,Area harvested,2012,ha,620.0
Ireland,Area harvested,2013,ha,615.0
Ireland,Area harvested,2014,ha,635.0
Ireland,Area harvested,2015,ha,635.0
Ireland,Area harvested,2016,ha,695.0
Ireland,Area harvested,2017,ha,695.0
Ireland,Area harvested,2018,ha,710.0
Ireland,Area harvested,2019,ha,710.0
Ireland,Yield,2005,hg/ha,233438.0
Ireland,Yield,2006,hg/ha,285714.0
Ireland,Yield,2007,hg/ha,241935.0
Ireland,Yield,2008,hg/ha,251613.0
Ireland,Yield,2009,hg/ha,211290.0
Ireland,Yield,2010,hg/ha,340323.0
Ireland,Yield,2011,hg/ha,329032.0
Ireland,Yield,2012,hg/ha,195161.0
Ireland,Yield,2013,hg/ha,247154.0
Ireland,Yield,2014,hg/ha,308661.0
Ireland,Yield,2015,hg/ha,296063.0
Ireland,Yield,2016,hg/ha,313669.0
Ireland,Yield,2017,hg/ha,307468.0
Ireland,Yield,2018,hg/ha,283662.0
Ireland,Yield,2019,hg/ha,280000.0
Ireland,Production,2005,tonnes,14800.0
Ireland,Production,2006,tonnes,18200.0
Ireland,Production,2007,tonnes,15000.0
Ireland,Production,2008,tonnes,15600.0
Ireland,Production,2009,tonnes,13100.0
Ireland,Production,2010,tonnes,21100.0
Ireland,Production,2011,tonnes,20400.0
Ireland,Production,2012,tonnes,12100.0
Ireland,Production,2013,tonnes,15200.0
Ireland,Production,2014,tonnes,19600.0
Ireland,Production,2015,tonnes,18800.0
Ireland,Production,2016,tonnes,21800.0
Ireland,Production,2017,tonnes,21369.0
Ireland,Production,2018,tonnes,20140.0
Ireland,Production,2019,tonnes,19880.0
Israel,Area harvested,2005,ha,4430.0
Israel,Area harvested,2006,ha,3970.0
Israel,Area harvested,2007,ha,3200.0
Israel,Area harvested,2008,ha,3050.0
Israel,Area harvested,2009,ha,2980.0
Israel,Area harvested,2010,ha,2910.0
Israel,Area harvested,2011,ha,2920.0
Israel,Area harvested,2012,ha,2370.0
Israel,Area harvested,2013,ha,2629.0
Israel,Area harvested,2014,ha,2685.0
Israel,Area harvested,2015,ha,2991.0
Israel,Area harvested,2016,ha,3020.0
Israel,Area harvested,2017,ha,2960.0
Israel,Area harvested,2018,ha,2823.0
Israel,Area harvested,2019,ha,2775.0
Israel,Yield,2005,hg/ha,316788.0
Israel,Yield,2006,hg/ha,306408.0
Israel,Yield,2007,hg/ha,316331.0
Israel,Yield,2008,hg/ha,319426.0
Israel,Yield,2009,hg/ha,384732.0
Israel,Yield,2010,hg/ha,451801.0
Israel,Yield,2011,hg/ha,408325.0
Israel,Yield,2012,hg/ha,455696.0
Israel,Yield,2013,hg/ha,426504.0
Israel,Yield,2014,hg/ha,289806.0
Israel,Yield,2015,hg/ha,361083.0
Israel,Yield,2016,hg/ha,331126.0
Israel,Yield,2017,hg/ha,381757.0
Israel,Yield,2018,hg/ha,393199.0
Israel,Yield,2019,hg/ha,374775.0
Israel,Production,2005,tonnes,140337.0
Israel,Production,2006,tonnes,121644.0
Israel,Production,2007,tonnes,101226.0
Israel,Production,2008,tonnes,97425.0
Israel,Production,2009,tonnes,114650.0
Israel,Production,2010,tonnes,131474.0
Israel,Production,2011,tonnes,119231.0
Israel,Production,2012,tonnes,108000.0
Israel,Production,2013,tonnes,112128.0
Israel,Production,2014,tonnes,77813.0
Israel,Production,2015,tonnes,108000.0
Israel,Production,2016,tonnes,100000.0
Israel,Production,2017,tonnes,113000.0
Israel,Production,2018,tonnes,111000.0
Israel,Production,2019,tonnes,104000.0
Italy,Area harvested,2005,ha,57136.0
Italy,Area harvested,2006,ha,57143.0
Italy,Area harvested,2007,ha,56020.0
Italy,Area harvested,2008,ha,59000.0
Italy,Area harvested,2009,ha,58445.0
Italy,Area harvested,2010,ha,57907.0
Italy,Area harvested,2011,ha,56860.0
Italy,Area harvested,2012,ha,54684.0
Italy,Area harvested,2013,ha,55274.0
Italy,Area harvested,2014,ha,54743.0
Italy,Area harvested,2015,ha,54720.0
Italy,Area harvested,2016,ha,52775.0
Italy,Area harvested,2017,ha,53586.0
Italy,Area harvested,2018,ha,57440.0
Italy,Area harvested,2019,ha,55000.0
Italy,Yield,2005,hg/ha,383646.0
Italy,Yield,2006,hg/ha,372921.0
Italy,Yield,2007,hg/ha,398106.0
Italy,Yield,2008,hg/ha,374593.0
Italy,Yield,2009,hg/ha,397922.0
Italy,Yield,2010,hg/ha,380778.0
Italy,Yield,2011,hg/ha,424059.0
Italy,Yield,2012,hg/ha,364149.0
Italy,Yield,2013,hg/ha,401086.0
Italy,Yield,2014,hg/ha,451858.0
Italy,Yield,2015,hg/ha,452048.0
Italy,Yield,2016,hg/ha,465299.0
Italy,Yield,2017,hg/ha,358540.0
Italy,Yield,2018,hg/ha,429490.0
Italy,Yield,2019,hg/ha,418853.0
Italy,Production,2005,tonnes,2192000.0
Italy,Production,2006,tonnes,2130980.0
Italy,Production,2007,tonnes,2230191.0
Italy,Production,2008,tonnes,2210100.0
Italy,Production,2009,tonnes,2325653.0
Italy,Production,2010,tonnes,2204972.0
Italy,Production,2011,tonnes,2411201.0
Italy,Production,2012,tonnes,1991312.0
Italy,Production,2013,tonnes,2216963.0
Italy,Production,2014,tonnes,2473608.0
Italy,Production,2015,tonnes,2473608.0
Italy,Production,2016,tonnes,2455616.0
Italy,Production,2017,tonnes,1921272.0
Italy,Production,2018,tonnes,2466990.0
Italy,Production,2019,tonnes,2303690.0
Japan,Area harvested,2005,ha,40800.0
Japan,Area harvested,2006,ha,40300.0
Japan,Area harvested,2007,ha,39900.0
Japan,Area harvested,2008,ha,39500.0
Japan,Area harvested,2009,ha,38800.0
Japan,Area harvested,2010,ha,38100.0
Japan,Area harvested,2011,ha,37800.0
Japan,Area harvested,2012,ha,37400.0
Japan,Area harvested,2013,ha,37200.0
Japan,Area harvested,2014,ha,37100.0
Japan,Area harvested,2015,ha,37000.0
Japan,Area harvested,2016,ha,36800.0
Japan,Area harvested,2017,ha,36500.0
Japan,Area harvested,2018,ha,36200.0
Japan,Area harvested,2019,ha,36000.0
Japan,Yield,2005,hg/ha,200711.0
Japan,Yield,2006,hg/ha,206402.0
Japan,Yield,2007,hg/ha,210551.0
Japan,Yield,2008,hg/ha,230557.0
Japan,Yield,2009,hg/ha,217938.0
Japan,Yield,2010,hg/ha,206430.0
Japan,Yield,2011,hg/ha,173360.0
Japan,Yield,2012,hg/ha,212246.0
Japan,Yield,2013,hg/ha,199382.0
Japan,Yield,2014,hg/ha,220027.0
Japan,Yield,2015,hg/ha,219324.0
Japan,Yield,2016,hg/ha,207880.0
Japan,Yield,2017,hg/ha,201425.0
Japan,Yield,2018,hg/ha,208867.0
Japan,Yield,2019,hg/ha,194889.0
Japan,Production,2005,tonnes,818900.0
Japan,Production,2006,tonnes,831800.0
Japan,Production,2007,tonnes,840100.0
Japan,Production,2008,tonnes,910700.0
Japan,Production,2009,tonnes,845600.0
Japan,Production,2010,tonnes,786500.0
Japan,Production,2011,tonnes,655300.0
Japan,Production,2012,tonnes,793800.0
Japan,Production,2013,tonnes,741700.0
Japan,Production,2014,tonnes,816300.0
Japan,Production,2015,tonnes,811500.0
Japan,Production,2016,tonnes,765000.0
Japan,Production,2017,tonnes,735200.0
Japan,Production,2018,tonnes,756100.0
Japan,Production,2019,tonnes,701600.0
Jordan,Area harvested,2005,ha,3856.0
Jordan,Area harvested,2006,ha,3856.0
Jordan,Area harvested,2007,ha,2291.0
Jordan,Area harvested,2008,ha,2291.0
Jordan,Area harvested,2009,ha,2307.0
Jordan,Area harvested,2010,ha,2291.0
Jordan,Area harvested,2011,ha,2381.0
Jordan,Area harvested,2012,ha,2381.0
Jordan,Area harvested,2013,ha,2381.0
Jordan,Area harvested,2014,ha,2390.0
Jordan,Area harvested,2015,ha,2390.0
Jordan,Area harvested,2016,ha,2389.0
Jordan,Area harvested,2017,ha,755.0
Jordan,Area harvested,2018,ha,755.0
Jordan,Area harvested,2019,ha,788.0
Jordan,Yield,2005,hg/ha,118161.0
Jordan,Yield,2006,hg/ha,120283.0
Jordan,Yield,2007,hg/ha,137595.0
Jordan,Yield,2008,hg/ha,152392.0
Jordan,Yield,2009,hg/ha,134855.0
Jordan,Yield,2010,hg/ha,125578.0
Jordan,Yield,2011,hg/ha,166539.0
Jordan,Yield,2012,hg/ha,152780.0
Jordan,Yield,2013,hg/ha,170664.0
Jordan,Yield,2014,hg/ha,166954.0
Jordan,Yield,2015,hg/ha,236695.0
Jordan,Yield,2016,hg/ha,231046.0
Jordan,Yield,2017,hg/ha,324450.0
Jordan,Yield,2018,hg/ha,271748.0
Jordan,Yield,2019,hg/ha,267145.0
Jordan,Production,2005,tonnes,45563.0
Jordan,Production,2006,tonnes,46381.0
Jordan,Production,2007,tonnes,31523.0
Jordan,Production,2008,tonnes,34913.0
Jordan,Production,2009,tonnes,31111.0
Jordan,Production,2010,tonnes,28770.0
Jordan,Production,2011,tonnes,39653.0
Jordan,Production,2012,tonnes,36377.0
Jordan,Production,2013,tonnes,40635.0
Jordan,Production,2014,tonnes,39902.0
Jordan,Production,2015,tonnes,56570.0
Jordan,Production,2016,tonnes,55197.0
Jordan,Production,2017,tonnes,24496.0
Jordan,Production,2018,tonnes,20517.0
Jordan,Production,2019,tonnes,21051.0
Kazakhstan,Area harvested,2005,ha,34100.0
Kazakhstan,Area harvested,2006,ha,26200.0
Kazakhstan,Area harvested,2007,ha,24400.0
Kazakhstan,Area harvested,2008,ha,25800.0
Kazakhstan,Area harvested,2009,ha,26100.0
Kazakhstan,Area harvested,2010,ha,29700.0
Kazakhstan,Area harvested,2011,ha,29127.0
Kazakhstan,Area harvested,2012,ha,30282.0
Kazakhstan,Area harvested,2013,ha,30290.0
Kazakhstan,Area harvested,2014,ha,30352.0
Kazakhstan,Area harvested,2015,ha,31645.0
Kazakhstan,Area harvested,2016,ha,32463.0
Kazakhstan,Area harvested,2017,ha,32955.0
Kazakhstan,Area harvested,2018,ha,34680.0
Kazakhstan,Area harvested,2019,ha,35171.0
Kazakhstan,Yield,2005,hg/ha,41701.0
Kazakhstan,Yield,2006,hg/ha,44130.0
Kazakhstan,Yield,2007,hg/ha,41664.0
Kazakhstan,Yield,2008,hg/ha,36547.0
Kazakhstan,Yield,2009,hg/ha,45199.0
Kazakhstan,Yield,2010,hg/ha,36077.0
Kazakhstan,Yield,2011,hg/ha,39363.0
Kazakhstan,Yield,2012,hg/ha,42831.0
Kazakhstan,Yield,2013,hg/ha,47493.0
Kazakhstan,Yield,2014,hg/ha,52013.0
Kazakhstan,Yield,2015,hg/ha,46630.0
Kazakhstan,Yield,2016,hg/ha,57943.0
Kazakhstan,Yield,2017,hg/ha,54941.0
Kazakhstan,Yield,2018,hg/ha,64153.0
Kazakhstan,Yield,2019,hg/ha,61568.0
Kazakhstan,Production,2005,tonnes,142200.0
Kazakhstan,Production,2006,tonnes,115620.0
Kazakhstan,Production,2007,tonnes,101660.0
Kazakhstan,Production,2008,tonnes,94290.0
Kazakhstan,Production,2009,tonnes,117970.0
Kazakhstan,Production,2010,tonnes,107150.0
Kazakhstan,Production,2011,tonnes,114654.0
Kazakhstan,Production,2012,tonnes,129700.0
Kazakhstan,Production,2013,tonnes,143856.0
Kazakhstan,Production,2014,tonnes,157870.0
Kazakhstan,Production,2015,tonnes,147561.0
Kazakhstan,Production,2016,tonnes,188099.0
Kazakhstan,Production,2017,tonnes,181057.0
Kazakhstan,Production,2018,tonnes,222482.0
Kazakhstan,Production,2019,tonnes,216540.0
Kenya,Area harvested,2005,ha,239.0
Kenya,Area harvested,2006,ha,256.0
Kenya,Area harvested,2007,ha,198.0
Kenya,Area harvested,2008,ha,153.0
Kenya,Area harvested,2009,ha,91.0
Kenya,Area harvested,2010,ha,137.0
Kenya,Area harvested,2011,ha,139.0
Kenya,Area harvested,2012,ha,130.0
Kenya,Area harvested,2013,ha,70.0
Kenya,Area harvested,2014,ha,62.0
Kenya,Area harvested,2015,ha,56.0
Kenya,Area harvested,2016,ha,82.0
Kenya,Area harvested,2017,ha,74.0
Kenya,Area harvested,2018,ha,238.0
Kenya,Area harvested,2019,ha,108.0
Kenya,Yield,2005,hg/ha,180000.0
Kenya,Yield,2006,hg/ha,177891.0
Kenya,Yield,2007,hg/ha,180000.0
Kenya,Yield,2008,hg/ha,200392.0
Kenya,Yield,2009,hg/ha,163956.0
Kenya,Yield,2010,hg/ha,87226.0
Kenya,Yield,2011,hg/ha,56043.0
Kenya,Yield,2012,hg/ha,86769.0
Kenya,Yield,2013,hg/ha,56571.0
Kenya,Yield,2014,hg/ha,97742.0
Kenya,Yield,2015,hg/ha,105179.0
Kenya,Yield,2016,hg/ha,75976.0
Kenya,Yield,2017,hg/ha,40541.0
Kenya,Yield,2018,hg/ha,17899.0
Kenya,Yield,2019,hg/ha,65000.0
Kenya,Production,2005,tonnes,4302.0
Kenya,Production,2006,tonnes,4554.0
Kenya,Production,2007,tonnes,3564.0
Kenya,Production,2008,tonnes,3066.0
Kenya,Production,2009,tonnes,1492.0
Kenya,Production,2010,tonnes,1195.0
Kenya,Production,2011,tonnes,779.0
Kenya,Production,2012,tonnes,1128.0
Kenya,Production,2013,tonnes,396.0
Kenya,Production,2014,tonnes,606.0
Kenya,Production,2015,tonnes,589.0
Kenya,Production,2016,tonnes,623.0
Kenya,Production,2017,tonnes,300.0
Kenya,Production,2018,tonnes,426.0
Kenya,Production,2019,tonnes,702.0
Kyrgyzstan,Area harvested,2005,ha,24500.0
Kyrgyzstan,Area harvested,2006,ha,24500.0
Kyrgyzstan,Area harvested,2007,ha,24500.0
Kyrgyzstan,Area harvested,2008,ha,20800.0
Kyrgyzstan,Area harvested,2009,ha,20900.0
Kyrgyzstan,Area harvested,2010,ha,23200.0
Kyrgyzstan,Area harvested,2011,ha,23100.0
Kyrgyzstan,Area harvested,2012,ha,24500.0
Kyrgyzstan,Area harvested,2013,ha,26000.0
Kyrgyzstan,Area harvested,2014,ha,26600.0
Kyrgyzstan,Area harvested,2015,ha,26500.0
Kyrgyzstan,Area harvested,2016,ha,27796.0
Kyrgyzstan,Area harvested,2017,ha,27061.0
Kyrgyzstan,Area harvested,2018,ha,27188.0
Kyrgyzstan,Area harvested,2019,ha,27437.0
Kyrgyzstan,Yield,2005,hg/ha,43837.0
Kyrgyzstan,Yield,2006,hg/ha,55673.0
Kyrgyzstan,Yield,2007,hg/ha,49796.0
Kyrgyzstan,Yield,2008,hg/ha,43702.0
Kyrgyzstan,Yield,2009,hg/ha,54306.0
Kyrgyzstan,Yield,2010,hg/ha,47845.0
Kyrgyzstan,Yield,2011,hg/ha,55281.0
Kyrgyzstan,Yield,2012,hg/ha,55918.0
Kyrgyzstan,Yield,2013,hg/ha,55000.0
Kyrgyzstan,Yield,2014,hg/ha,54511.0
Kyrgyzstan,Yield,2015,hg/ha,48302.0
Kyrgyzstan,Yield,2016,hg/ha,50331.0
Kyrgyzstan,Yield,2017,hg/ha,55726.0
Kyrgyzstan,Yield,2018,hg/ha,54604.0
Kyrgyzstan,Yield,2019,hg/ha,55111.0
Kyrgyzstan,Production,2005,tonnes,107400.0
Kyrgyzstan,Production,2006,tonnes,136400.0
Kyrgyzstan,Production,2007,tonnes,122000.0
Kyrgyzstan,Production,2008,tonnes,90900.0
Kyrgyzstan,Production,2009,tonnes,113500.0
Kyrgyzstan,Production,2010,tonnes,111000.0
Kyrgyzstan,Production,2011,tonnes,127700.0
Kyrgyzstan,Production,2012,tonnes,137000.0
Kyrgyzstan,Production,2013,tonnes,143000.0
Kyrgyzstan,Production,2014,tonnes,145000.0
Kyrgyzstan,Production,2015,tonnes,128000.0
Kyrgyzstan,Production,2016,tonnes,139901.0
Kyrgyzstan,Production,2017,tonnes,150801.0
Kyrgyzstan,Production,2018,tonnes,148456.0
Kyrgyzstan,Production,2019,tonnes,151207.0
Latvia,Area harvested,2005,ha,8515.0
Latvia,Area harvested,2006,ha,9446.0
Latvia,Area harvested,2007,ha,7369.0
Latvia,Area harvested,2008,ha,5138.0
Latvia,Area harvested,2009,ha,4138.0
Latvia,Area harvested,2010,ha,3257.0
Latvia,Area harvested,2011,ha,3379.0
Latvia,Area harvested,2012,ha,3136.0
Latvia,Area harvested,2013,ha,2762.0
Latvia,Area harvested,2014,ha,2653.0
Latvia,Area harvested,2015,ha,2417.0
Latvia,Area harvested,2016,ha,2458.0
Latvia,Area harvested,2017,ha,3331.0
Latvia,Area harvested,2018,ha,3200.0
Latvia,Area harvested,2019,ha,3440.0
Latvia,Yield,2005,hg/ha,44068.0
Latvia,Yield,2006,hg/ha,35886.0
Latvia,Yield,2007,hg/ha,41447.0
Latvia,Yield,2008,hg/ha,56168.0
Latvia,Yield,2009,hg/ha,31000.0
Latvia,Yield,2010,hg/ha,31701.0
Latvia,Yield,2011,hg/ha,22199.0
Latvia,Yield,2012,hg/ha,30131.0
Latvia,Yield,2013,hg/ha,53407.0
Latvia,Yield,2014,hg/ha,36272.0
Latvia,Yield,2015,hg/ha,32333.0
Latvia,Yield,2016,hg/ha,40090.0
Latvia,Yield,2017,hg/ha,22408.0
Latvia,Yield,2018,hg/ha,43438.0
Latvia,Yield,2019,hg/ha,30203.0
Latvia,Production,2005,tonnes,37524.0
Latvia,Production,2006,tonnes,33898.0
Latvia,Production,2007,tonnes,30542.0
Latvia,Production,2008,tonnes,28859.0
Latvia,Production,2009,tonnes,12828.0
Latvia,Production,2010,tonnes,10325.0
Latvia,Production,2011,tonnes,7501.0
Latvia,Production,2012,tonnes,9449.0
Latvia,Production,2013,tonnes,14751.0
Latvia,Production,2014,tonnes,9623.0
Latvia,Production,2015,tonnes,7815.0
Latvia,Production,2016,tonnes,9854.0
Latvia,Production,2017,tonnes,7464.0
Latvia,Production,2018,tonnes,13900.0
Latvia,Production,2019,tonnes,10390.0
Lebanon,Area harvested,2005,ha,9400.0
Lebanon,Area harvested,2006,ha,9880.0
Lebanon,Area harvested,2007,ha,10100.0
Lebanon,Area harvested,2008,ha,10100.0
Lebanon,Area harvested,2009,ha,11800.0
Lebanon,Area harvested,2010,ha,12425.0
Lebanon,Area harvested,2011,ha,10671.0
Lebanon,Area harvested,2012,ha,9923.0
Lebanon,Area harvested,2013,ha,9996.0
Lebanon,Area harvested,2014,ha,12001.0
Lebanon,Area harvested,2015,ha,12646.0
Lebanon,Area harvested,2016,ha,16573.0
Lebanon,Area harvested,2017,ha,16641.0
Lebanon,Area harvested,2018,ha,13826.0
Lebanon,Area harvested,2019,ha,13506.0
Lebanon,Yield,2005,hg/ha,122128.0
Lebanon,Yield,2006,hg/ha,122976.0
Lebanon,Yield,2007,hg/ha,123960.0
Lebanon,Yield,2008,hg/ha,123960.0
Lebanon,Yield,2009,hg/ha,117034.0
Lebanon,Yield,2010,hg/ha,124289.0
Lebanon,Yield,2011,hg/ha,127267.0
Lebanon,Yield,2012,hg/ha,126690.0
Lebanon,Yield,2013,hg/ha,126536.0
Lebanon,Yield,2014,hg/ha,150458.0
Lebanon,Yield,2015,hg/ha,166396.0
Lebanon,Yield,2016,hg/ha,207850.0
Lebanon,Yield,2017,hg/ha,189986.0
Lebanon,Yield,2018,hg/ha,172863.0
Lebanon,Yield,2019,hg/ha,160566.0
Lebanon,Production,2005,tonnes,114800.0
Lebanon,Production,2006,tonnes,121500.0
Lebanon,Production,2007,tonnes,125200.0
Lebanon,Production,2008,tonnes,125200.0
Lebanon,Production,2009,tonnes,138100.0
Lebanon,Production,2010,tonnes,154429.0
Lebanon,Production,2011,tonnes,135807.0
Lebanon,Production,2012,tonnes,125714.0
Lebanon,Production,2013,tonnes,126485.0
Lebanon,Production,2014,tonnes,180565.0
Lebanon,Production,2015,tonnes,210424.0
Lebanon,Production,2016,tonnes,344469.0
Lebanon,Production,2017,tonnes,316155.0
Lebanon,Production,2018,tonnes,239001.0
Lebanon,Production,2019,tonnes,216861.0
Libya,Area harvested,2005,ha,547.0
Libya,Area harvested,2006,ha,500.0
Libya,Area harvested,2007,ha,500.0
Libya,Area harvested,2008,ha,500.0
Libya,Area harvested,2009,ha,500.0
Libya,Area harvested,2010,ha,550.0
Libya,Area harvested,2011,ha,580.0
Libya,Area harvested,2012,ha,580.0
Libya,Area harvested,2013,ha,580.0
Libya,Area harvested,2014,ha,420.0
Libya,Area harvested,2015,ha,327.0
Libya,Area harvested,2016,ha,222.0
Libya,Area harvested,2017,ha,206.0
Libya,Area harvested,2018,ha,203.0
Libya,Area harvested,2019,ha,201.0
Libya,Yield,2005,hg/ha,354589.0
Libya,Yield,2006,hg/ha,400000.0
Libya,Yield,2007,hg/ha,400000.0
Libya,Yield,2008,hg/ha,400000.0
Libya,Yield,2009,hg/ha,400000.0
Libya,Yield,2010,hg/ha,400000.0
Libya,Yield,2011,hg/ha,353448.0
Libya,Yield,2012,hg/ha,353448.0
Libya,Yield,2013,hg/ha,353448.0
Libya,Yield,2014,hg/ha,415714.0
Libya,Yield,2015,hg/ha,432080.0
Libya,Yield,2016,hg/ha,424054.0
Libya,Yield,2017,hg/ha,411990.0
Libya,Yield,2018,hg/ha,416601.0
Libya,Yield,2019,hg/ha,419303.0
Libya,Production,2005,tonnes,19396.0
Libya,Production,2006,tonnes,20000.0
Libya,Production,2007,tonnes,20000.0
Libya,Production,2008,tonnes,20000.0
Libya,Production,2009,tonnes,20000.0
Libya,Production,2010,tonnes,22000.0
Libya,Production,2011,tonnes,20500.0
Libya,Production,2012,tonnes,20500.0
Libya,Production,2013,tonnes,20500.0
Libya,Production,2014,tonnes,17460.0
Libya,Production,2015,tonnes,14129.0
Libya,Production,2016,tonnes,9414.0
Libya,Production,2017,tonnes,8487.0
Libya,Production,2018,tonnes,8457.0
Libya,Production,2019,tonnes,8428.0
Lithuania,Area harvested,2005,ha,20786.0
Lithuania,Area harvested,2006,ha,14856.0
Lithuania,Area harvested,2007,ha,13312.0
Lithuania,Area harvested,2008,ha,11655.0
Lithuania,Area harvested,2009,ha,11553.0
Lithuania,Area harvested,2010,ha,12122.0
Lithuania,Area harvested,2011,ha,12669.0
Lithuania,Area harvested,2012,ha,14389.0
Lithuania,Area harvested,2013,ha,14219.0
Lithuania,Area harvested,2014,ha,13826.0
Lithuania,Area harvested,2015,ha,13242.0
Lithuania,Area harvested,2016,ha,12253.0
Lithuania,Area harvested,2017,ha,12374.0
Lithuania,Area harvested,2018,ha,10130.0
Lithuania,Area harvested,2019,ha,10180.0
Lithuania,Yield,2005,hg/ha,46441.0
Lithuania,Yield,2006,hg/ha,66964.0
Lithuania,Yield,2007,hg/ha,30513.0
Lithuania,Yield,2008,hg/ha,63707.0
Lithuania,Yield,2009,hg/ha,46100.0
Lithuania,Yield,2010,hg/ha,28065.0
Lithuania,Yield,2011,hg/ha,38755.0
Lithuania,Yield,2012,hg/ha,50384.0
Lithuania,Yield,2013,hg/ha,44016.0
Lithuania,Yield,2014,hg/ha,43525.0
Lithuania,Yield,2015,hg/ha,55568.0
Lithuania,Yield,2016,hg/ha,53521.0
Lithuania,Yield,2017,hg/ha,70605.0
Lithuania,Yield,2018,hg/ha,79645.0
Lithuania,Yield,2019,hg/ha,31503.0
Lithuania,Production,2005,tonnes,96533.0
Lithuania,Production,2006,tonnes,99481.0
Lithuania,Production,2007,tonnes,40619.0
Lithuania,Production,2008,tonnes,74251.0
Lithuania,Production,2009,tonnes,53259.0
Lithuania,Production,2010,tonnes,34020.0
Lithuania,Production,2011,tonnes,49099.0
Lithuania,Production,2012,tonnes,72497.0
Lithuania,Production,2013,tonnes,62586.0
Lithuania,Production,2014,tonnes,60177.0
Lithuania,Production,2015,tonnes,73583.0
Lithuania,Production,2016,tonnes,65579.0
Lithuania,Production,2017,tonnes,87367.0
Lithuania,Production,2018,tonnes,80680.0
Lithuania,Production,2019,tonnes,32070.0
Luxembourg,Area harvested,2005,ha,1020.0
Luxembourg,Area harvested,2006,ha,1020.0
Luxembourg,Area harvested,2007,ha,233.0
Luxembourg,Area harvested,2008,ha,240.0
Luxembourg,Area harvested,2009,ha,241.0
Luxembourg,Area harvested,2010,ha,242.0
Luxembourg,Area harvested,2011,ha,242.0
Luxembourg,Area harvested,2012,ha,242.0
Luxembourg,Area harvested,2013,ha,242.0
Luxembourg,Area harvested,2014,ha,242.0
Luxembourg,Area harvested,2015,ha,261.0
Luxembourg,Area harvested,2016,ha,261.0
Luxembourg,Area harvested,2017,ha,267.0
Luxembourg,Area harvested,2018,ha,270.0
Luxembourg,Area harvested,2019,ha,270.0
Luxembourg,Yield,2005,hg/ha,37402.0
Luxembourg,Yield,2006,hg/ha,89020.0
Luxembourg,Yield,2007,hg/ha,95837.0
Luxembourg,Yield,2008,hg/ha,128292.0
Luxembourg,Yield,2009,hg/ha,97095.0
Luxembourg,Yield,2010,hg/ha,99421.0
Luxembourg,Yield,2011,hg/ha,88017.0
Luxembourg,Yield,2012,hg/ha,75041.0
Luxembourg,Yield,2013,hg/ha,79587.0
Luxembourg,Yield,2014,hg/ha,108058.0
Luxembourg,Yield,2015,hg/ha,92682.0
Luxembourg,Yield,2016,hg/ha,57854.0
Luxembourg,Yield,2017,hg/ha,36816.0
Luxembourg,Yield,2018,hg/ha,77037.0
Luxembourg,Yield,2019,hg/ha,71481.0
Luxembourg,Production,2005,tonnes,3815.0
Luxembourg,Production,2006,tonnes,9080.0
Luxembourg,Production,2007,tonnes,2233.0
Luxembourg,Production,2008,tonnes,3079.0
Luxembourg,Production,2009,tonnes,2340.0
Luxembourg,Production,2010,tonnes,2406.0
Luxembourg,Production,2011,tonnes,2130.0
Luxembourg,Production,2012,tonnes,1816.0
Luxembourg,Production,2013,tonnes,1926.0
Luxembourg,Production,2014,tonnes,2615.0
Luxembourg,Production,2015,tonnes,2419.0
Luxembourg,Production,2016,tonnes,1510.0
Luxembourg,Production,2017,tonnes,983.0
Luxembourg,Production,2018,tonnes,2080.0
Luxembourg,Production,2019,tonnes,1930.0
Madagascar,Area harvested,2005,ha,4391.0
Madagascar,Area harvested,2006,ha,4400.0
Madagascar,Area harvested,2007,ha,4500.0
Madagascar,Area harvested,2008,ha,4483.0
Madagascar,Area harvested,2009,ha,4497.0
Madagascar,Area harvested,2010,ha,4506.0
Madagascar,Area harvested,2011,ha,4514.0
Madagascar,Area harvested,2012,ha,4550.0
Madagascar,Area harvested,2013,ha,4550.0
Madagascar,Area harvested,2014,ha,4534.0
Madagascar,Area harvested,2015,ha,4595.0
Madagascar,Area harvested,2016,ha,4593.0
Madagascar,Area harvested,2017,ha,4607.0
Madagascar,Area harvested,2018,ha,4621.0
Madagascar,Area harvested,2019,ha,4635.0
Madagascar,Yield,2005,hg/ha,15791.0
Madagascar,Yield,2006,hg/ha,15909.0
Madagascar,Yield,2007,hg/ha,15778.0
Madagascar,Yield,2008,hg/ha,15690.0
Madagascar,Yield,2009,hg/ha,15653.0
Madagascar,Yield,2010,hg/ha,15617.0
Madagascar,Yield,2011,hg/ha,15574.0
Madagascar,Yield,2012,hg/ha,15385.0
Madagascar,Yield,2013,hg/ha,15165.0
Madagascar,Yield,2014,hg/ha,15375.0
Madagascar,Yield,2015,hg/ha,15493.0
Madagascar,Yield,2016,hg/ha,15463.0
Madagascar,Yield,2017,hg/ha,15440.0
Madagascar,Yield,2018,hg/ha,15419.0
Madagascar,Yield,2019,hg/ha,15398.0
Madagascar,Production,2005,tonnes,6934.0
Madagascar,Production,2006,tonnes,7000.0
Madagascar,Production,2007,tonnes,7100.0
Madagascar,Production,2008,tonnes,7034.0
Madagascar,Production,2009,tonnes,7039.0
Madagascar,Production,2010,tonnes,7037.0
Madagascar,Production,2011,tonnes,7030.0
Madagascar,Production,2012,tonnes,7000.0
Madagascar,Production,2013,tonnes,6900.0
Madagascar,Production,2014,tonnes,6971.0
Madagascar,Production,2015,tonnes,7119.0
Madagascar,Production,2016,tonnes,7102.0
Madagascar,Production,2017,tonnes,7113.0
Madagascar,Production,2018,tonnes,7125.0
Madagascar,Production,2019,tonnes,7137.0
Malawi,Area harvested,2014,ha,800.0
Malawi,Area harvested,2015,ha,800.0
Malawi,Area harvested,2016,ha,800.0
Malawi,Area harvested,2017,ha,800.0
Malawi,Area harvested,2018,ha,700.0
Malawi,Area harvested,2019,ha,743.0
Malawi,Yield,2014,hg/ha,40038.0
Malawi,Yield,2015,hg/ha,41350.0
Malawi,Yield,2016,hg/ha,41413.0
Malawi,Yield,2017,hg/ha,43088.0
Malawi,Yield,2018,hg/ha,37700.0
Malawi,Yield,2019,hg/ha,40081.0
Malawi,Production,2014,tonnes,3203.0
Malawi,Production,2015,tonnes,3308.0
Malawi,Production,2016,tonnes,3313.0
Malawi,Production,2017,tonnes,3447.0
Malawi,Production,2018,tonnes,2639.0
Malawi,Production,2019,tonnes,2978.0
Malta,Area harvested,2005,ha,16.0
Malta,Area harvested,2006,ha,20.0
Malta,Area harvested,2007,ha,15.0
Malta,Area harvested,2008,ha,15.0
Malta,Area harvested,2009,ha,15.0
Malta,Area harvested,2010,ha,14.0
Malta,Area harvested,2011,ha,11.0
Malta,Area harvested,2012,ha,7.0
Malta,Area harvested,2013,ha,9.0
Malta,Area harvested,2014,ha,11.0
Malta,Area harvested,2015,ha,8.0
Malta,Area harvested,2016,ha,4.0
Malta,Area harvested,2017,ha,6.0
Malta,Yield,2005,hg/ha,41250.0
Malta,Yield,2006,hg/ha,51000.0
Malta,Yield,2007,hg/ha,42000.0
Malta,Yield,2008,hg/ha,38000.0
Malta,Yield,2009,hg/ha,38000.0
Malta,Yield,2010,hg/ha,36429.0
Malta,Yield,2011,hg/ha,38182.0
Malta,Yield,2012,hg/ha,38571.0
Malta,Yield,2013,hg/ha,38889.0
Malta,Yield,2014,hg/ha,35455.0
Malta,Yield,2015,hg/ha,35000.0
Malta,Yield,2016,hg/ha,40000.0
Malta,Yield,2017,hg/ha,35000.0
Malta,Production,2005,tonnes,66.0
Malta,Production,2006,tonnes,102.0
Malta,Production,2007,tonnes,63.0
Malta,Production,2008,tonnes,57.0
Malta,Production,2009,tonnes,57.0
Malta,Production,2010,tonnes,51.0
Malta,Production,2011,tonnes,42.0
Malta,Production,2012,tonnes,27.0
Malta,Production,2013,tonnes,35.0
Malta,Production,2014,tonnes,39.0
Malta,Production,2015,tonnes,28.0
Malta,Production,2016,tonnes,16.0
Malta,Production,2017,tonnes,21.0
Malta,Production,2018,tonnes,20.0
Malta,Production,2019,tonnes,10.0
Mexico,Area harvested,2005,ha,59543.0
Mexico,Area harvested,2006,ha,57777.0
Mexico,Area harvested,2007,ha,56072.0
Mexico,Area harvested,2008,ha,55286.0
Mexico,Area harvested,2009,ha,56992.0
Mexico,Area harvested,2010,ha,57742.0
Mexico,Area harvested,2011,ha,56845.0
Mexico,Area harvested,2012,ha,58451.0
Mexico,Area harvested,2013,ha,59199.0
Mexico,Area harvested,2014,ha,55447.0
Mexico,Area harvested,2015,ha,55121.0
Mexico,Area harvested,2016,ha,54248.0
Mexico,Area harvested,2017,ha,53619.0
Mexico,Area harvested,2018,ha,52389.0
Mexico,Area harvested,2019,ha,52981.0
Mexico,Yield,2005,hg/ha,98079.0
Mexico,Yield,2006,hg/ha,104179.0
Mexico,Yield,2007,hg/ha,90077.0
Mexico,Yield,2008,hg/ha,92607.0
Mexico,Yield,2009,hg/ha,98521.0
Mexico,Yield,2010,hg/ha,101253.0
Mexico,Yield,2011,hg/ha,110921.0
Mexico,Yield,2012,hg/ha,64164.0
Mexico,Yield,2013,hg/ha,145038.0
Mexico,Yield,2014,hg/ha,129288.0
Mexico,Yield,2015,hg/ha,136123.0
Mexico,Yield,2016,hg/ha,132158.0
Mexico,Yield,2017,hg/ha,133190.0
Mexico,Yield,2018,hg/ha,125922.0
Mexico,Yield,2019,hg/ha,143728.0
Mexico,Production,2005,tonnes,583994.0
Mexico,Production,2006,tonnes,601915.0
Mexico,Production,2007,tonnes,505078.0
Mexico,Production,2008,tonnes,511988.0
Mexico,Production,2009,tonnes,561493.0
Mexico,Production,2010,tonnes,584655.0
Mexico,Production,2011,tonnes,630533.0
Mexico,Production,2012,tonnes,375045.0
Mexico,Production,2013,tonnes,858608.0
Mexico,Production,2014,tonnes,716865.0
Mexico,Production,2015,tonnes,750325.0
Mexico,Production,2016,tonnes,716931.0
Mexico,Production,2017,tonnes,714149.0
Mexico,Production,2018,tonnes,659692.0
Mexico,Production,2019,tonnes,761483.0
Montenegro,Area harvested,2006,ha,91.0
Montenegro,Area harvested,2007,ha,83.0
Montenegro,Area harvested,2008,ha,85.0
Montenegro,Area harvested,2009,ha,92.0
Montenegro,Area harvested,2010,ha,100.0
Montenegro,Area harvested,2011,ha,162.0
Montenegro,Area harvested,2012,ha,167.0
Montenegro,Area harvested,2013,ha,171.0
Montenegro,Area harvested,2014,ha,132.0
Montenegro,Area harvested,2015,ha,139.0
Montenegro,Area harvested,2016,ha,151.0
Montenegro,Area harvested,2017,ha,209.0
Montenegro,Area harvested,2018,ha,214.0
Montenegro,Area harvested,2019,ha,220.0
Montenegro,Yield,2006,hg/ha,232308.0
Montenegro,Yield,2007,hg/ha,229759.0
Montenegro,Yield,2008,hg/ha,211412.0
Montenegro,Yield,2009,hg/ha,312717.0
Montenegro,Yield,2010,hg/ha,211600.0
Montenegro,Yield,2011,hg/ha,163642.0
Montenegro,Yield,2012,hg/ha,121377.0
Montenegro,Yield,2013,hg/ha,147251.0
Montenegro,Yield,2014,hg/ha,201212.0
Montenegro,Yield,2015,hg/ha,202662.0
Montenegro,Yield,2016,hg/ha,108477.0
Montenegro,Yield,2017,hg/ha,64450.0
Montenegro,Yield,2018,hg/ha,78879.0
Montenegro,Yield,2019,hg/ha,67727.0
Montenegro,Production,2006,tonnes,2114.0
Montenegro,Production,2007,tonnes,1907.0
Montenegro,Production,2008,tonnes,1797.0
Montenegro,Production,2009,tonnes,2877.0
Montenegro,Production,2010,tonnes,2116.0
Montenegro,Production,2011,tonnes,2651.0
Montenegro,Production,2012,tonnes,2027.0
Montenegro,Production,2013,tonnes,2518.0
Montenegro,Production,2014,tonnes,2656.0
Montenegro,Production,2015,tonnes,2817.0
Montenegro,Production,2016,tonnes,1638.0
Montenegro,Production,2017,tonnes,1347.0
Montenegro,Production,2018,tonnes,1688.0
Montenegro,Production,2019,tonnes,1490.0
Morocco,Area harvested,2005,ha,25600.0
Morocco,Area harvested,2006,ha,25000.0
Morocco,Area harvested,2007,ha,25936.0
Morocco,Area harvested,2008,ha,26752.0
Morocco,Area harvested,2009,ha,27334.0
Morocco,Area harvested,2010,ha,27314.0
Morocco,Area harvested,2011,ha,30073.0
Morocco,Area harvested,2012,ha,31651.0
Morocco,Area harvested,2013,ha,41771.0
Morocco,Area harvested,2014,ha,43940.0
Morocco,Area harvested,2015,ha,45207.0
Morocco,Area harvested,2016,ha,48671.0
Morocco,Area harvested,2017,ha,49498.0
Morocco,Area harvested,2018,ha,50589.0
Morocco,Area harvested,2019,ha,49731.0
Morocco,Yield,2005,hg/ha,120508.0
Morocco,Yield,2006,hg/ha,149600.0
Morocco,Yield,2007,hg/ha,164565.0
Morocco,Yield,2008,hg/ha,151133.0
Morocco,Yield,2009,hg/ha,154596.0
Morocco,Yield,2010,hg/ha,162869.0
Morocco,Yield,2011,hg/ha,170388.0
Morocco,Yield,2012,hg/ha,153437.0
Morocco,Yield,2013,hg/ha,139626.0
Morocco,Yield,2014,hg/ha,122030.0
Morocco,Yield,2015,hg/ha,149126.0
Morocco,Yield,2016,hg/ha,83495.0
Morocco,Yield,2017,hg/ha,165774.0
Morocco,Yield,2018,hg/ha,137767.0
Morocco,Yield,2019,hg/ha,162828.0
Morocco,Production,2005,tonnes,308500.0
Morocco,Production,2006,tonnes,374000.0
Morocco,Production,2007,tonnes,426816.0
Morocco,Production,2008,tonnes,404310.0
Morocco,Production,2009,tonnes,422572.0
Morocco,Production,2010,tonnes,444861.0
Morocco,Production,2011,tonnes,512407.0
Morocco,Production,2012,tonnes,485642.0
Morocco,Production,2013,tonnes,583230.0
Morocco,Production,2014,tonnes,536199.0
Morocco,Production,2015,tonnes,674153.0
Morocco,Production,2016,tonnes,406379.0
Morocco,Production,2017,tonnes,820547.0
Morocco,Production,2018,tonnes,696950.0
Morocco,Production,2019,tonnes,809762.0
Nepal,Area harvested,2005,ha,3660.0
Nepal,Area harvested,2006,ha,3757.0
Nepal,Area harvested,2007,ha,3856.0
Nepal,Area harvested,2008,ha,4003.0
Nepal,Area harvested,2009,ha,4240.0
Nepal,Area harvested,2010,ha,4510.0
Nepal,Area harvested,2011,ha,5048.0
Nepal,Area harvested,2012,ha,5674.0
Nepal,Area harvested,2013,ha,5063.0
Nepal,Area harvested,2014,ha,5141.0
Nepal,Area harvested,2015,ha,5600.0
Nepal,Area harvested,2016,ha,5625.0
Nepal,Area harvested,2017,ha,3707.0
Nepal,Area harvested,2018,ha,4133.0
Nepal,Area harvested,2019,ha,4349.0
Nepal,Yield,2005,hg/ha,95984.0
Nepal,Yield,2006,hg/ha,88730.0
Nepal,Yield,2007,hg/ha,89590.0
Nepal,Yield,2008,hg/ha,90922.0
Nepal,Yield,2009,hg/ha,92297.0
Nepal,Yield,2010,hg/ha,92581.0
Nepal,Yield,2011,hg/ha,84596.0
Nepal,Yield,2012,hg/ha,86264.0
Nepal,Yield,2013,hg/ha,84563.0
Nepal,Yield,2014,hg/ha,69872.0
Nepal,Yield,2015,hg/ha,77682.0
Nepal,Yield,2016,hg/ha,72908.0
Nepal,Yield,2017,hg/ha,53547.0
Nepal,Yield,2018,hg/ha,69913.0
Nepal,Yield,2019,hg/ha,72168.0
Nepal,Production,2005,tonnes,35130.0
Nepal,Production,2006,tonnes,33336.0
Nepal,Production,2007,tonnes,34546.0
Nepal,Production,2008,tonnes,36396.0
Nepal,Production,2009,tonnes,39134.0
Nepal,Production,2010,tonnes,41754.0
Nepal,Production,2011,tonnes,42704.0
Nepal,Production,2012,tonnes,48946.0
Nepal,Production,2013,tonnes,42814.0
Nepal,Production,2014,tonnes,35921.0
Nepal,Production,2015,tonnes,43502.0
Nepal,Production,2016,tonnes,41011.0
Nepal,Production,2017,tonnes,19850.0
Nepal,Production,2018,tonnes,28895.0
Nepal,Production,2019,tonnes,31386.0
Netherlands,Area harvested,2005,ha,9737.0
Netherlands,Area harvested,2006,ha,9562.0
Netherlands,Area harvested,2007,ha,9400.0
Netherlands,Area harvested,2008,ha,9300.0
Netherlands,Area harvested,2009,ha,9129.0
Netherlands,Area harvested,2010,ha,8681.0
Netherlands,Area harvested,2011,ha,8266.0
Netherlands,Area harvested,2012,ha,7948.0
Netherlands,Area harvested,2013,ha,7906.0
Netherlands,Area harvested,2014,ha,7849.0
Netherlands,Area harvested,2015,ha,7600.0
Netherlands,Area harvested,2016,ha,7335.0
Netherlands,Area harvested,2017,ha,6953.0
Netherlands,Area harvested,2018,ha,6600.0
Netherlands,Area harvested,2019,ha,6420.0
Netherlands,Yield,2005,hg/ha,368697.0
Netherlands,Yield,2006,hg/ha,381719.0
Netherlands,Yield,2007,hg/ha,415957.0
Netherlands,Yield,2008,hg/ha,403226.0
Netherlands,Yield,2009,hg/ha,445832.0
Netherlands,Yield,2010,hg/ha,384748.0
Netherlands,Yield,2011,hg/ha,505686.0
Netherlands,Yield,2012,hg/ha,353548.0
Netherlands,Yield,2013,hg/ha,397167.0
Netherlands,Yield,2014,hg/ha,449739.0
Netherlands,Yield,2015,hg/ha,442105.0
Netherlands,Yield,2016,hg/ha,432175.0
Netherlands,Yield,2017,hg/ha,326478.0
Netherlands,Yield,2018,hg/ha,407727.0
Netherlands,Yield,2019,hg/ha,425234.0
Netherlands,Production,2005,tonnes,359000.0
Netherlands,Production,2006,tonnes,365000.0
Netherlands,Production,2007,tonnes,391000.0
Netherlands,Production,2008,tonnes,375000.0
Netherlands,Production,2009,tonnes,407000.0
Netherlands,Production,2010,tonnes,334000.0
Netherlands,Production,2011,tonnes,418000.0
Netherlands,Production,2012,tonnes,281000.0
Netherlands,Production,2013,tonnes,314000.0
Netherlands,Production,2014,tonnes,353000.0
Netherlands,Production,2015,tonnes,336000.0
Netherlands,Production,2016,tonnes,317000.0
Netherlands,Production,2017,tonnes,227000.0
Netherlands,Production,2018,tonnes,269100.0
Netherlands,Production,2019,tonnes,273000.0
New Zealand,Area harvested,2005,ha,10982.0
New Zealand,Area harvested,2006,ha,9720.0
New Zealand,Area harvested,2007,ha,9247.0
New Zealand,Area harvested,2008,ha,8832.0
New Zealand,Area harvested,2009,ha,9284.0
New Zealand,Area harvested,2010,ha,9380.0
New Zealand,Area harvested,2011,ha,8995.0
New Zealand,Area harvested,2012,ha,8845.0
New Zealand,Area harvested,2013,ha,8884.0
New Zealand,Area harvested,2014,ha,8417.0
New Zealand,Area harvested,2015,ha,9999.0
New Zealand,Area harvested,2016,ha,10129.0
New Zealand,Area harvested,2017,ha,8615.0
New Zealand,Area harvested,2018,ha,8594.0
New Zealand,Area harvested,2019,ha,9760.0
New Zealand,Yield,2005,hg/ha,477144.0
New Zealand,Yield,2006,hg/ha,364198.0
New Zealand,Yield,2007,hg/ha,455283.0
New Zealand,Yield,2008,hg/ha,504982.0
New Zealand,Yield,2009,hg/ha,464240.0
New Zealand,Yield,2010,hg/ha,473512.0
New Zealand,Yield,2011,hg/ha,488514.0
New Zealand,Yield,2012,hg/ha,494185.0
New Zealand,Yield,2013,hg/ha,499975.0
New Zealand,Yield,2014,hg/ha,582155.0
New Zealand,Yield,2015,hg/ha,540054.0
New Zealand,Yield,2016,hg/ha,542995.0
New Zealand,Yield,2017,hg/ha,545560.0
New Zealand,Yield,2018,hg/ha,558529.0
New Zealand,Yield,2019,hg/ha,567219.0
New Zealand,Production,2005,tonnes,524000.0
New Zealand,Production,2006,tonnes,354000.0
New Zealand,Production,2007,tonnes,421000.0
New Zealand,Production,2008,tonnes,446000.0
New Zealand,Production,2009,tonnes,431000.0
New Zealand,Production,2010,tonnes,444154.0
New Zealand,Production,2011,tonnes,439418.0
New Zealand,Production,2012,tonnes,437107.0
New Zealand,Production,2013,tonnes,444178.0
New Zealand,Production,2014,tonnes,490000.0
New Zealand,Production,2015,tonnes,540000.0
New Zealand,Production,2016,tonnes,550000.0
New Zealand,Production,2017,tonnes,470000.0
New Zealand,Production,2018,tonnes,480000.0
New Zealand,Production,2019,tonnes,553606.0
North Macedonia,Area harvested,2005,ha,9781.0
North Macedonia,Area harvested,2006,ha,10841.0
North Macedonia,Area harvested,2007,ha,14000.0
North Macedonia,Area harvested,2008,ha,15000.0
North Macedonia,Area harvested,2009,ha,11952.0
North Macedonia,Area harvested,2010,ha,13650.0
North Macedonia,Area harvested,2011,ha,13164.0
North Macedonia,Area harvested,2012,ha,13465.0
North Macedonia,Area harvested,2013,ha,11926.0
North Macedonia,Area harvested,2014,ha,10957.0
North Macedonia,Area harvested,2015,ha,15451.0
North Macedonia,Area harvested,2016,ha,11097.0
North Macedonia,Area harvested,2017,ha,4762.0
North Macedonia,Area harvested,2018,ha,15408.0
North Macedonia,Area harvested,2019,ha,9744.0
North Macedonia,Yield,2005,hg/ha,88147.0
North Macedonia,Yield,2006,hg/ha,88392.0
North Macedonia,Yield,2007,hg/ha,108635.0
North Macedonia,Yield,2008,hg/ha,116210.0
North Macedonia,Yield,2009,hg/ha,88986.0
North Macedonia,Yield,2010,hg/ha,88925.0
North Macedonia,Yield,2011,hg/ha,94616.0
North Macedonia,Yield,2012,hg/ha,94446.0
North Macedonia,Yield,2013,hg/ha,94691.0
North Macedonia,Yield,2014,hg/ha,87327.0
North Macedonia,Yield,2015,hg/ha,88623.0
North Macedonia,Yield,2016,hg/ha,91095.0
North Macedonia,Yield,2017,hg/ha,91067.0
North Macedonia,Yield,2018,hg/ha,91054.0
North Macedonia,Yield,2019,hg/ha,91031.0
North Macedonia,Production,2005,tonnes,86217.0
North Macedonia,Production,2006,tonnes,95826.0
North Macedonia,Production,2007,tonnes,152089.0
North Macedonia,Production,2008,tonnes,174315.0
North Macedonia,Production,2009,tonnes,106356.0
North Macedonia,Production,2010,tonnes,121383.0
North Macedonia,Production,2011,tonnes,124552.0
North Macedonia,Production,2012,tonnes,127171.0
North Macedonia,Production,2013,tonnes,112929.0
North Macedonia,Production,2014,tonnes,95684.0
North Macedonia,Production,2015,tonnes,136931.0
North Macedonia,Production,2016,tonnes,101088.0
North Macedonia,Production,2017,tonnes,43366.0
North Macedonia,Production,2018,tonnes,140296.0
North Macedonia,Production,2019,tonnes,88701.0
Norway,Area harvested,2005,ha,1695.0
Norway,Area harvested,2006,ha,1645.0
Norway,Area harvested,2007,ha,1652.0
Norway,Area harvested,2008,ha,1682.0
Norway,Area harvested,2009,ha,1704.0
Norway,Area harvested,2010,ha,1428.0
Norway,Area harvested,2011,ha,1401.0
Norway,Area harvested,2012,ha,1396.0
Norway,Area harvested,2013,ha,1402.0
Norway,Area harvested,2014,ha,1373.0
Norway,Area harvested,2015,ha,1373.0
Norway,Area harvested,2016,ha,1368.0
Norway,Area harvested,2017,ha,1378.0
Norway,Area harvested,2018,ha,1451.0
Norway,Area harvested,2019,ha,1489.0
Norway,Yield,2005,hg/ha,64472.0
Norway,Yield,2006,hg/ha,90942.0
Norway,Yield,2007,hg/ha,66096.0
Norway,Yield,2008,hg/ha,99388.0
Norway,Yield,2009,hg/ha,79701.0
Norway,Yield,2010,hg/ha,80469.0
Norway,Yield,2011,hg/ha,60450.0
Norway,Yield,2012,hg/ha,78625.0
Norway,Yield,2013,hg/ha,69679.0
Norway,Yield,2014,hg/ha,97028.0
Norway,Yield,2015,hg/ha,78660.0
Norway,Yield,2016,hg/ha,91535.0
Norway,Yield,2017,hg/ha,91901.0
Norway,Yield,2018,hg/ha,102536.0
Norway,Yield,2019,hg/ha,104721.0
Norway,Production,2005,tonnes,10928.0
Norway,Production,2006,tonnes,14960.0
Norway,Production,2007,tonnes,10919.0
Norway,Production,2008,tonnes,16717.0
Norway,Production,2009,tonnes,13581.0
Norway,Production,2010,tonnes,11491.0
Norway,Production,2011,tonnes,8469.0
Norway,Production,2012,tonnes,10976.0
Norway,Production,2013,tonnes,9769.0
Norway,Production,2014,tonnes,13322.0
Norway,Production,2015,tonnes,10800.0
Norway,Production,2016,tonnes,12522.0
Norway,Production,2017,tonnes,12664.0
Norway,Production,2018,tonnes,14878.0
Norway,Production,2019,tonnes,15593.0
Pakistan,Area harvested,2005,ha,112000.0
Pakistan,Area harvested,2006,ha,112600.0
Pakistan,Area harvested,2007,ha,113000.0
Pakistan,Area harvested,2008,ha,113100.0
Pakistan,Area harvested,2009,ha,111597.0
Pakistan,Area harvested,2010,ha,110562.0
Pakistan,Area harvested,2011,ha,110411.0
Pakistan,Area harvested,2012,ha,103830.0
Pakistan,Area harvested,2013,ha,105153.0
Pakistan,Area harvested,2014,ha,100246.0
Pakistan,Area harvested,2015,ha,96928.0
Pakistan,Area harvested,2016,ha,95260.0
Pakistan,Area harvested,2017,ha,88589.0
Pakistan,Area harvested,2018,ha,82041.0
Pakistan,Area harvested,2019,ha,73995.0
Pakistan,Yield,2005,hg/ha,31360.0
Pakistan,Yield,2006,hg/ha,30945.0
Pakistan,Yield,2007,hg/ha,39077.0
Pakistan,Yield,2008,hg/ha,38998.0
Pakistan,Yield,2009,hg/ha,32829.0
Pakistan,Yield,2010,hg/ha,47562.0
Pakistan,Yield,2011,hg/ha,54234.0
Pakistan,Yield,2012,hg/ha,53579.0
Pakistan,Yield,2013,hg/ha,57632.0
Pakistan,Yield,2014,hg/ha,61523.0
Pakistan,Yield,2015,hg/ha,64015.0
Pakistan,Yield,2016,hg/ha,70325.0
Pakistan,Yield,2017,hg/ha,63743.0
Pakistan,Yield,2018,hg/ha,66265.0
Pakistan,Yield,2019,hg/ha,67503.0
Pakistan,Production,2005,tonnes,351232.0
Pakistan,Production,2006,tonnes,348440.0
Pakistan,Production,2007,tonnes,441575.0
Pakistan,Production,2008,tonnes,441062.0
Pakistan,Production,2009,tonnes,366360.0
Pakistan,Production,2010,tonnes,525855.0
Pakistan,Production,2011,tonnes,598804.0
Pakistan,Production,2012,tonnes,556307.0
Pakistan,Production,2013,tonnes,606016.0
Pakistan,Production,2014,tonnes,616748.0
Pakistan,Production,2015,tonnes,620481.0
Pakistan,Production,2016,tonnes,669912.0
Pakistan,Production,2017,tonnes,564693.0
Pakistan,Production,2018,tonnes,543645.0
Pakistan,Production,2019,tonnes,499490.0
Palestine,Area harvested,2005,ha,230.0
Palestine,Area harvested,2006,ha,256.0
Palestine,Area harvested,2007,ha,255.0
Palestine,Area harvested,2008,ha,245.0
Palestine,Area harvested,2009,ha,150.0
Palestine,Area harvested,2010,ha,100.0
Palestine,Area harvested,2011,ha,166.0
Palestine,Area harvested,2012,ha,178.0
Palestine,Area harvested,2013,ha,194.0
Palestine,Area harvested,2014,ha,230.0
Palestine,Area harvested,2015,ha,150.0
Palestine,Area harvested,2016,ha,130.0
Palestine,Area harvested,2017,ha,158.0
Palestine,Area harvested,2018,ha,165.0
Palestine,Area harvested,2019,ha,164.0
Palestine,Yield,2005,hg/ha,42174.0
Palestine,Yield,2006,hg/ha,41523.0
Palestine,Yield,2007,hg/ha,41647.0
Palestine,Yield,2008,hg/ha,51796.0
Palestine,Yield,2009,hg/ha,45333.0
Palestine,Yield,2010,hg/ha,49000.0
Palestine,Yield,2011,hg/ha,50181.0
Palestine,Yield,2012,hg/ha,51124.0
Palestine,Yield,2013,hg/ha,51804.0
Palestine,Yield,2014,hg/ha,54348.0
Palestine,Yield,2015,hg/ha,53333.0
Palestine,Yield,2016,hg/ha,66154.0
Palestine,Yield,2017,hg/ha,58165.0
Palestine,Yield,2018,hg/ha,56485.0
Palestine,Yield,2019,hg/ha,57134.0
Palestine,Production,2005,tonnes,970.0
Palestine,Production,2006,tonnes,1063.0
Palestine,Production,2007,tonnes,1062.0
Palestine,Production,2008,tonnes,1269.0
Palestine,Production,2009,tonnes,680.0
Palestine,Production,2010,tonnes,490.0
Palestine,Production,2011,tonnes,833.0
Palestine,Production,2012,tonnes,910.0
Palestine,Production,2013,tonnes,1005.0
Palestine,Production,2014,tonnes,1250.0
Palestine,Production,2015,tonnes,800.0
Palestine,Production,2016,tonnes,860.0
Palestine,Production,2017,tonnes,919.0
Palestine,Production,2018,tonnes,932.0
Palestine,Production,2019,tonnes,937.0
Paraguay,Area harvested,2005,ha,71.0
Paraguay,Area harvested,2006,ha,76.0
Paraguay,Area harvested,2007,ha,81.0
Paraguay,Area harvested,2008,ha,84.0
Paraguay,Area harvested,2009,ha,85.0
Paraguay,Area harvested,2010,ha,86.0
Paraguay,Area harvested,2011,ha,88.0
Paraguay,Area harvested,2012,ha,90.0
Paraguay,Area harvested,2013,ha,89.0
Paraguay,Area harvested,2014,ha,89.0
Paraguay,Area harvested,2015,ha,76.0
Paraguay,Area harvested,2016,ha,68.0
Paraguay,Area harvested,2017,ha,61.0
Paraguay,Area harvested,2018,ha,55.0
Paraguay,Area harvested,2019,ha,51.0
Paraguay,Yield,2005,hg/ha,78873.0
Paraguay,Yield,2006,hg/ha,79474.0
Paraguay,Yield,2007,hg/ha,80247.0
Paraguay,Yield,2008,hg/ha,79643.0
Paraguay,Yield,2009,hg/ha,80588.0
Paraguay,Yield,2010,hg/ha,80233.0
Paraguay,Yield,2011,hg/ha,79205.0
Paraguay,Yield,2012,hg/ha,78333.0
Paraguay,Yield,2013,hg/ha,79775.0
Paraguay,Yield,2014,hg/ha,80225.0
Paraguay,Yield,2015,hg/ha,80789.0
Paraguay,Yield,2016,hg/ha,80441.0
Paraguay,Yield,2017,hg/ha,80164.0
Paraguay,Yield,2018,hg/ha,80727.0
Paraguay,Yield,2019,hg/ha,81373.0
Paraguay,Production,2005,tonnes,560.0
Paraguay,Production,2006,tonnes,604.0
Paraguay,Production,2007,tonnes,650.0
Paraguay,Production,2008,tonnes,669.0
Paraguay,Production,2009,tonnes,685.0
Paraguay,Production,2010,tonnes,690.0
Paraguay,Production,2011,tonnes,697.0
Paraguay,Production,2012,tonnes,705.0
Paraguay,Production,2013,tonnes,710.0
Paraguay,Production,2014,tonnes,714.0
Paraguay,Production,2015,tonnes,614.0
Paraguay,Production,2016,tonnes,547.0
Paraguay,Production,2017,tonnes,489.0
Paraguay,Production,2018,tonnes,444.0
Paraguay,Production,2019,tonnes,415.0
Peru,Area harvested,2005,ha,10460.0
Peru,Area harvested,2006,ha,10066.0
Peru,Area harvested,2007,ha,10063.0
Peru,Area harvested,2008,ha,9736.0
Peru,Area harvested,2009,ha,9610.0
Peru,Area harvested,2010,ha,9535.0
Peru,Area harvested,2011,ha,9715.0
Peru,Area harvested,2012,ha,9483.0
Peru,Area harvested,2013,ha,9442.0
Peru,Area harvested,2014,ha,9661.0
Peru,Area harvested,2015,ha,9744.0
Peru,Area harvested,2016,ha,9759.0
Peru,Area harvested,2017,ha,9701.0
Peru,Area harvested,2018,ha,8580.0
Peru,Area harvested,2019,ha,7821.0
Peru,Yield,2005,hg/ha,133205.0
Peru,Yield,2006,hg/ha,135505.0
Peru,Yield,2007,hg/ha,135888.0
Peru,Yield,2008,hg/ha,138875.0
Peru,Yield,2009,hg/ha,142776.0
Peru,Yield,2010,hg/ha,150877.0
Peru,Yield,2011,hg/ha,153949.0
Peru,Yield,2012,hg/ha,154776.0
Peru,Yield,2013,hg/ha,165590.0
Peru,Yield,2014,hg/ha,165489.0
Peru,Yield,2015,hg/ha,163742.0
Peru,Yield,2016,hg/ha,162002.0
Peru,Yield,2017,hg/ha,154404.0
Peru,Yield,2018,hg/ha,163833.0
Peru,Yield,2019,hg/ha,181926.0
Peru,Production,2005,tonnes,139332.0
Peru,Production,2006,tonnes,136399.0
Peru,Production,2007,tonnes,136744.0
Peru,Production,2008,tonnes,135209.0
Peru,Production,2009,tonnes,137208.0
Peru,Production,2010,tonnes,143861.0
Peru,Production,2011,tonnes,149561.0
Peru,Production,2012,tonnes,146774.0
Peru,Production,2013,tonnes,156350.0
Peru,Production,2014,tonnes,159879.0
Peru,Production,2015,tonnes,159550.0
Peru,Production,2016,tonnes,158098.0
Peru,Production,2017,tonnes,149787.0
Peru,Production,2018,tonnes,140569.0
Peru,Production,2019,tonnes,142284.0
Poland,Area harvested,2005,ha,169650.0
Poland,Area harvested,2006,ha,161989.0
Poland,Area harvested,2007,ha,175595.0
Poland,Area harvested,2008,ha,171963.0
Poland,Area harvested,2009,ha,173607.0
Poland,Area harvested,2010,ha,170443.0
Poland,Area harvested,2011,ha,183526.0
Poland,Area harvested,2012,ha,194680.0
Poland,Area harvested,2013,ha,193439.0
Poland,Area harvested,2014,ha,176335.0
Poland,Area harvested,2015,ha,180399.0
Poland,Area harvested,2016,ha,177203.0
Poland,Area harvested,2017,ha,176352.0
Poland,Area harvested,2018,ha,166150.0
Poland,Area harvested,2019,ha,166440.0
Poland,Yield,2005,hg/ha,122308.0
Poland,Yield,2006,hg/ha,142287.0
Poland,Yield,2007,hg/ha,59225.0
Poland,Yield,2008,hg/ha,164609.0
Poland,Yield,2009,hg/ha,151277.0
Poland,Yield,2010,hg/ha,110178.0
Poland,Yield,2011,hg/ha,135843.0
Poland,Yield,2012,hg/ha,147798.0
Poland,Yield,2013,hg/ha,159486.0
Poland,Yield,2014,hg/ha,181206.0
Poland,Yield,2015,hg/ha,175656.0
Poland,Yield,2016,hg/ha,203398.0
Poland,Yield,2017,hg/ha,138439.0
Poland,Yield,2018,hg/ha,240717.0
Poland,Yield,2019,hg/ha,185088.0
Poland,Production,2005,tonnes,2074951.0
Poland,Production,2006,tonnes,2304892.0
Poland,Production,2007,tonnes,1039967.0
Poland,Production,2008,tonnes,2830658.0
Poland,Production,2009,tonnes,2626273.0
Poland,Production,2010,tonnes,1877906.0
Poland,Production,2011,tonnes,2493078.0
Poland,Production,2012,tonnes,2877336.0
Poland,Production,2013,tonnes,3085074.0
Poland,Production,2014,tonnes,3195299.0
Poland,Production,2015,tonnes,3168818.0
Poland,Production,2016,tonnes,3604271.0
Poland,Production,2017,tonnes,2441393.0
Poland,Production,2018,tonnes,3999520.0
Poland,Production,2019,tonnes,3080600.0
Portugal,Area harvested,2005,ha,16840.0
Portugal,Area harvested,2006,ha,15700.0
Portugal,Area harvested,2007,ha,14558.0
Portugal,Area harvested,2008,ha,13757.0
Portugal,Area harvested,2009,ha,12565.0
Portugal,Area harvested,2010,ha,12450.0
Portugal,Area harvested,2011,ha,12539.0
Portugal,Area harvested,2012,ha,12903.0
Portugal,Area harvested,2013,ha,13661.0
Portugal,Area harvested,2014,ha,13847.0
Portugal,Area harvested,2015,ha,14006.0
Portugal,Area harvested,2016,ha,14399.0
Portugal,Area harvested,2017,ha,14786.0
Portugal,Area harvested,2018,ha,14580.0
Portugal,Area harvested,2019,ha,14580.0
Portugal,Yield,2005,hg/ha,148779.0
Portugal,Yield,2006,hg/ha,163451.0
Portugal,Yield,2007,hg/ha,168616.0
Portugal,Yield,2008,hg/ha,172284.0
Portugal,Yield,2009,hg/ha,209428.0
Portugal,Yield,2010,hg/ha,171006.0
Portugal,Yield,2011,hg/ha,197168.0
Portugal,Yield,2012,hg/ha,171093.0
Portugal,Yield,2013,hg/ha,210317.0
Portugal,Yield,2014,hg/ha,197675.0
Portugal,Yield,2015,hg/ha,232039.0
Portugal,Yield,2016,hg/ha,167797.0
Portugal,Yield,2017,hg/ha,222759.0
Portugal,Yield,2018,hg/ha,181043.0
Portugal,Yield,2019,hg/ha,243964.0
Portugal,Production,2005,tonnes,250543.0
Portugal,Production,2006,tonnes,256618.0
Portugal,Production,2007,tonnes,245471.0
Portugal,Production,2008,tonnes,237011.0
Portugal,Production,2009,tonnes,263146.0
Portugal,Production,2010,tonnes,212902.0
Portugal,Production,2011,tonnes,247229.0
Portugal,Production,2012,tonnes,220761.0
Portugal,Production,2013,tonnes,287314.0
Portugal,Production,2014,tonnes,273721.0
Portugal,Production,2015,tonnes,324994.0
Portugal,Production,2016,tonnes,241611.0
Portugal,Production,2017,tonnes,329371.0
Portugal,Production,2018,tonnes,263960.0
Portugal,Production,2019,tonnes,355700.0
Republic of Korea,Area harvested,2005,ha,26907.0
Republic of Korea,Area harvested,2006,ha,28312.0
Republic of Korea,Area harvested,2007,ha,29358.0
Republic of Korea,Area harvested,2008,ha,30006.0
Republic of Korea,Area harvested,2009,ha,30451.0
Republic of Korea,Area harvested,2010,ha,30992.0
Republic of Korea,Area harvested,2011,ha,31167.0
Republic of Korea,Area harvested,2012,ha,30734.0
Republic of Korea,Area harvested,2013,ha,30449.0
Republic of Korea,Area harvested,2014,ha,30702.0
Republic of Korea,Area harvested,2015,ha,31620.0
Republic of Korea,Area harvested,2016,ha,33300.0
Republic of Korea,Area harvested,2017,ha,33601.0
Republic of Korea,Area harvested,2018,ha,33234.0
Republic of Korea,Area harvested,2019,ha,32954.0
Republic of Korea,Yield,2005,hg/ha,136588.0
Republic of Korea,Yield,2006,hg/ha,143975.0
Republic of Korea,Yield,2007,hg/ha,148405.0
Republic of Korea,Yield,2008,hg/ha,156924.0
Republic of Korea,Yield,2009,hg/ha,162389.0
Republic of Korea,Yield,2010,hg/ha,148517.0
Republic of Korea,Yield,2011,hg/ha,121777.0
Republic of Korea,Yield,2012,hg/ha,128391.0
Republic of Korea,Yield,2013,hg/ha,162140.0
Republic of Korea,Yield,2014,hg/ha,154619.0
Republic of Korea,Yield,2015,hg/ha,184328.0
Republic of Korea,Yield,2016,hg/ha,173084.0
Republic of Korea,Yield,2017,hg/ha,162301.0
Republic of Korea,Yield,2018,hg/ha,143017.0
Republic of Korea,Yield,2019,hg/ha,162446.0
Republic of Korea,Production,2005,tonnes,367517.0
Republic of Korea,Production,2006,tonnes,407621.0
Republic of Korea,Production,2007,tonnes,435686.0
Republic of Korea,Production,2008,tonnes,470865.0
Republic of Korea,Production,2009,tonnes,494491.0
Republic of Korea,Production,2010,tonnes,460285.0
Republic of Korea,Production,2011,tonnes,379541.0
Republic of Korea,Production,2012,tonnes,394596.0
Republic of Korea,Production,2013,tonnes,493701.0
Republic of Korea,Production,2014,tonnes,474712.0
Republic of Korea,Production,2015,tonnes,582846.0
Republic of Korea,Production,2016,tonnes,576369.0
Republic of Korea,Production,2017,tonnes,545349.0
Republic of Korea,Production,2018,tonnes,475303.0
Republic of Korea,Production,2019,tonnes,535324.0
Republic of Moldova,Area harvested,2005,ha,64477.0
Republic of Moldova,Area harvested,2006,ha,63627.0
Republic of Moldova,Area harvested,2007,ha,62693.0
Republic of Moldova,Area harvested,2008,ha,61069.0
Republic of Moldova,Area harvested,2009,ha,58413.0
Republic of Moldova,Area harvested,2010,ha,57355.0
Republic of Moldova,Area harvested,2011,ha,55790.0
Republic of Moldova,Area harvested,2012,ha,55638.0
Republic of Moldova,Area harvested,2013,ha,53849.0
Republic of Moldova,Area harvested,2014,ha,44459.0
Republic of Moldova,Area harvested,2015,ha,54552.0
Republic of Moldova,Area harvested,2016,ha,52454.0
Republic of Moldova,Area harvested,2017,ha,52737.0
Republic of Moldova,Area harvested,2018,ha,51135.0
Republic of Moldova,Area harvested,2019,ha,51130.0
Republic of Moldova,Yield,2005,hg/ha,43181.0
Republic of Moldova,Yield,2006,hg/ha,31872.0
Republic of Moldova,Yield,2007,hg/ha,34803.0
Republic of Moldova,Yield,2008,hg/ha,41770.0
Republic of Moldova,Yield,2009,hg/ha,35881.0
Republic of Moldova,Yield,2010,hg/ha,36248.0
Republic of Moldova,Yield,2011,hg/ha,48188.0
Republic of Moldova,Yield,2012,hg/ha,50658.0
Republic of Moldova,Yield,2013,hg/ha,57057.0
Republic of Moldova,Yield,2014,hg/ha,83228.0
Republic of Moldova,Yield,2015,hg/ha,56398.0
Republic of Moldova,Yield,2016,hg/ha,78501.0
Republic of Moldova,Yield,2017,hg/ha,92376.0
Republic of Moldova,Yield,2018,hg/ha,130084.0
Republic of Moldova,Yield,2019,hg/ha,119484.0
Republic of Moldova,Production,2005,tonnes,278421.0
Republic of Moldova,Production,2006,tonnes,202790.0
Republic of Moldova,Production,2007,tonnes,218189.0
Republic of Moldova,Production,2008,tonnes,255086.0
Republic of Moldova,Production,2009,tonnes,209594.0
Republic of Moldova,Production,2010,tonnes,207903.0
Republic of Moldova,Production,2011,tonnes,268842.0
Republic of Moldova,Production,2012,tonnes,281849.0
Republic of Moldova,Production,2013,tonnes,307246.0
Republic of Moldova,Production,2014,tonnes,370024.0
Republic of Moldova,Production,2015,tonnes,307660.0
Republic of Moldova,Production,2016,tonnes,411768.0
Republic of Moldova,Production,2017,tonnes,487161.0
Republic of Moldova,Production,2018,tonnes,665184.0
Republic of Moldova,Production,2019,tonnes,610921.0
Réunion,Area harvested,2005,ha,6.0
Réunion,Area harvested,2006,ha,7.0
Réunion,Yield,2005,hg/ha,90000.0
Réunion,Yield,2006,hg/ha,100000.0
Réunion,Production,2005,tonnes,54.0
Réunion,Production,2006,tonnes,70.0
Romania,Area harvested,2005,ha,81672.0
Romania,Area harvested,2006,ha,59298.0
Romania,Area harvested,2007,ha,59017.0
Romania,Area harvested,2008,ha,54704.0
Romania,Area harvested,2009,ha,52637.0
Romania,Area harvested,2010,ha,56373.0
Romania,Area harvested,2011,ha,52722.0
Romania,Area harvested,2012,ha,55366.0
Romania,Area harvested,2013,ha,60276.0
Romania,Area harvested,2014,ha,56130.0
Romania,Area harvested,2015,ha,55883.0
Romania,Area harvested,2016,ha,55528.0
Romania,Area harvested,2017,ha,55597.0
Romania,Area harvested,2018,ha,53940.0
Romania,Area harvested,2019,ha,52740.0
Romania,Yield,2005,hg/ha,78115.0
Romania,Yield,2006,hg/ha,99567.0
Romania,Yield,2007,hg/ha,80548.0
Romania,Yield,2008,hg/ha,83909.0
Romania,Yield,2009,hg/ha,98313.0
Romania,Yield,2010,hg/ha,98072.0
Romania,Yield,2011,hg/ha,117667.0
Romania,Yield,2012,hg/ha,83614.0
Romania,Yield,2013,hg/ha,85205.0
Romania,Yield,2014,hg/ha,91430.0
Romania,Yield,2015,hg/ha,85189.0
Romania,Yield,2016,hg/ha,84148.0
Romania,Yield,2017,hg/ha,62711.0
Romania,Yield,2018,hg/ha,117681.0
Romania,Yield,2019,hg/ha,93421.0
Romania,Production,2005,tonnes,637979.0
Romania,Production,2006,tonnes,590413.0
Romania,Production,2007,tonnes,475370.0
Romania,Production,2008,tonnes,459016.0
Romania,Production,2009,tonnes,517491.0
Romania,Production,2010,tonnes,552860.0
Romania,Production,2011,tonnes,620362.0
Romania,Production,2012,tonnes,462935.0
Romania,Production,2013,tonnes,513580.0
Romania,Production,2014,tonnes,513195.0
Romania,Production,2015,tonnes,476059.0
Romania,Production,2016,tonnes,467259.0
Romania,Production,2017,tonnes,348656.0
Romania,Production,2018,tonnes,634770.0
Romania,Production,2019,tonnes,492700.0
Russian Federation,Area harvested,2005,ha,401000.0
Russian Federation,Area harvested,2006,ha,373800.0
Russian Federation,Area harvested,2007,ha,364000.0
Russian Federation,Area harvested,2008,ha,199500.0
Russian Federation,Area harvested,2009,ha,196600.0
Russian Federation,Area harvested,2010,ha,192000.0
Russian Federation,Area harvested,2011,ha,188000.0
Russian Federation,Area harvested,2012,ha,182000.0
Russian Federation,Area harvested,2013,ha,188000.0
Russian Federation,Area harvested,2014,ha,183000.0
Russian Federation,Area harvested,2015,ha,188000.0
Russian Federation,Area harvested,2016,ha,197329.0
Russian Federation,Area harvested,2017,ha,171008.0
Russian Federation,Area harvested,2018,ha,206429.0
Russian Federation,Area harvested,2019,ha,210822.0
Russian Federation,Yield,2005,hg/ha,44539.0
Russian Federation,Yield,2006,hg/ha,43499.0
Russian Federation,Yield,2007,hg/ha,64341.0
Russian Federation,Yield,2008,hg/ha,56261.0
Russian Federation,Yield,2009,hg/ha,73306.0
Russian Federation,Yield,2010,hg/ha,51667.0
Russian Federation,Yield,2011,hg/ha,63723.0
Russian Federation,Yield,2012,hg/ha,77088.0
Russian Federation,Yield,2013,hg/ha,83670.0
Russian Federation,Yield,2014,hg/ha,88743.0
Russian Federation,Yield,2015,hg/ha,85782.0
Russian Federation,Yield,2016,hg/ha,86206.0
Russian Federation,Yield,2017,hg/ha,87341.0
Russian Federation,Yield,2018,hg/ha,90075.0
Russian Federation,Yield,2019,hg/ha,92533.0
Russian Federation,Production,2005,tonnes,1786000.0
Russian Federation,Production,2006,tonnes,1626000.0
Russian Federation,Production,2007,tonnes,2342000.0
Russian Federation,Production,2008,tonnes,1122400.0
Russian Federation,Production,2009,tonnes,1441200.0
Russian Federation,Production,2010,tonnes,992000.0
Russian Federation,Production,2011,tonnes,1198000.0
Russian Federation,Production,2012,tonnes,1403000.0
Russian Federation,Production,2013,tonnes,1573000.0
Russian Federation,Production,2014,tonnes,1624000.0
Russian Federation,Production,2015,tonnes,1612700.0
Russian Federation,Production,2016,tonnes,1701100.0
Russian Federation,Production,2017,tonnes,1493600.0
Russian Federation,Production,2018,tonnes,1859400.0
Russian Federation,Production,2019,tonnes,1950800.0
Saint Vincent and the Grenadines,Area harvested,2005,ha,310.0
Saint Vincent and the Grenadines,Area harvested,2006,ha,320.0
Saint Vincent and the Grenadines,Area harvested,2007,ha,320.0
Saint Vincent and the Grenadines,Area harvested,2008,ha,350.0
Saint Vincent and the Grenadines,Area harvested,2009,ha,360.0
Saint Vincent and the Grenadines,Area harvested,2010,ha,200.0
Saint Vincent and the Grenadines,Area harvested,2011,ha,251.0
Saint Vincent and the Grenadines,Area harvested,2012,ha,230.0
Saint Vincent and the Grenadines,Area harvested,2013,ha,225.0
Saint Vincent and the Grenadines,Area harvested,2014,ha,192.0
Saint Vincent and the Grenadines,Area harvested,2015,ha,193.0
Saint Vincent and the Grenadines,Area harvested,2016,ha,196.0
Saint Vincent and the Grenadines,Area harvested,2017,ha,328.0
Saint Vincent and the Grenadines,Area harvested,2018,ha,332.0
Saint Vincent and the Grenadines,Area harvested,2019,ha,266.0
Saint Vincent and the Grenadines,Yield,2005,hg/ha,40323.0
Saint Vincent and the Grenadines,Yield,2006,hg/ha,39063.0
Saint Vincent and the Grenadines,Yield,2007,hg/ha,40625.0
Saint Vincent and the Grenadines,Yield,2008,hg/ha,40000.0
Saint Vincent and the Grenadines,Yield,2009,hg/ha,45472.0
Saint Vincent and the Grenadines,Yield,2010,hg/ha,52900.0
Saint Vincent and the Grenadines,Yield,2011,hg/ha,48207.0
Saint Vincent and the Grenadines,Yield,2012,hg/ha,52000.0
Saint Vincent and the Grenadines,Yield,2013,hg/ha,51067.0
Saint Vincent and the Grenadines,Yield,2014,hg/ha,51563.0
Saint Vincent and the Grenadines,Yield,2015,hg/ha,52902.0
Saint Vincent and the Grenadines,Yield,2016,hg/ha,53367.0
Saint Vincent and the Grenadines,Yield,2017,hg/ha,54085.0
Saint Vincent and the Grenadines,Yield,2018,hg/ha,55000.0
Saint Vincent and the Grenadines,Yield,2019,hg/ha,55714.0
Saint Vincent and the Grenadines,Production,2005,tonnes,1250.0
Saint Vincent and the Grenadines,Production,2006,tonnes,1250.0
Saint Vincent and the Grenadines,Production,2007,tonnes,1300.0
Saint Vincent and the Grenadines,Production,2008,tonnes,1400.0
Saint Vincent and the Grenadines,Production,2009,tonnes,1637.0
Saint Vincent and the Grenadines,Production,2010,tonnes,1058.0
Saint Vincent and the Grenadines,Production,2011,tonnes,1210.0
Saint Vincent and the Grenadines,Production,2012,tonnes,1196.0
Saint Vincent and the Grenadines,Production,2013,tonnes,1149.0
Saint Vincent and the Grenadines,Production,2014,tonnes,990.0
Saint Vincent and the Grenadines,Production,2015,tonnes,1021.0
Saint Vincent and the Grenadines,Production,2016,tonnes,1046.0
Saint Vincent and the Grenadines,Production,2017,tonnes,1774.0
Saint Vincent and the Grenadines,Production,2018,tonnes,1826.0
Saint Vincent and the Grenadines,Production,2019,tonnes,1482.0
Serbia,Area harvested,2006,ha,24000.0
Serbia,Area harvested,2007,ha,25000.0
Serbia,Area harvested,2008,ha,23000.0
Serbia,Area harvested,2009,ha,28000.0
Serbia,Area harvested,2010,ha,24000.0
Serbia,Area harvested,2011,ha,26600.0
Serbia,Area harvested,2012,ha,24400.0
Serbia,Area harvested,2013,ha,23737.0
Serbia,Area harvested,2014,ha,23737.0
Serbia,Area harvested,2015,ha,24703.0
Serbia,Area harvested,2016,ha,24818.0
Serbia,Area harvested,2017,ha,25134.0
Serbia,Area harvested,2018,ha,25917.0
Serbia,Area harvested,2019,ha,26089.0
Serbia,Yield,2006,hg/ha,100133.0
Serbia,Yield,2007,hg/ha,98091.0
Serbia,Yield,2008,hg/ha,102435.0
Serbia,Yield,2009,hg/ha,100667.0
Serbia,Yield,2010,hg/ha,99977.0
Serbia,Yield,2011,hg/ha,99841.0
Serbia,Yield,2012,hg/ha,99995.0
Serbia,Yield,2013,hg/ha,193120.0
Serbia,Yield,2014,hg/ha,141683.0
Serbia,Yield,2015,hg/ha,174780.0
Serbia,Yield,2016,hg/ha,161364.0
Serbia,Yield,2017,hg/ha,150650.0
Serbia,Yield,2018,hg/ha,177646.0
Serbia,Yield,2019,hg/ha,191490.0
Serbia,Production,2006,tonnes,240320.0
Serbia,Production,2007,tonnes,245228.0
Serbia,Production,2008,tonnes,235601.0
Serbia,Production,2009,tonnes,281868.0
Serbia,Production,2010,tonnes,239945.0
Serbia,Production,2011,tonnes,265576.0
Serbia,Production,2012,tonnes,243987.0
Serbia,Production,2013,tonnes,458409.0
Serbia,Production,2014,tonnes,336313.0
Serbia,Production,2015,tonnes,431759.0
Serbia,Production,2016,tonnes,400473.0
Serbia,Production,2017,tonnes,378644.0
Serbia,Production,2018,tonnes,460404.0
Serbia,Production,2019,tonnes,499578.0
Serbia and Montenegro,Area harvested,2005,ha,30025.0
Serbia and Montenegro,Yield,2005,hg/ha,67312.0
Serbia and Montenegro,Production,2005,tonnes,202104.0
Slovakia,Area harvested,2005,ha,3198.0
Slovakia,Area harvested,2006,ha,3345.0
Slovakia,Area harvested,2007,ha,3244.0
Slovakia,Area harvested,2008,ha,3426.0
Slovakia,Area harvested,2009,ha,2745.0
Slovakia,Area harvested,2010,ha,2683.0
Slovakia,Area harvested,2011,ha,2294.0
Slovakia,Area harvested,2012,ha,2908.0
Slovakia,Area harvested,2013,ha,2795.0
Slovakia,Area harvested,2014,ha,2557.0
Slovakia,Area harvested,2015,ha,2376.0
Slovakia,Area harvested,2016,ha,2311.0
Slovakia,Area harvested,2017,ha,2179.0
Slovakia,Area harvested,2018,ha,2140.0
Slovakia,Area harvested,2019,ha,2060.0
Slovakia,Yield,2005,hg/ha,146967.0
Slovakia,Yield,2006,hg/ha,92006.0
Slovakia,Yield,2007,hg/ha,54636.0
Slovakia,Yield,2008,hg/ha,122017.0
Slovakia,Yield,2009,hg/ha,137301.0
Slovakia,Yield,2010,hg/ha,127525.0
Slovakia,Yield,2011,hg/ha,136683.0
Slovakia,Yield,2012,hg/ha,152961.0
Slovakia,Yield,2013,hg/ha,164397.0
Slovakia,Yield,2014,hg/ha,189652.0
Slovakia,Yield,2015,hg/ha,194655.0
Slovakia,Yield,2016,hg/ha,89667.0
Slovakia,Yield,2017,hg/ha,149050.0
Slovakia,Yield,2018,hg/ha,205280.0
Slovakia,Yield,2019,hg/ha,170825.0
Slovakia,Production,2005,tonnes,47000.0
Slovakia,Production,2006,tonnes,30776.0
Slovakia,Production,2007,tonnes,17724.0
Slovakia,Production,2008,tonnes,41803.0
Slovakia,Production,2009,tonnes,37689.0
Slovakia,Production,2010,tonnes,34215.0
Slovakia,Production,2011,tonnes,31355.0
Slovakia,Production,2012,tonnes,44481.0
Slovakia,Production,2013,tonnes,45949.0
Slovakia,Production,2014,tonnes,48494.0
Slovakia,Production,2015,tonnes,46250.0
Slovakia,Production,2016,tonnes,20722.0
Slovakia,Production,2017,tonnes,32478.0
Slovakia,Production,2018,tonnes,43930.0
Slovakia,Production,2019,tonnes,35190.0
Slovenia,Area harvested,2005,ha,3099.0
Slovenia,Area harvested,2006,ha,3099.0
Slovenia,Area harvested,2007,ha,2874.0
Slovenia,Area harvested,2008,ha,2874.0
Slovenia,Area harvested,2009,ha,2722.0
Slovenia,Area harvested,2010,ha,2765.0
Slovenia,Area harvested,2011,ha,2734.0
Slovenia,Area harvested,2012,ha,2702.0
Slovenia,Area harvested,2013,ha,2643.0
Slovenia,Area harvested,2014,ha,2545.0
Slovenia,Area harvested,2015,ha,2465.0
Slovenia,Area harvested,2016,ha,2416.0
Slovenia,Area harvested,2017,ha,2355.0
Slovenia,Area harvested,2018,ha,2330.0
Slovenia,Area harvested,2019,ha,2270.0
Slovenia,Yield,2005,hg/ha,342678.0
Slovenia,Yield,2006,hg/ha,384563.0
Slovenia,Yield,2007,hg/ha,398372.0
Slovenia,Yield,2008,hg/ha,358013.0
Slovenia,Yield,2009,hg/ha,351440.0
Slovenia,Yield,2010,hg/ha,425204.0
Slovenia,Yield,2011,hg/ha,385351.0
Slovenia,Yield,2012,hg/ha,204663.0
Slovenia,Yield,2013,hg/ha,349788.0
Slovenia,Yield,2014,hg/ha,392275.0
Slovenia,Yield,2015,hg/ha,466901.0
Slovenia,Yield,2016,hg/ha,246577.0
Slovenia,Yield,2017,hg/ha,339703.0
Slovenia,Yield,2018,hg/ha,371631.0
Slovenia,Yield,2019,hg/ha,239075.0
Slovenia,Production,2005,tonnes,106196.0
Slovenia,Production,2006,tonnes,119176.0
Slovenia,Production,2007,tonnes,114492.0
Slovenia,Production,2008,tonnes,102893.0
Slovenia,Production,2009,tonnes,95662.0
Slovenia,Production,2010,tonnes,117569.0
Slovenia,Production,2011,tonnes,105355.0
Slovenia,Production,2012,tonnes,55300.0
Slovenia,Production,2013,tonnes,92449.0
Slovenia,Production,2014,tonnes,99834.0
Slovenia,Production,2015,tonnes,115091.0
Slovenia,Production,2016,tonnes,59573.0
Slovenia,Production,2017,tonnes,80000.0
Slovenia,Production,2018,tonnes,86590.0
Slovenia,Production,2019,tonnes,54270.0
South Africa,Area harvested,2005,ha,21326.0
South Africa,Area harvested,2006,ha,20633.0
South Africa,Area harvested,2007,ha,22000.0
South Africa,Area harvested,2008,ha,23000.0
South Africa,Area harvested,2009,ha,21000.0
South Africa,Area harvested,2010,ha,20449.0
South Africa,Area harvested,2011,ha,21919.0
South Africa,Area harvested,2012,ha,22900.0
South Africa,Area harvested,2013,ha,24819.0
South Africa,Area harvested,2014,ha,20829.0
South Africa,Area harvested,2015,ha,24626.0
South Africa,Area harvested,2016,ha,23941.0
South Africa,Area harvested,2017,ha,23948.0
South Africa,Area harvested,2018,ha,21093.0
South Africa,Area harvested,2019,ha,22373.0
South Africa,Yield,2005,hg/ha,318317.0
South Africa,Yield,2006,hg/ha,307030.0
South Africa,Yield,2007,hg/ha,322014.0
South Africa,Yield,2008,hg/ha,338322.0
South Africa,Yield,2009,hg/ha,389380.0
South Africa,Yield,2010,hg/ha,354165.0
South Africa,Yield,2011,hg/ha,356368.0
South Africa,Yield,2012,hg/ha,347493.0
South Africa,Yield,2013,hg/ha,364174.0
South Africa,Yield,2014,hg/ha,373393.0
South Africa,Yield,2015,hg/ha,379426.0
South Africa,Yield,2016,hg/ha,382667.0
South Africa,Yield,2017,hg/ha,387936.0
South Africa,Yield,2018,hg/ha,393323.0
South Africa,Yield,2019,hg/ha,398685.0
South Africa,Production,2005,tonnes,678842.0
South Africa,Production,2006,tonnes,633495.0
South Africa,Production,2007,tonnes,708430.0
South Africa,Production,2008,tonnes,778141.0
South Africa,Production,2009,tonnes,817698.0
South Africa,Production,2010,tonnes,724232.0
South Africa,Production,2011,tonnes,781124.0
South Africa,Production,2012,tonnes,795758.0
South Africa,Production,2013,tonnes,903843.0
South Africa,Production,2014,tonnes,777741.0
South Africa,Production,2015,tonnes,934375.0
South Africa,Production,2016,tonnes,916143.0
South Africa,Production,2017,tonnes,929028.0
South Africa,Production,2018,tonnes,829636.0
South Africa,Production,2019,tonnes,891979.0
Spain,Area harvested,2005,ha,38974.0
Spain,Area harvested,2006,ha,37844.0
Spain,Area harvested,2007,ha,36902.0
Spain,Area harvested,2008,ha,33362.0
Spain,Area harvested,2009,ha,32715.0
Spain,Area harvested,2010,ha,31812.0
Spain,Area harvested,2011,ha,31507.0
Spain,Area harvested,2012,ha,30753.0
Spain,Area harvested,2013,ha,30800.0
Spain,Area harvested,2014,ha,30726.0
Spain,Area harvested,2015,ha,30721.0
Spain,Area harvested,2016,ha,30872.0
Spain,Area harvested,2017,ha,30550.0
Spain,Area harvested,2018,ha,29930.0
Spain,Area harvested,2019,ha,29640.0
Spain,Yield,2005,hg/ha,198648.0
Spain,Yield,2006,hg/ha,171859.0
Spain,Yield,2007,hg/ha,195431.0
Spain,Yield,2008,hg/ha,198347.0
Spain,Yield,2009,hg/ha,184007.0
Spain,Yield,2010,hg/ha,203042.0
Spain,Yield,2011,hg/ha,212735.0
Spain,Yield,2012,hg/ha,156480.0
Spain,Yield,2013,hg/ha,177403.0
Spain,Yield,2014,hg/ha,202051.0
Spain,Yield,2015,hg/ha,193220.0
Spain,Yield,2016,hg/ha,201206.0
Spain,Yield,2017,hg/ha,192155.0
Spain,Yield,2018,hg/ha,188092.0
Spain,Yield,2019,hg/ha,215533.0
Spain,Production,2005,tonnes,774210.0
Spain,Production,2006,tonnes,650384.0
Spain,Production,2007,tonnes,721178.0
Spain,Production,2008,tonnes,661724.0
Spain,Production,2009,tonnes,601979.0
Spain,Production,2010,tonnes,645918.0
Spain,Production,2011,tonnes,670264.0
Spain,Production,2012,tonnes,481223.0
Spain,Production,2013,tonnes,546400.0
Spain,Production,2014,tonnes,620823.0
Spain,Production,2015,tonnes,593592.0
Spain,Production,2016,tonnes,621164.0
Spain,Production,2017,tonnes,587034.0
Spain,Production,2018,tonnes,562960.0
Spain,Production,2019,tonnes,638840.0
Sweden,Area harvested,2005,ha,1440.0
Sweden,Area harvested,2006,ha,1600.0
Sweden,Area harvested,2007,ha,1400.0
Sweden,Area harvested,2008,ha,1400.0
Sweden,Area harvested,2009,ha,1500.0
Sweden,Area harvested,2010,ha,1500.0
Sweden,Area harvested,2011,ha,1310.0
Sweden,Area harvested,2012,ha,1500.0
Sweden,Area harvested,2013,ha,1400.0
Sweden,Area harvested,2014,ha,1290.0
Sweden,Area harvested,2015,ha,1330.0
Sweden,Area harvested,2016,ha,1540.0
Sweden,Area harvested,2017,ha,1400.0
Sweden,Area harvested,2018,ha,1410.0
Sweden,Area harvested,2019,ha,1520.0
Sweden,Yield,2005,hg/ha,122799.0
Sweden,Yield,2006,hg/ha,150000.0
Sweden,Yield,2007,hg/ha,150000.0
Sweden,Yield,2008,hg/ha,158571.0
Sweden,Yield,2009,hg/ha,140000.0
Sweden,Yield,2010,hg/ha,156667.0
Sweden,Yield,2011,hg/ha,157893.0
Sweden,Yield,2012,hg/ha,155933.0
Sweden,Yield,2013,hg/ha,195714.0
Sweden,Yield,2014,hg/ha,190543.0
Sweden,Yield,2015,hg/ha,190602.0
Sweden,Yield,2016,hg/ha,170649.0
Sweden,Yield,2017,hg/ha,158071.0
Sweden,Yield,2018,hg/ha,217092.0
Sweden,Yield,2019,hg/ha,146118.0
Sweden,Production,2005,tonnes,17683.0
Sweden,Production,2006,tonnes,24000.0
Sweden,Production,2007,tonnes,21000.0
Sweden,Production,2008,tonnes,22200.0
Sweden,Production,2009,tonnes,21000.0
Sweden,Production,2010,tonnes,23500.0
Sweden,Production,2011,tonnes,20684.0
Sweden,Production,2012,tonnes,23390.0
Sweden,Production,2013,tonnes,27400.0
Sweden,Production,2014,tonnes,24580.0
Sweden,Production,2015,tonnes,25350.0
Sweden,Production,2016,tonnes,26280.0
Sweden,Production,2017,tonnes,22130.0
Sweden,Production,2018,tonnes,30610.0
Sweden,Production,2019,tonnes,22210.0
Switzerland,Area harvested,2005,ha,4315.0
Switzerland,Area harvested,2006,ha,4280.0
Switzerland,Area harvested,2007,ha,4235.0
Switzerland,Area harvested,2008,ha,4195.0
Switzerland,Area harvested,2009,ha,4226.0
Switzerland,Area harvested,2010,ha,4218.0
Switzerland,Area harvested,2011,ha,4187.0
Switzerland,Area harvested,2012,ha,4138.0
Switzerland,Area harvested,2013,ha,3993.0
Switzerland,Area harvested,2014,ha,3894.0
Switzerland,Area harvested,2015,ha,3863.0
Switzerland,Area harvested,2016,ha,3854.0
Switzerland,Area harvested,2017,ha,3806.0
Switzerland,Area harvested,2018,ha,3786.0
Switzerland,Area harvested,2019,ha,3736.0
Switzerland,Yield,2005,hg/ha,493618.0
Switzerland,Yield,2006,hg/ha,605853.0
Switzerland,Yield,2007,hg/ha,649166.0
Switzerland,Yield,2008,hg/ha,607597.0
Switzerland,Yield,2009,hg/ha,594070.0
Switzerland,Yield,2010,hg/ha,478049.0
Switzerland,Yield,2011,hg/ha,782183.0
Switzerland,Yield,2012,hg/ha,564418.0
Switzerland,Yield,2013,hg/ha,526243.0
Switzerland,Yield,2014,hg/ha,594101.0
Switzerland,Yield,2015,hg/ha,554621.0
Switzerland,Yield,2016,hg/ha,589777.0
Switzerland,Yield,2017,hg/ha,383248.0
Switzerland,Yield,2018,hg/ha,783883.0
Switzerland,Yield,2019,hg/ha,507832.0
Switzerland,Production,2005,tonnes,212996.0
Switzerland,Production,2006,tonnes,259305.0
Switzerland,Production,2007,tonnes,274922.0
Switzerland,Production,2008,tonnes,254887.0
Switzerland,Production,2009,tonnes,251054.0
Switzerland,Production,2010,tonnes,201641.0
Switzerland,Production,2011,tonnes,327500.0
Switzerland,Production,2012,tonnes,233556.0
Switzerland,Production,2013,tonnes,210129.0
Switzerland,Production,2014,tonnes,231343.0
Switzerland,Production,2015,tonnes,214250.0
Switzerland,Production,2016,tonnes,227300.0
Switzerland,Production,2017,tonnes,145864.0
Switzerland,Production,2018,tonnes,296778.0
Switzerland,Production,2019,tonnes,189726.0
Syrian Arab Republic,Area harvested,2005,ha,33370.0
Syrian Arab Republic,Area harvested,2006,ha,34720.0
Syrian Arab Republic,Area harvested,2007,ha,32320.0
Syrian Arab Republic,Area harvested,2008,ha,33600.0
Syrian Arab Republic,Area harvested,2009,ha,35500.0
Syrian Arab Republic,Area harvested,2010,ha,50662.0
Syrian Arab Republic,Area harvested,2011,ha,51757.0
Syrian Arab Republic,Area harvested,2012,ha,50632.0
Syrian Arab Republic,Area harvested,2013,ha,53180.0
Syrian Arab Republic,Area harvested,2014,ha,53275.0
Syrian Arab Republic,Area harvested,2015,ha,48552.0
Syrian Arab Republic,Area harvested,2016,ha,50049.0
Syrian Arab Republic,Area harvested,2017,ha,52130.0
Syrian Arab Republic,Area harvested,2018,ha,52231.0
Syrian Arab Republic,Area harvested,2019,ha,51933.0
Syrian Arab Republic,Yield,2005,hg/ha,88720.0
Syrian Arab Republic,Yield,2006,hg/ha,107814.0
Syrian Arab Republic,Yield,2007,hg/ha,86710.0
Syrian Arab Republic,Yield,2008,hg/ha,107351.0
Syrian Arab Republic,Yield,2009,hg/ha,101684.0
Syrian Arab Republic,Yield,2010,hg/ha,77602.0
Syrian Arab Republic,Yield,2011,hg/ha,59462.0
Syrian Arab Republic,Yield,2012,hg/ha,68962.0
Syrian Arab Republic,Yield,2013,hg/ha,48254.0
Syrian Arab Republic,Yield,2014,hg/ha,74680.0
Syrian Arab Republic,Yield,2015,hg/ha,71644.0
Syrian Arab Republic,Yield,2016,hg/ha,68894.0
Syrian Arab Republic,Yield,2017,hg/ha,59272.0
Syrian Arab Republic,Yield,2018,hg/ha,91255.0
Syrian Arab Republic,Yield,2019,hg/ha,55180.0
Syrian Arab Republic,Production,2005,tonnes,296057.0
Syrian Arab Republic,Production,2006,tonnes,374330.0
Syrian Arab Republic,Production,2007,tonnes,280247.0
Syrian Arab Republic,Production,2008,tonnes,360700.0
Syrian Arab Republic,Production,2009,tonnes,360978.0
Syrian Arab Republic,Production,2010,tonnes,393146.0
Syrian Arab Republic,Production,2011,tonnes,307760.0
Syrian Arab Republic,Production,2012,tonnes,349166.0
Syrian Arab Republic,Production,2013,tonnes,256614.0
Syrian Arab Republic,Production,2014,tonnes,397858.0
Syrian Arab Republic,Production,2015,tonnes,347844.0
Syrian Arab Republic,Production,2016,tonnes,344809.0
Syrian Arab Republic,Production,2017,tonnes,308985.0
Syrian Arab Republic,Production,2018,tonnes,476635.0
Syrian Arab Republic,Production,2019,tonnes,286564.0
Tajikistan,Area harvested,2005,ha,30400.0
Tajikistan,Area harvested,2006,ha,30400.0
Tajikistan,Area harvested,2007,ha,35300.0
Tajikistan,Area harvested,2008,ha,38000.0
Tajikistan,Area harvested,2009,ha,37000.0
Tajikistan,Area harvested,2010,ha,38000.0
Tajikistan,Area harvested,2011,ha,40000.0
Tajikistan,Area harvested,2012,ha,40700.0
Tajikistan,Area harvested,2013,ha,43000.0
Tajikistan,Area harvested,2014,ha,44300.0
Tajikistan,Area harvested,2015,ha,44173.0
Tajikistan,Area harvested,2016,ha,42731.0
Tajikistan,Area harvested,2017,ha,42869.0
Tajikistan,Area harvested,2018,ha,43022.0
Tajikistan,Area harvested,2019,ha,43208.0
Tajikistan,Yield,2005,hg/ha,34474.0
Tajikistan,Yield,2006,hg/ha,48355.0
Tajikistan,Yield,2007,hg/ha,31445.0
Tajikistan,Yield,2008,hg/ha,48816.0
Tajikistan,Yield,2009,hg/ha,40000.0
Tajikistan,Yield,2010,hg/ha,41053.0
Tajikistan,Yield,2011,hg/ha,45825.0
Tajikistan,Yield,2012,hg/ha,53636.0
Tajikistan,Yield,2013,hg/ha,52791.0
Tajikistan,Yield,2014,hg/ha,53273.0
Tajikistan,Yield,2015,hg/ha,52156.0
Tajikistan,Yield,2016,hg/ha,52451.0
Tajikistan,Yield,2017,hg/ha,53992.0
Tajikistan,Yield,2018,hg/ha,55107.0
Tajikistan,Yield,2019,hg/ha,56221.0
Tajikistan,Production,2005,tonnes,104800.0
Tajikistan,Production,2006,tonnes,147000.0
Tajikistan,Production,2007,tonnes,111000.0
Tajikistan,Production,2008,tonnes,185500.0
Tajikistan,Production,2009,tonnes,148000.0
Tajikistan,Production,2010,tonnes,156000.0
Tajikistan,Production,2011,tonnes,183300.0
Tajikistan,Production,2012,tonnes,218300.0
Tajikistan,Production,2013,tonnes,227000.0
Tajikistan,Production,2014,tonnes,236000.0
Tajikistan,Production,2015,tonnes,230387.0
Tajikistan,Production,2016,tonnes,224128.0
Tajikistan,Production,2017,tonnes,231458.0
Tajikistan,Production,2018,tonnes,237080.0
Tajikistan,Production,2019,tonnes,242918.0
Tunisia,Area harvested,2005,ha,25780.0
Tunisia,Area harvested,2006,ha,25410.0
Tunisia,Area harvested,2007,ha,25000.0
Tunisia,Area harvested,2008,ha,23600.0
Tunisia,Area harvested,2009,ha,22700.0
Tunisia,Area harvested,2010,ha,26294.0
Tunisia,Area harvested,2011,ha,26337.0
Tunisia,Area harvested,2012,ha,22090.0
Tunisia,Area harvested,2013,ha,21010.0
Tunisia,Area harvested,2014,ha,19790.0
Tunisia,Area harvested,2015,ha,19170.0
Tunisia,Area harvested,2016,ha,25719.0
Tunisia,Area harvested,2017,ha,18220.0
Tunisia,Area harvested,2018,ha,20365.0
Tunisia,Area harvested,2019,ha,21535.0
Tunisia,Yield,2005,hg/ha,38790.0
Tunisia,Yield,2006,hg/ha,47226.0
Tunisia,Yield,2007,hg/ha,40400.0
Tunisia,Yield,2008,hg/ha,46610.0
Tunisia,Yield,2009,hg/ha,48458.0
Tunisia,Yield,2010,hg/ha,47920.0
Tunisia,Yield,2011,hg/ha,48601.0
Tunisia,Yield,2012,hg/ha,50249.0
Tunisia,Yield,2013,hg/ha,57116.0
Tunisia,Yield,2014,hg/ha,61395.0
Tunisia,Yield,2015,hg/ha,46948.0
Tunisia,Yield,2016,hg/ha,48991.0
Tunisia,Yield,2017,hg/ha,53952.0
Tunisia,Yield,2018,hg/ha,54976.0
Tunisia,Yield,2019,hg/ha,55651.0
Tunisia,Production,2005,tonnes,100000.0
Tunisia,Production,2006,tonnes,120000.0
Tunisia,Production,2007,tonnes,101000.0
Tunisia,Production,2008,tonnes,110000.0
Tunisia,Production,2009,tonnes,110000.0
Tunisia,Production,2010,tonnes,126000.0
Tunisia,Production,2011,tonnes,128000.0
Tunisia,Production,2012,tonnes,111000.0
Tunisia,Production,2013,tonnes,120000.0
Tunisia,Production,2014,tonnes,121500.0
Tunisia,Production,2015,tonnes,90000.0
Tunisia,Production,2016,tonnes,126000.0
Tunisia,Production,2017,tonnes,98300.0
Tunisia,Production,2018,tonnes,111959.0
Tunisia,Production,2019,tonnes,119845.0
Turkey,Area harvested,2005,ha,160240.0
Turkey,Area harvested,2006,ha,162666.0
Turkey,Area harvested,2007,ha,157750.0
Turkey,Area harvested,2008,ha,158400.0
Turkey,Area harvested,2009,ha,162650.0
Turkey,Area harvested,2010,ha,165078.0
Turkey,Area harvested,2011,ha,166673.0
Turkey,Area harvested,2012,ha,174811.0
Turkey,Area harvested,2013,ha,173095.0
Turkey,Area harvested,2014,ha,171417.0
Turkey,Area harvested,2015,ha,171410.0
Turkey,Area harvested,2016,ha,173394.0
Turkey,Area harvested,2017,ha,175357.0
Turkey,Area harvested,2018,ha,174690.0
Turkey,Area harvested,2019,ha,174439.0
Turkey,Yield,2005,hg/ha,160384.0
Turkey,Yield,2006,hg/ha,123076.0
Turkey,Yield,2007,hg/ha,155806.0
Turkey,Yield,2008,hg/ha,158112.0
Turkey,Yield,2009,hg/ha,171065.0
Turkey,Yield,2010,hg/ha,157501.0
Turkey,Yield,2011,hg/ha,160798.0
Turkey,Yield,2012,hg/ha,165263.0
Turkey,Yield,2013,hg/ha,180736.0
Turkey,Yield,2014,hg/ha,144702.0
Turkey,Yield,2015,hg/ha,149919.0
Turkey,Yield,2016,hg/ha,168739.0
Turkey,Yield,2017,hg/ha,172914.0
Turkey,Yield,2018,hg/ha,207565.0
Turkey,Yield,2019,hg/ha,207451.0
Turkey,Production,2005,tonnes,2570000.0
Turkey,Production,2006,tonnes,2002033.0
Turkey,Production,2007,tonnes,2457845.0
Turkey,Production,2008,tonnes,2504494.0
Turkey,Production,2009,tonnes,2782365.0
Turkey,Production,2010,tonnes,2600000.0
Turkey,Production,2011,tonnes,2680075.0
Turkey,Production,2012,tonnes,2888985.0
Turkey,Production,2013,tonnes,3128450.0
Turkey,Production,2014,tonnes,2480444.0
Turkey,Production,2015,tonnes,2569759.0
Turkey,Production,2016,tonnes,2925828.0
Turkey,Production,2017,tonnes,3032164.0
Turkey,Production,2018,tonnes,3625960.0
Turkey,Production,2019,tonnes,3618752.0
Turkmenistan,Area harvested,2005,ha,6000.0
Turkmenistan,Area harvested,2006,ha,5000.0
Turkmenistan,Area harvested,2007,ha,6000.0
Turkmenistan,Area harvested,2008,ha,5600.0
Turkmenistan,Area harvested,2009,ha,6000.0
Turkmenistan,Area harvested,2010,ha,5900.0
Turkmenistan,Area harvested,2011,ha,5900.0
Turkmenistan,Area harvested,2012,ha,5900.0
Turkmenistan,Area harvested,2013,ha,5900.0
Turkmenistan,Area harvested,2014,ha,5900.0
Turkmenistan,Area harvested,2015,ha,5900.0
Turkmenistan,Area harvested,2016,ha,5900.0
Turkmenistan,Area harvested,2017,ha,5900.0
Turkmenistan,Area harvested,2018,ha,5967.0
Turkmenistan,Area harvested,2019,ha,5889.0
Turkmenistan,Yield,2005,hg/ha,75000.0
Turkmenistan,Yield,2006,hg/ha,86000.0
Turkmenistan,Yield,2007,hg/ha,105667.0
Turkmenistan,Yield,2008,hg/ha,109821.0
Turkmenistan,Yield,2009,hg/ha,106667.0
Turkmenistan,Yield,2010,hg/ha,106780.0
Turkmenistan,Yield,2011,hg/ha,106441.0
Turkmenistan,Yield,2012,hg/ha,107288.0
Turkmenistan,Yield,2013,hg/ha,107119.0
Turkmenistan,Yield,2014,hg/ha,106949.0
Turkmenistan,Yield,2015,hg/ha,107119.0
Turkmenistan,Yield,2016,hg/ha,107119.0
Turkmenistan,Yield,2017,hg/ha,107119.0
Turkmenistan,Yield,2018,hg/ha,107609.0
Turkmenistan,Yield,2019,hg/ha,112965.0
Turkmenistan,Production,2005,tonnes,45000.0
Turkmenistan,Production,2006,tonnes,43000.0
Turkmenistan,Production,2007,tonnes,63400.0
Turkmenistan,Production,2008,tonnes,61500.0
Turkmenistan,Production,2009,tonnes,64000.0
Turkmenistan,Production,2010,tonnes,63000.0
Turkmenistan,Production,2011,tonnes,62800.0
Turkmenistan,Production,2012,tonnes,63300.0
Turkmenistan,Production,2013,tonnes,63200.0
Turkmenistan,Production,2014,tonnes,63100.0
Turkmenistan,Production,2015,tonnes,63200.0
Turkmenistan,Production,2016,tonnes,63200.0
Turkmenistan,Production,2017,tonnes,63200.0
Turkmenistan,Production,2018,tonnes,64210.0
Turkmenistan,Production,2019,tonnes,66525.0
Ukraine,Area harvested,2005,ha,137900.0
Ukraine,Area harvested,2006,ha,124100.0
Ukraine,Area harvested,2007,ha,116000.0
Ukraine,Area harvested,2008,ha,113500.0
Ukraine,Area harvested,2009,ha,110000.0
Ukraine,Area harvested,2010,ha,105200.0
Ukraine,Area harvested,2011,ha,105200.0
Ukraine,Area harvested,2012,ha,105500.0
Ukraine,Area harvested,2013,ha,103900.0
Ukraine,Area harvested,2014,ha,100200.0
Ukraine,Area harvested,2015,ha,97300.0
Ukraine,Area harvested,2016,ha,91600.0
Ukraine,Area harvested,2017,ha,91200.0
Ukraine,Area harvested,2018,ha,91800.0
Ukraine,Area harvested,2019,ha,87700.0
Ukraine,Yield,2005,hg/ha,52197.0
Ukraine,Yield,2006,hg/ha,43231.0
Ukraine,Yield,2007,hg/ha,65078.0
Ukraine,Yield,2008,hg/ha,63366.0
Ukraine,Yield,2009,hg/ha,77582.0
Ukraine,Yield,2010,hg/ha,85266.0
Ukraine,Yield,2011,hg/ha,90694.0
Ukraine,Yield,2012,hg/ha,106806.0
Ukraine,Yield,2013,hg/ha,116593.0
Ukraine,Yield,2014,hg/ha,108318.0
Ukraine,Yield,2015,hg/ha,121230.0
Ukraine,Yield,2016,hg/ha,120004.0
Ukraine,Yield,2017,hg/ha,118002.0
Ukraine,Yield,2018,hg/ha,159298.0
Ukraine,Yield,2019,hg/ha,131582.0
Ukraine,Production,2005,tonnes,719800.0
Ukraine,Production,2006,tonnes,536500.0
Ukraine,Production,2007,tonnes,754900.0
Ukraine,Production,2008,tonnes,719200.0
Ukraine,Production,2009,tonnes,853400.0
Ukraine,Production,2010,tonnes,897000.0
Ukraine,Production,2011,tonnes,954100.0
Ukraine,Production,2012,tonnes,1126800.0
Ukraine,Production,2013,tonnes,1211400.0
Ukraine,Production,2014,tonnes,1085350.0
Ukraine,Production,2015,tonnes,1179570.0
Ukraine,Production,2016,tonnes,1099240.0
Ukraine,Production,2017,tonnes,1076180.0
Ukraine,Production,2018,tonnes,1462360.0
Ukraine,Production,2019,tonnes,1153970.0
United Kingdom of Great Britain and Northern Ireland,Area harvested,2005,ha,8450.0
United Kingdom of Great Britain and Northern Ireland,Area harvested,2006,ha,15560.0
United Kingdom of Great Britain and Northern Ireland,Area harvested,2007,ha,14960.0
United Kingdom of Great Britain and Northern Ireland,Area harvested,2008,ha,15516.0
United Kingdom of Great Britain and Northern Ireland,Area harvested,2009,ha,15550.0
United Kingdom of Great Britain and Northern Ireland,Area harvested,2010,ha,15698.0
United Kingdom of Great Britain and Northern Ireland,Area harvested,2011,ha,15629.0
United Kingdom of Great Britain and Northern Ireland,Area harvested,2012,ha,15964.0
United Kingdom of Great Britain and Northern Ireland,Area harvested,2013,ha,16077.0
United Kingdom of Great Britain and Northern Ireland,Area harvested,2014,ha,16056.0
United Kingdom of Great Britain and Northern Ireland,Area harvested,2015,ha,15871.0
United Kingdom of Great Britain and Northern Ireland,Area harvested,2016,ha,16512.0
United Kingdom of Great Britain and Northern Ireland,Area harvested,2017,ha,16607.0
United Kingdom of Great Britain and Northern Ireland,Area harvested,2018,ha,16427.0
United Kingdom of Great Britain and Northern Ireland,Area harvested,2019,ha,15940.0
United Kingdom of Great Britain and Northern Ireland,Yield,2005,hg/ha,258107.0
United Kingdom of Great Britain and Northern Ireland,Yield,2006,hg/ha,173033.0
United Kingdom of Great Britain and Northern Ireland,Yield,2007,hg/ha,162500.0
United Kingdom of Great Britain and Northern Ireland,Yield,2008,hg/ha,156548.0
United Kingdom of Great Britain and Northern Ireland,Yield,2009,hg/ha,147267.0
United Kingdom of Great Britain and Northern Ireland,Yield,2010,hg/ha,149987.0
United Kingdom of Great Britain and Northern Ireland,Yield,2011,hg/ha,153490.0
United Kingdom of Great Britain and Northern Ireland,Yield,2012,hg/ha,127506.0
United Kingdom of Great Britain and Northern Ireland,Yield,2013,hg/ha,247870.0
United Kingdom of Great Britain and Northern Ireland,Yield,2014,hg/ha,281141.0
United Kingdom of Great Britain and Northern Ireland,Yield,2015,hg/ha,289585.0
United Kingdom of Great Britain and Northern Ireland,Yield,2016,hg/ha,291364.0
United Kingdom of Great Britain and Northern Ireland,Yield,2017,hg/ha,322334.0
United Kingdom of Great Britain and Northern Ireland,Yield,2018,hg/ha,307786.0
United Kingdom of Great Britain and Northern Ireland,Yield,2019,hg/ha,286324.0
United Kingdom of Great Britain and Northern Ireland,Production,2005,tonnes,218100.0
United Kingdom of Great Britain and Northern Ireland,Production,2006,tonnes,269239.0
United Kingdom of Great Britain and Northern Ireland,Production,2007,tonnes,243100.0
United Kingdom of Great Britain and Northern Ireland,Production,2008,tonnes,242900.0
United Kingdom of Great Britain and Northern Ireland,Production,2009,tonnes,229000.0
United Kingdom of Great Britain and Northern Ireland,Production,2010,tonnes,235450.0
United Kingdom of Great Britain and Northern Ireland,Production,2011,tonnes,239890.0
United Kingdom of Great Britain and Northern Ireland,Production,2012,tonnes,203550.0
United Kingdom of Great Britain and Northern Ireland,Production,2013,tonnes,398500.0
United Kingdom of Great Britain and Northern Ireland,Production,2014,tonnes,451400.0
United Kingdom of Great Britain and Northern Ireland,Production,2015,tonnes,459600.0
United Kingdom of Great Britain and Northern Ireland,Production,2016,tonnes,481100.0
United Kingdom of Great Britain and Northern Ireland,Production,2017,tonnes,535300.0
United Kingdom of Great Britain and Northern Ireland,Production,2018,tonnes,505600.0
United Kingdom of Great Britain and Northern Ireland,Production,2019,tonnes,456400.0
United States of America,Area harvested,2005,ha,149354.0
United States of America,Area harvested,2006,ha,145683.0
United States of America,Area harvested,2007,ha,142000.0
United States of America,Area harvested,2008,ha,141151.0
United States of America,Area harvested,2009,ha,139576.0
United States of America,Area harvested,2010,ha,136217.0
United States of America,Area harvested,2011,ha,133870.0
United States of America,Area harvested,2012,ha,131604.0
United States of America,Area harvested,2013,ha,130661.0
United States of America,Area harvested,2014,ha,128763.0
United States of America,Area harvested,2015,ha,131030.0
United States of America,Area harvested,2016,ha,133060.0
United States of America,Area harvested,2017,ha,132820.0
United States of America,Area harvested,2018,ha,117600.0
United States of America,Area harvested,2019,ha,118860.0
United States of America,Yield,2005,hg/ha,293587.0
United States of America,Yield,2006,hg/ha,305857.0
United States of America,Yield,2007,hg/ha,290344.0
United States of America,Yield,2008,hg/ha,309247.0
United States of America,Yield,2009,hg/ha,314830.0
United States of America,Yield,2010,hg/ha,309087.0
United States of America,Yield,2011,hg/ha,319842.0
United States of America,Yield,2012,hg/ha,309933.0
United States of America,Yield,2013,hg/ha,362135.0
United States of America,Yield,2014,hg/ha,416171.0
United States of America,Yield,2015,hg/ha,347767.0
United States of America,Yield,2016,hg/ha,391856.0
United States of America,Yield,2017,hg/ha,394569.0
United States of America,Yield,2018,hg/ha,394965.0
United States of America,Yield,2019,hg/ha,420468.0
United States of America,Production,2005,tonnes,4384832.0
United States of America,Production,2006,tonnes,4455819.0
United States of America,Production,2007,tonnes,4122883.0
United States of America,Production,2008,tonnes,4365055.0
United States of America,Production,2009,tonnes,4394267.0
United States of America,Production,2010,tonnes,4210290.0
United States of America,Production,2011,tonnes,4281731.0
United States of America,Production,2012,tonnes,4078839.0
United States of America,Production,2013,tonnes,4731694.0
United States of America,Production,2014,tonnes,5358740.0
United States of America,Production,2015,tonnes,4556790.0
United States of America,Production,2016,tonnes,5214040.0
United States of America,Production,2017,tonnes,5240670.0
United States of America,Production,2018,tonnes,4644790.0
United States of America,Production,2019,tonnes,4997680.0
Uruguay,Area harvested,2005,ha,3822.0
Uruguay,Area harvested,2006,ha,3885.0
Uruguay,Area harvested,2007,ha,3855.0
Uruguay,Area harvested,2008,ha,3935.0
Uruguay,Area harvested,2009,ha,3328.0
Uruguay,Area harvested,2010,ha,3342.0
Uruguay,Area harvested,2011,ha,3222.0
Uruguay,Area harvested,2012,ha,3347.0
Uruguay,Area harvested,2013,ha,3268.0
Uruguay,Area harvested,2014,ha,2758.0
Uruguay,Area harvested,2015,ha,2703.0
Uruguay,Area harvested,2016,ha,2677.0
Uruguay,Area harvested,2017,ha,2836.0
Uruguay,Area harvested,2018,ha,2816.0
Uruguay,Area harvested,2019,ha,2275.0
Uruguay,Yield,2005,hg/ha,202360.0
Uruguay,Yield,2006,hg/ha,157748.0
Uruguay,Yield,2007,hg/ha,173473.0
Uruguay,Yield,2008,hg/ha,130282.0
Uruguay,Yield,2009,hg/ha,176608.0
Uruguay,Yield,2010,hg/ha,156272.0
Uruguay,Yield,2011,hg/ha,227709.0
Uruguay,Yield,2012,hg/ha,150194.0
Uruguay,Yield,2013,hg/ha,139614.0
Uruguay,Yield,2014,hg/ha,191305.0
Uruguay,Yield,2015,hg/ha,205157.0
Uruguay,Yield,2016,hg/ha,140736.0
Uruguay,Yield,2017,hg/ha,170913.0
Uruguay,Yield,2018,hg/ha,171779.0
Uruguay,Yield,2019,hg/ha,186031.0
Uruguay,Production,2005,tonnes,77342.0
Uruguay,Production,2006,tonnes,61285.0
Uruguay,Production,2007,tonnes,66874.0
Uruguay,Production,2008,tonnes,51266.0
Uruguay,Production,2009,tonnes,58775.0
Uruguay,Production,2010,tonnes,52226.0
Uruguay,Production,2011,tonnes,73368.0
Uruguay,Production,2012,tonnes,50270.0
Uruguay,Production,2013,tonnes,45626.0
Uruguay,Production,2014,tonnes,52762.0
Uruguay,Production,2015,tonnes,55454.0
Uruguay,Production,2016,tonnes,37675.0
Uruguay,Production,2017,tonnes,48471.0
Uruguay,Production,2018,tonnes,48373.0
Uruguay,Production,2019,tonnes,42322.0
Uzbekistan,Area harvested,2005,ha,60500.0
Uzbekistan,Area harvested,2006,ha,66163.0
Uzbekistan,Area harvested,2007,ha,70000.0
Uzbekistan,Area harvested,2008,ha,63000.0
Uzbekistan,Area harvested,2009,ha,64000.0
Uzbekistan,Area harvested,2010,ha,67100.0
Uzbekistan,Area harvested,2011,ha,77166.0
Uzbekistan,Area harvested,2012,ha,83052.0
Uzbekistan,Area harvested,2013,ha,90219.0
Uzbekistan,Area harvested,2014,ha,89193.0
Uzbekistan,Area harvested,2015,ha,92335.0
Uzbekistan,Area harvested,2016,ha,109191.0
Uzbekistan,Area harvested,2017,ha,94517.0
Uzbekistan,Area harvested,2018,ha,98117.0
Uzbekistan,Area harvested,2019,ha,98525.0
Uzbekistan,Yield,2005,hg/ha,66446.0
Uzbekistan,Yield,2006,hg/ha,77754.0
Uzbekistan,Yield,2007,hg/ha,71786.0
Uzbekistan,Yield,2008,hg/ha,92857.0
Uzbekistan,Yield,2009,hg/ha,99219.0
Uzbekistan,Yield,2010,hg/ha,106110.0
Uzbekistan,Yield,2011,hg/ha,99702.0
Uzbekistan,Yield,2012,hg/ha,99817.0
Uzbekistan,Yield,2013,hg/ha,99092.0
Uzbekistan,Yield,2014,hg/ha,108192.0
Uzbekistan,Yield,2015,hg/ha,114799.0
Uzbekistan,Yield,2016,hg/ha,132022.0
Uzbekistan,Yield,2017,hg/ha,108848.0
Uzbekistan,Yield,2018,hg/ha,115203.0
Uzbekistan,Yield,2019,hg/ha,114084.0
Uzbekistan,Production,2005,tonnes,402000.0
Uzbekistan,Production,2006,tonnes,514441.0
Uzbekistan,Production,2007,tonnes,502500.0
Uzbekistan,Production,2008,tonnes,585000.0
Uzbekistan,Production,2009,tonnes,635000.0
Uzbekistan,Production,2010,tonnes,712000.0
Uzbekistan,Production,2011,tonnes,769363.0
Uzbekistan,Production,2012,tonnes,829000.0
Uzbekistan,Production,2013,tonnes,894000.0
Uzbekistan,Production,2014,tonnes,965000.0
Uzbekistan,Production,2015,tonnes,1060000.0
Uzbekistan,Production,2016,tonnes,1441566.0
Uzbekistan,Production,2017,tonnes,1028796.0
Uzbekistan,Production,2018,tonnes,1130335.0
Uzbekistan,Production,2019,tonnes,1124017.0
Yemen,Area harvested,2005,ha,1940.0
Yemen,Area harvested,2006,ha,2129.0
Yemen,Area harvested,2007,ha,2193.0
Yemen,Area harvested,2008,ha,2281.0
Yemen,Area harvested,2009,ha,2306.0
Yemen,Area harvested,2010,ha,2322.0
Yemen,Area harvested,2011,ha,2334.0
Yemen,Area harvested,2012,ha,2364.0
Yemen,Area harvested,2013,ha,2368.0
Yemen,Area harvested,2014,ha,2344.0
Yemen,Area harvested,2015,ha,2227.0
Yemen,Area harvested,2016,ha,2197.0
Yemen,Area harvested,2017,ha,2179.0
Yemen,Area harvested,2018,ha,2148.0
Yemen,Area harvested,2019,ha,2204.0
Yemen,Yield,2005,hg/ha,58119.0
Yemen,Yield,2006,hg/ha,87966.0
Yemen,Yield,2007,hg/ha,91377.0
Yemen,Yield,2008,hg/ha,91363.0
Yemen,Yield,2009,hg/ha,87051.0
Yemen,Yield,2010,hg/ha,87192.0
Yemen,Yield,2011,hg/ha,86881.0
Yemen,Yield,2012,hg/ha,86074.0
Yemen,Yield,2013,hg/ha,84764.0
Yemen,Yield,2014,hg/ha,85742.0
Yemen,Yield,2015,hg/ha,79416.0
Yemen,Yield,2016,hg/ha,79026.0
Yemen,Yield,2017,hg/ha,78068.0
Yemen,Yield,2018,hg/ha,77775.0
Yemen,Yield,2019,hg/ha,99574.0
Yemen,Production,2005,tonnes,11275.0
Yemen,Production,2006,tonnes,18728.0
Yemen,Production,2007,tonnes,20039.0
Yemen,Production,2008,tonnes,20840.0
Yemen,Production,2009,tonnes,20074.0
Yemen,Production,2010,tonnes,20246.0
Yemen,Production,2011,tonnes,20278.0
Yemen,Production,2012,tonnes,20348.0
Yemen,Production,2013,tonnes,20072.0
Yemen,Production,2014,tonnes,20098.0
Yemen,Production,2015,tonnes,17686.0
Yemen,Production,2016,tonnes,17362.0
Yemen,Production,2017,tonnes,17011.0
Yemen,Production,2018,tonnes,16706.0
Yemen,Production,2019,tonnes,21946.0
Zimbabwe,Area harvested,2005,ha,860.0
Zimbabwe,Area harvested,2006,ha,779.0
Zimbabwe,Area harvested,2007,ha,764.0
Zimbabwe,Area harvested,2008,ha,760.0
Zimbabwe,Area harvested,2009,ha,756.0
Zimbabwe,Area harvested,2010,ha,751.0
Zimbabwe,Area harvested,2011,ha,747.0
Zimbabwe,Area harvested,2012,ha,725.0
Zimbabwe,Area harvested,2013,ha,725.0
Zimbabwe,Area harvested,2014,ha,747.0
Zimbabwe,Area harvested,2015,ha,744.0
Zimbabwe,Area harvested,2016,ha,735.0
Zimbabwe,Area harvested,2017,ha,734.0
Zimbabwe,Area harvested,2018,ha,732.0
Zimbabwe,Area harvested,2019,ha,730.0
Zimbabwe,Yield,2005,hg/ha,93023.0
Zimbabwe,Yield,2006,hg/ha,92375.0
Zimbabwe,Yield,2007,hg/ha,91937.0
Zimbabwe,Yield,2008,hg/ha,91500.0
Zimbabwe,Yield,2009,hg/ha,91151.0
Zimbabwe,Yield,2010,hg/ha,90892.0
Zimbabwe,Yield,2011,hg/ha,90509.0
Zimbabwe,Yield,2012,hg/ha,89655.0
Zimbabwe,Yield,2013,hg/ha,89655.0
Zimbabwe,Yield,2014,hg/ha,89705.0
Zimbabwe,Yield,2015,hg/ha,89516.0
Zimbabwe,Yield,2016,hg/ha,89116.0
Zimbabwe,Yield,2017,hg/ha,88747.0
Zimbabwe,Yield,2018,hg/ha,88484.0
Zimbabwe,Yield,2019,hg/ha,88233.0
Zimbabwe,Production,2005,tonnes,8000.0
Zimbabwe,Production,2006,tonnes,7196.0
Zimbabwe,Production,2007,tonnes,7024.0
Zimbabwe,Production,2008,tonnes,6954.0
Zimbabwe,Production,2009,tonnes,6891.0
Zimbabwe,Production,2010,tonnes,6826.0
Zimbabwe,Production,2011,tonnes,6761.0
Zimbabwe,Production,2012,tonnes,6500.0
Zimbabwe,Production,2013,tonnes,6500.0
Zimbabwe,Production,2014,tonnes,6701.0
Zimbabwe,Production,2015,tonnes,6660.0
Zimbabwe,Production,2016,tonnes,6550.0
Zimbabwe,Production,2017,tonnes,6514.0
Zimbabwe,Production,2018,tonnes,6477.0
Zimbabwe,Production,2019,tonnes,6441.0
World,Area harvested,2005,ha,4836532.0
World,Area harvested,2006,ha,4721233.0
World,Area harvested,2007,ha,4837032.0
World,Area harvested,2008,ha,4668752.0
World,Area harvested,2009,ha,4747590.0
World,Area harvested,2010,ha,4868805.0
World,Area harvested,2011,ha,4961559.0
World,Area harvested,2012,ha,5036858.0
World,Area harvested,2013,ha,5118745.0
World,Area harvested,2014,ha,5090706.0
World,Area harvested,2015,ha,5177491.0
World,Area harvested,2016,ha,4865350.0
World,Area harvested,2017,ha,4620530.0
World,Area harvested,2018,ha,4645405.0
World,Area harvested,2019,ha,4717384.0
World,Yield,2005,hg/ha,127997.0
World,Yield,2006,hg/ha,133967.0
World,Yield,2007,hg/ha,135750.0
World,Yield,2008,hg/ha,147874.0
World,Yield,2009,hg/ha,150894.0
World,Yield,2010,hg/ha,146212.0
World,Yield,2011,hg/ha,155341.0
World,Yield,2012,hg/ha,156046.0
World,Yield,2013,hg/ha,161817.0
World,Yield,2014,hg/ha,167651.0
World,Yield,2015,hg/ha,159168.0
World,Yield,2016,hg/ha,174721.0
World,Yield,2017,hg/ha,179927.0
World,Yield,2018,hg/ha,184750.0
World,Yield,2019,hg/ha,184925.0
World,Production,2005,tonnes,61905998.0
World,Production,2006,tonnes,63248879.0
World,Production,2007,tonnes,65662801.0
World,Production,2008,tonnes,69038547.0
World,Production,2009,tonnes,71638292.0
World,Production,2010,tonnes,71187919.0
World,Production,2011,tonnes,77073277.0
World,Production,2012,tonnes,78598077.0
World,Production,2013,tonnes,82830201.0
World,Production,2014,tonnes,85346330.0
World,Production,2015,tonnes,82408896.0
World,Production,2016,tonnes,85008032.0
World,Production,2017,tonnes,83135970.0
World,Production,2018,tonnes,85823680.0
World,Production,2019,tonnes,87236221.0
Africa,Area harvested,2005,ha,128478.0
Africa,Area harvested,2006,ha,130743.0
Africa,Area harvested,2007,ha,134942.0
Africa,Area harvested,2008,ha,136337.0
Africa,Area harvested,2009,ha,135063.0
Africa,Area harvested,2010,ha,153508.0
Africa,Area harvested,2011,ha,156345.0
Africa,Area harvested,2012,ha,152599.0
Africa,Area harvested,2013,ha,166446.0
Africa,Area harvested,2014,ha,157317.0
Africa,Area harvested,2015,ha,164901.0
Africa,Area harvested,2016,ha,180186.0
Africa,Area harvested,2017,ha,171591.0
Africa,Area harvested,2018,ha,166374.0
Africa,Area harvested,2019,ha,161676.0
Africa,Yield,2005,hg/ha,148196.0
Africa,Yield,2006,hg/ha,154493.0
Africa,Yield,2007,hg/ha,149834.0
Africa,Yield,2008,hg/ha,157053.0
Africa,Yield,2009,hg/ha,160073.0
Africa,Yield,2010,hg/ha,143570.0
Africa,Yield,2011,hg/ha,148167.0
Africa,Yield,2012,hg/ha,155066.0
Africa,Yield,2013,hg/ha,163832.0
Africa,Yield,2014,hg/ha,162527.0
Africa,Yield,2015,hg/ha,174503.0
Africa,Yield,2016,hg/ha,151578.0
Africa,Yield,2017,hg/ha,179744.0
Africa,Yield,2018,hg/ha,172360.0
Africa,Yield,2019,hg/ha,193776.0
Africa,Production,2005,tonnes,1903990.0
Africa,Production,2006,tonnes,2019887.0
Africa,Production,2007,tonnes,2021888.0
Africa,Production,2008,tonnes,2141215.0
Africa,Production,2009,tonnes,2161994.0
Africa,Production,2010,tonnes,2203907.0
Africa,Production,2011,tonnes,2316523.0
Africa,Production,2012,tonnes,2366296.0
Africa,Production,2013,tonnes,2726919.0
Africa,Production,2014,tonnes,2556821.0
Africa,Production,2015,tonnes,2877574.0
Africa,Production,2016,tonnes,2731225.0
Africa,Production,2017,tonnes,3084246.0
Africa,Production,2018,tonnes,2867625.0
Africa,Production,2019,tonnes,3132896.0
Eastern Africa,Area harvested,2005,ha,5496.0
Eastern Africa,Area harvested,2006,ha,5442.0
Eastern Africa,Area harvested,2007,ha,5462.0
Eastern Africa,Area harvested,2008,ha,5396.0
Eastern Africa,Area harvested,2009,ha,5344.0
Eastern Africa,Area harvested,2010,ha,5394.0
Eastern Africa,Area harvested,2011,ha,5400.0
Eastern Africa,Area harvested,2012,ha,5405.0
Eastern Africa,Area harvested,2013,ha,5345.0
Eastern Africa,Area harvested,2014,ha,6143.0
Eastern Africa,Area harvested,2015,ha,6195.0
Eastern Africa,Area harvested,2016,ha,6210.0
Eastern Africa,Area harvested,2017,ha,6215.0
Eastern Africa,Area harvested,2018,ha,6291.0
Eastern Africa,Area harvested,2019,ha,6216.0
Eastern Africa,Yield,2005,hg/ha,35098.0
Eastern Africa,Yield,2006,hg/ha,34583.0
Eastern Africa,Yield,2007,hg/ha,32384.0
Eastern Africa,Yield,2008,hg/ha,31605.0
Eastern Africa,Yield,2009,hg/ha,28859.0
Eastern Africa,Yield,2010,hg/ha,27916.0
Eastern Africa,Yield,2011,hg/ha,26981.0
Eastern Africa,Yield,2012,hg/ha,27064.0
Eastern Africa,Yield,2013,hg/ha,25811.0
Eastern Africa,Yield,2014,hg/ha,28457.0
Eastern Africa,Yield,2015,hg/ha,28533.0
Eastern Africa,Yield,2016,hg/ha,28322.0
Eastern Africa,Yield,2017,hg/ha,27955.0
Eastern Africa,Yield,2018,hg/ha,26493.0
Eastern Africa,Yield,2019,hg/ha,27764.0
Eastern Africa,Production,2005,tonnes,19290.0
Eastern Africa,Production,2006,tonnes,18820.0
Eastern Africa,Production,2007,tonnes,17688.0
Eastern Africa,Production,2008,tonnes,17054.0
Eastern Africa,Production,2009,tonnes,15422.0
Eastern Africa,Production,2010,tonnes,15058.0
Eastern Africa,Production,2011,tonnes,14570.0
Eastern Africa,Production,2012,tonnes,14628.0
Eastern Africa,Production,2013,tonnes,13796.0
Eastern Africa,Production,2014,tonnes,17481.0
Eastern Africa,Production,2015,tonnes,17676.0
Eastern Africa,Production,2016,tonnes,17588.0
Eastern Africa,Production,2017,tonnes,17374.0
Eastern Africa,Production,2018,tonnes,16667.0
Eastern Africa,Production,2019,tonnes,17258.0
Northern Africa,Area harvested,2005,ha,101656.0
Northern Africa,Area harvested,2006,ha,104668.0
Northern Africa,Area harvested,2007,ha,107480.0
Northern Africa,Area harvested,2008,ha,107941.0
Northern Africa,Area harvested,2009,ha,108719.0
Northern Africa,Area harvested,2010,ha,127665.0
Northern Africa,Area harvested,2011,ha,129026.0
Northern Africa,Area harvested,2012,ha,124294.0
Northern Africa,Area harvested,2013,ha,136282.0
Northern Africa,Area harvested,2014,ha,130345.0
Northern Africa,Area harvested,2015,ha,134080.0
Northern Africa,Area harvested,2016,ha,150035.0
Northern Africa,Area harvested,2017,ha,141428.0
Northern Africa,Area harvested,2018,ha,138990.0
Northern Africa,Area harvested,2019,ha,133087.0
Northern Africa,Yield,2005,hg/ha,118621.0
Northern Africa,Yield,2006,hg/ha,130658.0
Northern Africa,Yield,2007,hg/ha,120559.0
Northern Africa,Yield,2008,hg/ha,124700.0
Northern Africa,Yield,2009,hg/ha,122230.0
Northern Africa,Yield,2010,hg/ha,114723.0
Northern Africa,Yield,2011,hg/ha,117870.0
Northern Africa,Yield,2012,hg/ha,125180.0
Northern Africa,Yield,2013,hg/ha,132760.0
Northern Africa,Yield,2014,hg/ha,135149.0
Northern Africa,Yield,2015,hg/ha,143610.0
Northern Africa,Yield,2016,hg/ha,119805.0
Northern Africa,Yield,2017,hg/ha,151161.0
Northern Africa,Yield,2018,hg/ha,145429.0
Northern Africa,Yield,2019,hg/ha,167083.0
Northern Africa,Production,2005,tonnes,1205858.0
Northern Africa,Production,2006,tonnes,1367572.0
Northern Africa,Production,2007,tonnes,1295770.0
Northern Africa,Production,2008,tonnes,1346020.0
Northern Africa,Production,2009,tonnes,1328874.0
Northern Africa,Production,2010,tonnes,1464617.0
Northern Africa,Production,2011,tonnes,1520829.0
Northern Africa,Production,2012,tonnes,1555910.0
Northern Africa,Production,2013,tonnes,1809280.0
Northern Africa,Production,2014,tonnes,1761599.0
Northern Africa,Production,2015,tonnes,1925523.0
Northern Africa,Production,2016,tonnes,1797494.0
Northern Africa,Production,2017,tonnes,2137844.0
Northern Africa,Production,2018,tonnes,2021322.0
Northern Africa,Production,2019,tonnes,2223659.0
Southern Africa,Area harvested,2005,ha,21326.0
Southern Africa,Area harvested,2006,ha,20633.0
Southern Africa,Area harvested,2007,ha,22000.0
Southern Africa,Area harvested,2008,ha,23000.0
Southern Africa,Area harvested,2009,ha,21000.0
Southern Africa,Area harvested,2010,ha,20449.0
Southern Africa,Area harvested,2011,ha,21919.0
Southern Africa,Area harvested,2012,ha,22900.0
Southern Africa,Area harvested,2013,ha,24819.0
Southern Africa,Area harvested,2014,ha,20829.0
Southern Africa,Area harvested,2015,ha,24626.0
Southern Africa,Area harvested,2016,ha,23941.0
Southern Africa,Area harvested,2017,ha,23948.0
Southern Africa,Area harvested,2018,ha,21093.0
Southern Africa,Area harvested,2019,ha,22373.0
Southern Africa,Yield,2005,hg/ha,318317.0
Southern Africa,Yield,2006,hg/ha,307030.0
Southern Africa,Yield,2007,hg/ha,322014.0
Southern Africa,Yield,2008,hg/ha,338322.0
Southern Africa,Yield,2009,hg/ha,389380.0
Southern Africa,Yield,2010,hg/ha,354165.0
Southern Africa,Yield,2011,hg/ha,356368.0
Southern Africa,Yield,2012,hg/ha,347493.0
Southern Africa,Yield,2013,hg/ha,364174.0
Southern Africa,Yield,2014,hg/ha,373393.0
Southern Africa,Yield,2015,hg/ha,379426.0
Southern Africa,Yield,2016,hg/ha,382667.0
Southern Africa,Yield,2017,hg/ha,387936.0
Southern Africa,Yield,2018,hg/ha,393323.0
Southern Africa,Yield,2019,hg/ha,398685.0
Southern Africa,Production,2005,tonnes,678842.0
Southern Africa,Production,2006,tonnes,633495.0
Southern Africa,Production,2007,tonnes,708430.0
Southern Africa,Production,2008,tonnes,778141.0
Southern Africa,Production,2009,tonnes,817698.0
Southern Africa,Production,2010,tonnes,724232.0
Southern Africa,Production,2011,tonnes,781124.0
Southern Africa,Production,2012,tonnes,795758.0
Southern Africa,Production,2013,tonnes,903843.0
Southern Africa,Production,2014,tonnes,777741.0
Southern Africa,Production,2015,tonnes,934375.0
Southern Africa,Production,2016,tonnes,916143.0
Southern Africa,Production,2017,tonnes,929028.0
Southern Africa,Production,2018,tonnes,829636.0
Southern Africa,Production,2019,tonnes,891979.0
Americas,Area harvested,2005,ha,364986.0
Americas,Area harvested,2006,ha,357028.0
Americas,Area harvested,2007,ha,347925.0
Americas,Area harvested,2008,ha,342956.0
Americas,Area harvested,2009,ha,344438.0
Americas,Area harvested,2010,ha,335204.0
Americas,Area harvested,2011,ha,347778.0
Americas,Area harvested,2012,ha,343106.0
Americas,Area harvested,2013,ha,342460.0
Americas,Area harvested,2014,ha,328568.0
Americas,Area harvested,2015,ha,329044.0
Americas,Area harvested,2016,ha,322514.0
Americas,Area harvested,2017,ha,320504.0
Americas,Area harvested,2018,ha,307667.0
Americas,Area harvested,2019,ha,303925.0
Americas,Yield,2005,hg/ha,246818.0
Americas,Yield,2006,hg/ha,252758.0
Americas,Yield,2007,hg/ha,254231.0
Americas,Yield,2008,hg/ha,265724.0
Americas,Yield,2009,hg/ha,263969.0
Americas,Yield,2010,hg/ha,269843.0
Americas,Yield,2011,hg/ha,278972.0
Americas,Yield,2012,hg/ha,262426.0
Americas,Yield,2013,hg/ha,298249.0
Americas,Yield,2014,hg/ha,322259.0
Americas,Yield,2015,hg/ha,292557.0
Americas,Yield,2016,hg/ha,306353.0
Americas,Yield,2017,hg/ha,317201.0
Americas,Yield,2018,hg/ha,305877.0
Americas,Yield,2019,hg/ha,322782.0
Americas,Production,2005,tonnes,9008510.0
Americas,Production,2006,tonnes,9024167.0
Americas,Production,2007,tonnes,8845340.0
Americas,Production,2008,tonnes,9113166.0
Americas,Production,2009,tonnes,9092087.0
Americas,Production,2010,tonnes,9045252.0
Americas,Production,2011,tonnes,9702017.0
Americas,Production,2012,tonnes,9004010.0
Americas,Production,2013,tonnes,10213825.0
Americas,Production,2014,tonnes,10588413.0
Americas,Production,2015,tonnes,9626415.0
Americas,Production,2016,tonnes,9880305.0
Americas,Production,2017,tonnes,10166420.0
Americas,Production,2018,tonnes,9410823.0
Americas,Production,2019,tonnes,9810144.0
Northern America,Area harvested,2005,ha,168968.0
Northern America,Area harvested,2006,ha,165544.0
Northern America,Area harvested,2007,ha,160312.0
Northern America,Area harvested,2008,ha,158959.0
Northern America,Area harvested,2009,ha,156723.0
Northern America,Area harvested,2010,ha,152462.0
Northern America,Area harvested,2011,ha,150404.0
Northern America,Area harvested,2012,ha,147562.0
Northern America,Area harvested,2013,ha,146699.0
Northern America,Area harvested,2014,ha,144637.0
Northern America,Area harvested,2015,ha,146767.0
Northern America,Area harvested,2016,ha,148933.0
Northern America,Area harvested,2017,ha,148432.0
Northern America,Area harvested,2018,ha,133340.0
Northern America,Area harvested,2019,ha,134094.0
Northern America,Yield,2005,hg/ha,284035.0
Northern America,Yield,2006,hg/ha,293492.0
Northern America,Yield,2007,hg/ha,285022.0
Northern America,Yield,2008,hg/ha,301456.0
Northern America,Yield,2009,hg/ha,308172.0
Northern America,Yield,2010,hg/ha,300489.0
Northern America,Yield,2011,hg/ha,312614.0
Northern America,Yield,2012,hg/ha,295578.0
Northern America,Yield,2013,hg/ha,351665.0
Northern America,Yield,2014,hg/ha,398831.0
Northern America,Yield,2015,hg/ha,334223.0
Northern America,Yield,2016,hg/ha,378159.0
Northern America,Yield,2017,hg/ha,380157.0
Northern America,Yield,2018,hg/ha,378564.0
Northern America,Yield,2019,hg/ha,400884.0
Northern America,Production,2005,tonnes,4799277.0
Northern America,Production,2006,tonnes,4858592.0
Northern America,Production,2007,tonnes,4569250.0
Northern America,Production,2008,tonnes,4791913.0
Northern America,Production,2009,tonnes,4829758.0
Northern America,Production,2010,tonnes,4581315.0
Northern America,Production,2011,tonnes,4701833.0
Northern America,Production,2012,tonnes,4361605.0
Northern America,Production,2013,tonnes,5158895.0
Northern America,Production,2014,tonnes,5768579.0
Northern America,Production,2015,tonnes,4905298.0
Northern America,Production,2016,tonnes,5632029.0
Northern America,Production,2017,tonnes,5642752.0
Northern America,Production,2018,tonnes,5047768.0
Northern America,Production,2019,tonnes,5375609.0
Central America,Area harvested,2005,ha,63026.0
Central America,Area harvested,2006,ha,61663.0
Central America,Area harvested,2007,ha,60239.0
Central America,Area harvested,2008,ha,60907.0
Central America,Area harvested,2009,ha,67111.0
Central America,Area harvested,2010,ha,68026.0
Central America,Area harvested,2011,ha,68659.0
Central America,Area harvested,2012,ha,69566.0
Central America,Area harvested,2013,ha,71602.0
Central America,Area harvested,2014,ha,67895.0
Central America,Area harvested,2015,ha,68472.0
Central America,Area harvested,2016,ha,67945.0
Central America,Area harvested,2017,ha,67932.0
Central America,Area harvested,2018,ha,68438.0
Central America,Area harvested,2019,ha,69963.0
Central America,Yield,2005,hg/ha,96592.0
Central America,Yield,2006,hg/ha,102060.0
Central America,Yield,2007,hg/ha,88375.0
Central America,Yield,2008,hg/ha,89361.0
Central America,Yield,2009,hg/ha,90116.0
Central America,Yield,2010,hg/ha,92553.0
Central America,Yield,2011,hg/ha,99790.0
Central America,Yield,2012,hg/ha,62166.0
Central America,Yield,2013,hg/ha,128436.0
Central America,Yield,2014,hg/ha,115083.0
Central America,Yield,2015,hg/ha,120342.0
Central America,Yield,2016,hg/ha,117026.0
Central America,Yield,2017,hg/ha,117136.0
Central America,Yield,2018,hg/ha,108892.0
Central America,Yield,2019,hg/ha,121763.0
Central America,Production,2005,tonnes,608778.0
Central America,Production,2006,tonnes,629334.0
Central America,Production,2007,tonnes,532364.0
Central America,Production,2008,tonnes,544272.0
Central America,Production,2009,tonnes,604778.0
Central America,Production,2010,tonnes,629602.0
Central America,Production,2011,tonnes,685148.0
Central America,Production,2012,tonnes,432464.0
Central America,Production,2013,tonnes,919629.0
Central America,Production,2014,tonnes,781353.0
Central America,Production,2015,tonnes,824008.0
Central America,Production,2016,tonnes,795132.0
Central America,Production,2017,tonnes,795728.0
Central America,Production,2018,tonnes,745235.0
Central America,Production,2019,tonnes,851893.0
Caribbean,Area harvested,2005,ha,321.0
Caribbean,Area harvested,2006,ha,390.0
Caribbean,Area harvested,2007,ha,420.0
Caribbean,Area harvested,2008,ha,450.0
Caribbean,Area harvested,2009,ha,465.0
Caribbean,Area harvested,2010,ha,299.0
Caribbean,Area harvested,2011,ha,351.0
Caribbean,Area harvested,2012,ha,337.0
Caribbean,Area harvested,2013,ha,329.0
Caribbean,Area harvested,2014,ha,307.0
Caribbean,Area harvested,2015,ha,301.0
Caribbean,Area harvested,2016,ha,299.0
Caribbean,Area harvested,2017,ha,434.0
Caribbean,Area harvested,2018,ha,439.0
Caribbean,Area harvested,2019,ha,375.0
Caribbean,Yield,2005,hg/ha,40498.0
Caribbean,Yield,2006,hg/ha,40154.0
Caribbean,Yield,2007,hg/ha,41119.0
Caribbean,Yield,2008,hg/ha,40422.0
Caribbean,Yield,2009,hg/ha,45118.0
Caribbean,Yield,2010,hg/ha,49900.0
Caribbean,Yield,2011,hg/ha,46952.0
Caribbean,Yield,2012,hg/ha,49318.0
Caribbean,Yield,2013,hg/ha,48663.0
Caribbean,Yield,2014,hg/ha,48599.0
Caribbean,Yield,2015,hg/ha,49568.0
Caribbean,Yield,2016,hg/ha,49967.0
Caribbean,Yield,2017,hg/ha,51544.0
Caribbean,Yield,2018,hg/ha,52278.0
Caribbean,Yield,2019,hg/ha,52187.0
Caribbean,Production,2005,tonnes,1300.0
Caribbean,Production,2006,tonnes,1566.0
Caribbean,Production,2007,tonnes,1727.0
Caribbean,Production,2008,tonnes,1819.0
Caribbean,Production,2009,tonnes,2098.0
Caribbean,Production,2010,tonnes,1492.0
Caribbean,Production,2011,tonnes,1648.0
Caribbean,Production,2012,tonnes,1662.0
Caribbean,Production,2013,tonnes,1601.0
Caribbean,Production,2014,tonnes,1492.0
Caribbean,Production,2015,tonnes,1492.0
Caribbean,Production,2016,tonnes,1494.0
Caribbean,Production,2017,tonnes,2237.0
Caribbean,Production,2018,tonnes,2295.0
Caribbean,Production,2019,tonnes,1957.0
South America,Area harvested,2005,ha,132671.0
South America,Area harvested,2006,ha,129431.0
South America,Area harvested,2007,ha,126954.0
South America,Area harvested,2008,ha,122640.0
South America,Area harvested,2009,ha,120139.0
South America,Area harvested,2010,ha,114417.0
South America,Area harvested,2011,ha,128364.0
South America,Area harvested,2012,ha,125641.0
South America,Area harvested,2013,ha,123830.0
South America,Area harvested,2014,ha,115729.0
South America,Area harvested,2015,ha,113504.0
South America,Area harvested,2016,ha,105337.0
South America,Area harvested,2017,ha,103706.0
South America,Area harvested,2018,ha,105450.0
South America,Area harvested,2019,ha,99493.0
South America,Yield,2005,hg/ha,271284.0
South America,Yield,2006,hg/ha,273093.0
South America,Yield,2007,hg/ha,294752.0
South America,Yield,2008,hg/ha,307825.0
South America,Yield,2009,hg/ha,304269.0
South America,Yield,2010,hg/ha,334989.0
South America,Yield,2011,hg/ha,336028.0
South America,Yield,2012,hg/ha,334945.0
South America,Yield,2013,hg/ha,333821.0
South America,Yield,2014,hg/ha,348831.0
South America,Yield,2015,hg/ha,343214.0
South America,Yield,2016,hg/ha,327677.0
South America,Yield,2017,hg/ha,359256.0
South America,Yield,2018,hg/ha,342866.0
South America,Yield,2019,hg/ha,359893.0
South America,Production,2005,tonnes,3599155.0
South America,Production,2006,tonnes,3534675.0
South America,Production,2007,tonnes,3741999.0
South America,Production,2008,tonnes,3775162.0
South America,Production,2009,tonnes,3655453.0
South America,Production,2010,tonnes,3832843.0
South America,Production,2011,tonnes,4313388.0
South America,Production,2012,tonnes,4208279.0
South America,Production,2013,tonnes,4133700.0
South America,Production,2014,tonnes,4036989.0
South America,Production,2015,tonnes,3895617.0
South America,Production,2016,tonnes,3451650.0
South America,Production,2017,tonnes,3725703.0
South America,Production,2018,tonnes,3615525.0
South America,Production,2019,tonnes,3580685.0
Asia,Area harvested,2005,ha,2988667.0
Asia,Area harvested,2006,ha,2961494.0
Asia,Area harvested,2007,ha,3092872.0
Asia,Area harvested,2008,ha,3114445.0
Asia,Area harvested,2009,ha,3202645.0
Asia,Area harvested,2010,ha,3339224.0
Asia,Area harvested,2011,ha,3412283.0
Asia,Area harvested,2012,ha,3504682.0
Asia,Area harvested,2013,ha,3559637.0
Asia,Area harvested,2014,ha,3601975.0
Asia,Area harvested,2015,ha,3646505.0
Asia,Area harvested,2016,ha,3343281.0
Asia,Area harvested,2017,ha,3147945.0
Asia,Area harvested,2018,ha,3134141.0
Asia,Area harvested,2019,ha,3229833.0
Asia,Yield,2005,hg/ha,117322.0
Asia,Yield,2006,hg/ha,123307.0
Asia,Yield,2007,hg/ha,126997.0
Asia,Yield,2008,hg/ha,134139.0
Asia,Yield,2009,hg/ha,137426.0
Asia,Yield,2010,hg/ha,135850.0
Asia,Yield,2011,hg/ha,145010.0
Asia,Yield,2012,hg/ha,147837.0
Asia,Yield,2013,hg/ha,148994.0
Asia,Yield,2014,hg/ha,149789.0
Asia,Yield,2015,hg/ha,142221.0
Asia,Yield,2016,hg/ha,162340.0
Asia,Yield,2017,hg/ha,174167.0
Asia,Yield,2018,hg/ha,169545.0
Asia,Yield,2019,hg/ha,174560.0
Asia,Production,2005,tonnes,35063528.0
Asia,Production,2006,tonnes,36517275.0
Asia,Production,2007,tonnes,39278688.0
Asia,Production,2008,tonnes,41776842.0
Asia,Production,2009,tonnes,44012593.0
Asia,Production,2010,tonnes,45363388.0
Asia,Production,2011,tonnes,49481501.0
Asia,Production,2012,tonnes,51812137.0
Asia,Production,2013,tonnes,53036481.0
Asia,Production,2014,tonnes,53953463.0
Asia,Production,2015,tonnes,51860910.0
Asia,Production,2016,tonnes,54274689.0
Asia,Production,2017,tonnes,54826699.0
Asia,Production,2018,tonnes,53137673.0
Asia,Production,2019,tonnes,56379811.0
Central Asia,Area harvested,2005,ha,155500.0
Central Asia,Area harvested,2006,ha,152263.0
Central Asia,Area harvested,2007,ha,160200.0
Central Asia,Area harvested,2008,ha,153200.0
Central Asia,Area harvested,2009,ha,154000.0
Central Asia,Area harvested,2010,ha,163900.0
Central Asia,Area harvested,2011,ha,175293.0
Central Asia,Area harvested,2012,ha,184434.0
Central Asia,Area harvested,2013,ha,195409.0
Central Asia,Area harvested,2014,ha,196345.0
Central Asia,Area harvested,2015,ha,200553.0
Central Asia,Area harvested,2016,ha,218081.0
Central Asia,Area harvested,2017,ha,203302.0
Central Asia,Area harvested,2018,ha,208974.0
Central Asia,Area harvested,2019,ha,210230.0
Central Asia,Yield,2005,hg/ha,51537.0
Central Asia,Yield,2006,hg/ha,62816.0
Central Asia,Yield,2007,hg/ha,56215.0
Central Asia,Yield,2008,hg/ha,66396.0
Central Asia,Yield,2009,hg/ha,70031.0
Central Asia,Yield,2010,hg/ha,70113.0
Central Asia,Yield,2011,hg/ha,71755.0
Central Asia,Yield,2012,hg/ha,74677.0
Central Asia,Yield,2013,hg/ha,75281.0
Central Asia,Yield,2014,hg/ha,79807.0
Central Asia,Yield,2015,hg/ha,81233.0
Central Asia,Yield,2016,hg/ha,94318.0
Central Asia,Yield,2017,hg/ha,81421.0
Central Asia,Yield,2018,hg/ha,86258.0
Central Asia,Yield,2019,hg/ha,85678.0
Central Asia,Production,2005,tonnes,801400.0
Central Asia,Production,2006,tonnes,956461.0
Central Asia,Production,2007,tonnes,900560.0
Central Asia,Production,2008,tonnes,1017190.0
Central Asia,Production,2009,tonnes,1078470.0
Central Asia,Production,2010,tonnes,1149150.0
Central Asia,Production,2011,tonnes,1257817.0
Central Asia,Production,2012,tonnes,1377300.0
Central Asia,Production,2013,tonnes,1471056.0
Central Asia,Production,2014,tonnes,1566970.0
Central Asia,Production,2015,tonnes,1629148.0
Central Asia,Production,2016,tonnes,2056894.0
Central Asia,Production,2017,tonnes,1655312.0
Central Asia,Production,2018,tonnes,1802563.0
Central Asia,Production,2019,tonnes,1801207.0
Eastern Asia,Area harvested,2005,ha,2031096.0
Eastern Asia,Area harvested,2006,ha,2040531.0
Eastern Asia,Area harvested,2007,ha,2101626.0
Eastern Asia,Area harvested,2008,ha,2132248.0
Eastern Asia,Area harvested,2009,ha,2190007.0
Eastern Asia,Area harvested,2010,ha,2280736.0
Eastern Asia,Area harvested,2011,ha,2319262.0
Eastern Asia,Area harvested,2012,ha,2373153.0
Eastern Asia,Area harvested,2013,ha,2413524.0
Eastern Asia,Area harvested,2014,ha,2413807.0
Eastern Asia,Area harvested,2015,ha,2469510.0
Eastern Asia,Area harvested,2016,ha,2265029.0
Eastern Asia,Area harvested,2017,ha,2088879.0
Eastern Asia,Area harvested,2018,ha,2079467.0
Eastern Asia,Area harvested,2019,ha,2181067.0
Eastern Asia,Yield,2005,hg/ha,127376.0
Eastern Asia,Yield,2006,hg/ha,137069.0
Eastern Asia,Yield,2007,hg/ha,141684.0
Eastern Asia,Yield,2008,hg/ha,149560.0
Eastern Asia,Yield,2009,hg/ha,153937.0
Eastern Asia,Yield,2010,hg/ha,154443.0
Eastern Asia,Yield,2011,hg/ha,162870.0
Eastern Asia,Yield,2012,hg/ha,170515.0
Eastern Asia,Yield,2013,hg/ha,172774.0
Eastern Asia,Yield,2014,hg/ha,178112.0
Eastern Asia,Yield,2015,hg/ha,166314.0
Eastern Asia,Yield,2016,hg/ha,187734.0
Eastern Asia,Yield,2017,hg/ha,208078.0
Eastern Asia,Yield,2018,hg/ha,198445.0
Eastern Asia,Yield,2019,hg/ha,203889.0
Eastern Asia,Production,2005,tonnes,25871298.0
Eastern Asia,Production,2006,tonnes,27969351.0
Eastern Asia,Production,2007,tonnes,29776675.0
Eastern Asia,Production,2008,tonnes,31889854.0
Eastern Asia,Production,2009,tonnes,33712332.0
Eastern Asia,Production,2010,tonnes,35224283.0
Eastern Asia,Production,2011,tonnes,37773808.0
Eastern Asia,Production,2012,tonnes,40465915.0
Eastern Asia,Production,2013,tonnes,41699309.0
Eastern Asia,Production,2014,tonnes,42992845.0
Eastern Asia,Production,2015,tonnes,41071375.0
Eastern Asia,Production,2016,tonnes,42522343.0
Eastern Asia,Production,2017,tonnes,43464982.0
Eastern Asia,Production,2018,tonnes,41265895.0
Eastern Asia,Production,2019,tonnes,44469467.0
Southern Asia,Area harvested,2005,ha,514373.0
Southern Asia,Area harvested,2006,ha,500982.0
Southern Asia,Area harvested,2007,ha,551685.0
Southern Asia,Area harvested,2008,ha,562943.0
Southern Asia,Area harvested,2009,ha,573658.0
Southern Asia,Area harvested,2010,ha,605868.0
Southern Asia,Area harvested,2011,ha,612756.0
Southern Asia,Area harvested,2012,ha,638800.0
Southern Asia,Area harvested,2013,ha,631540.0
Southern Asia,Area harvested,2014,ha,667346.0
Southern Asia,Area harvested,2015,ha,675266.0
Southern Asia,Area harvested,2016,ha,539039.0
Southern Asia,Area harvested,2017,ha,544621.0
Southern Asia,Area harvested,2018,ha,517750.0
Southern Asia,Area harvested,2019,ha,515387.0
Southern Asia,Yield,2005,hg/ha,93666.0
Southern Asia,Yield,2006,hg/ha,91074.0
Southern Asia,Yield,2007,hg/ha,93252.0
Southern Asia,Yield,2008,hg/ha,94474.0
Southern Asia,Yield,2009,hg/ha,92811.0
Southern Asia,Yield,2010,hg/ha,87900.0
Southern Asia,Yield,2011,hg/ha,109802.0
Southern Asia,Yield,2012,hg/ha,93773.0
Southern Asia,Yield,2013,hg/ha,90030.0
Southern Asia,Yield,2014,hg/ha,84817.0
Southern Asia,Yield,2015,hg/ha,79865.0
Southern Asia,Yield,2016,hg/ha,101591.0
Southern Asia,Yield,2017,hg/ha,99728.0
Southern Asia,Yield,2018,hg/ha,97675.0
Southern Asia,Yield,2019,hg/ha,103663.0
Southern Asia,Production,2005,tonnes,4817923.0
Southern Asia,Production,2006,tonnes,4562624.0
Southern Asia,Production,2007,tonnes,5144578.0
Southern Asia,Production,2008,tonnes,5318332.0
Southern Asia,Production,2009,tonnes,5324202.0
Southern Asia,Production,2010,tonnes,5325597.0
Southern Asia,Production,2011,tonnes,6728201.0
Southern Asia,Production,2012,tonnes,5990202.0
Southern Asia,Production,2013,tonnes,5685750.0
Southern Asia,Production,2014,tonnes,5660240.0
Southern Asia,Production,2015,tonnes,5393024.0
Southern Asia,Production,2016,tonnes,5476162.0
Southern Asia,Production,2017,tonnes,5431413.0
Southern Asia,Production,2018,tonnes,5057113.0
Southern Asia,Production,2019,tonnes,5342645.0
Western Asia,Area harvested,2005,ha,287698.0
Western Asia,Area harvested,2006,ha,267718.0
Western Asia,Area harvested,2007,ha,279361.0
Western Asia,Area harvested,2008,ha,266054.0
Western Asia,Area harvested,2009,ha,284980.0
Western Asia,Area harvested,2010,ha,288720.0
Western Asia,Area harvested,2011,ha,304972.0
Western Asia,Area harvested,2012,ha,308295.0
Western Asia,Area harvested,2013,ha,319164.0
Western Asia,Area harvested,2014,ha,324477.0
Western Asia,Area harvested,2015,ha,301176.0
Western Asia,Area harvested,2016,ha,321132.0
Western Asia,Area harvested,2017,ha,311143.0
Western Asia,Area harvested,2018,ha,327950.0
Western Asia,Area harvested,2019,ha,323149.0
Western Asia,Yield,2005,hg/ha,124189.0
Western Asia,Yield,2006,hg/ha,113135.0
Western Asia,Yield,2007,hg/ha,123742.0
Western Asia,Yield,2008,hg/ha,133487.0
Western Asia,Yield,2009,hg/ha,136767.0
Western Asia,Yield,2010,hg/ha,126917.0
Western Asia,Yield,2011,hg/ha,122033.0
Western Asia,Yield,2012,hg/ha,129056.0
Western Asia,Yield,2013,hg/ha,130979.0
Western Asia,Yield,2014,hg/ha,115059.0
Western Asia,Yield,2015,hg/ha,125088.0
Western Asia,Yield,2016,hg/ha,131388.0
Western Asia,Yield,2017,hg/ha,137396.0
Western Asia,Yield,2018,hg/ha,152831.0
Western Asia,Yield,2019,hg/ha,147501.0
Western Asia,Production,2005,tonnes,3572907.0
Western Asia,Production,2006,tonnes,3028839.0
Western Asia,Production,2007,tonnes,3456875.0
Western Asia,Production,2008,tonnes,3551466.0
Western Asia,Production,2009,tonnes,3897589.0
Western Asia,Production,2010,tonnes,3664358.0
Western Asia,Production,2011,tonnes,3721675.0
Western Asia,Production,2012,tonnes,3978720.0
Western Asia,Production,2013,tonnes,4180366.0
Western Asia,Production,2014,tonnes,3733408.0
Western Asia,Production,2015,tonnes,3767363.0
Western Asia,Production,2016,tonnes,4219290.0
Western Asia,Production,2017,tonnes,4274992.0
Western Asia,Production,2018,tonnes,5012102.0
Western Asia,Production,2019,tonnes,4766492.0
Europe,Area harvested,2005,ha,1322919.0
Europe,Area harvested,2006,ha,1242248.0
Europe,Area harvested,2007,ha,1232046.0
Europe,Area harvested,2008,ha,1049741.0
Europe,Area harvested,2009,ha,1034160.0
Europe,Area harvested,2010,ha,1014697.0
Europe,Area harvested,2011,ha,1017368.0
Europe,Area harvested,2012,ha,1009570.0
Europe,Area harvested,2013,ha,1023303.0
Europe,Area harvested,2014,ha,977725.0
Europe,Area harvested,2015,ha,1008534.0
Europe,Area harvested,2016,ha,989907.0
Europe,Area harvested,2017,ha,952207.0
Europe,Area harvested,2018,ha,1011811.0
Europe,Area harvested,2019,ha,995578.0
Europe,Yield,2005,hg/ha,113033.0
Europe,Yield,2006,hg/ha,121009.0
Europe,Yield,2007,hg/ha,119459.0
Europe,Yield,2008,hg/ha,145711.0
Europe,Yield,2009,hg/ha,151287.0
Europe,Yield,2010,hg/ha,136660.0
Europe,Yield,2011,hg/ha,145808.0
Europe,Yield,2012,hg/ha,145502.0
Europe,Yield,2013,hg/ha,157528.0
Europe,Yield,2014,hg/ha,178893.0
Europe,Yield,2015,hg/ha,170632.0
Europe,Yield,2016,hg/ha,174395.0
Europe,Yield,2017,hg/ha,149914.0
Europe,Yield,2018,hg/ha,194297.0
Europe,Yield,2019,hg/ha,171705.0
Europe,Production,2005,tonnes,14953320.0
Europe,Production,2006,tonnes,15032299.0
Europe,Production,2007,tonnes,14717905.0
Europe,Production,2008,tonnes,15295843.0
Europe,Production,2009,tonnes,15645484.0
Europe,Production,2010,tonnes,13866817.0
Europe,Production,2011,tonnes,14834040.0
Europe,Production,2012,tonnes,14689463.0
Europe,Production,2013,tonnes,16119920.0
Europe,Production,2014,tonnes,17490862.0
Europe,Production,2015,tonnes,17208801.0
Europe,Production,2016,tonnes,17263515.0
Europe,Production,2017,tonnes,14274875.0
Europe,Production,2018,tonnes,19659204.0
Europe,Production,2019,tonnes,17094614.0
Eastern Europe,Area harvested,2005,ha,977404.0
Eastern Europe,Area harvested,2006,ha,902421.0
Eastern Europe,Area harvested,2007,ha,897274.0
Eastern Europe,Area harvested,2008,ha,723385.0
Eastern Europe,Area harvested,2009,ha,706857.0
Eastern Europe,Area harvested,2010,ha,694326.0
Eastern Europe,Area harvested,2011,ha,694915.0
Eastern Europe,Area harvested,2012,ha,700511.0
Eastern Europe,Area harvested,2013,ha,706986.0
Eastern Europe,Area harvested,2014,ha,666177.0
Eastern Europe,Area harvested,2015,ha,678798.0
Eastern Europe,Area harvested,2016,ha,673309.0
Eastern Europe,Area harvested,2017,ha,644313.0
Eastern Europe,Area harvested,2018,ha,667428.0
Eastern Europe,Area harvested,2019,ha,664859.0
Eastern Europe,Yield,2005,hg/ha,65964.0
Eastern Europe,Yield,2006,hg/ha,71809.0
Eastern Europe,Yield,2007,hg/ha,65077.0
Eastern Europe,Yield,2008,hg/ha,90604.0
Eastern Europe,Yield,2009,hg/ha,97191.0
Eastern Europe,Yield,2010,hg/ha,82488.0
Eastern Europe,Yield,2011,hg/ha,88851.0
Eastern Europe,Yield,2012,hg/ha,107181.0
Eastern Europe,Yield,2013,hg/ha,110560.0
Eastern Europe,Yield,2014,hg/ha,124766.0
Eastern Europe,Yield,2015,hg/ha,115957.0
Eastern Europe,Yield,2016,hg/ha,125946.0
Eastern Europe,Yield,2017,hg/ha,105856.0
Eastern Europe,Yield,2018,hg/ha,153514.0
Eastern Europe,Yield,2019,hg/ha,124874.0
Eastern Europe,Production,2005,tonnes,6447392.0
Eastern Europe,Production,2006,tonnes,6480214.0
Eastern Europe,Production,2007,tonnes,5839170.0
Eastern Europe,Production,2008,tonnes,6554152.0
Eastern Europe,Production,2009,tonnes,6870040.0
Eastern Europe,Production,2010,tonnes,5727388.0
Eastern Europe,Production,2011,tonnes,6174383.0
Eastern Europe,Production,2012,tonnes,7508123.0
Eastern Europe,Production,2013,tonnes,7816430.0
Eastern Europe,Production,2014,tonnes,8311647.0
Eastern Europe,Production,2015,tonnes,7871114.0
Eastern Europe,Production,2016,tonnes,8480036.0
Eastern Europe,Production,2017,tonnes,6820415.0
Eastern Europe,Production,2018,tonnes,10245972.0
Eastern Europe,Production,2019,tonnes,8302328.0
Northern Europe,Area harvested,2005,ha,50322.0
Northern Europe,Area harvested,2006,ha,51033.0
Northern Europe,Area harvested,2007,ha,45779.0
Northern Europe,Area harvested,2008,ha,42218.0
Northern Europe,Area harvested,2009,ha,41404.0
Northern Europe,Area harvested,2010,ha,40233.0
Northern Europe,Area harvested,2011,ha,40519.0
Northern Europe,Area harvested,2012,ha,42160.0
Northern Europe,Area harvested,2013,ha,41548.0
Northern Europe,Area harvested,2014,ha,40804.0
Northern Europe,Area harvested,2015,ha,39723.0
Northern Europe,Area harvested,2016,ha,39304.0
Northern Europe,Area harvested,2017,ha,40272.0
Northern Europe,Area harvested,2018,ha,35978.0
Northern Europe,Area harvested,2019,ha,35889.0
Northern Europe,Yield,2005,hg/ha,88460.0
Northern Europe,Yield,2006,hg/ha,97516.0
Northern Europe,Yield,2007,hg/ha,87537.0
Northern Europe,Yield,2008,hg/ha,103277.0
Northern Europe,Yield,2009,hg/ha,91777.0
Northern Europe,Yield,2010,hg/ha,91050.0
Northern Europe,Yield,2011,hg/ha,93716.0
Northern Europe,Yield,2012,hg/ha,84762.0
Northern Europe,Yield,2013,hg/ha,136879.0
Northern Europe,Yield,2014,hg/ha,152336.0
Northern Europe,Yield,2015,hg/ha,161197.0
Northern Europe,Yield,2016,hg/ha,169322.0
Northern Europe,Yield,2017,hg/ha,178088.0
Northern Europe,Yield,2018,hg/ha,196592.0
Northern Europe,Yield,2019,hg/ha,164868.0
Northern Europe,Production,2005,tonnes,445148.0
Northern Europe,Production,2006,tonnes,497653.0
Northern Europe,Production,2007,tonnes,400735.0
Northern Europe,Production,2008,tonnes,436015.0
Northern Europe,Production,2009,tonnes,379995.0
Northern Europe,Production,2010,tonnes,366321.0
Northern Europe,Production,2011,tonnes,379729.0
Northern Europe,Production,2012,tonnes,357355.0
Northern Europe,Production,2013,tonnes,568706.0
Northern Europe,Production,2014,tonnes,621591.0
Northern Europe,Production,2015,tonnes,640322.0
Northern Europe,Production,2016,tonnes,665503.0
Northern Europe,Production,2017,tonnes,717196.0
Northern Europe,Production,2018,tonnes,707298.0
Northern Europe,Production,2019,tonnes,591693.0
Southern Europe,Area harvested,2005,ha,192159.0
Southern Europe,Area harvested,2006,ha,188940.0
Southern Europe,Area harvested,2007,ha,191652.0
Southern Europe,Area harvested,2008,ha,188430.0
Southern Europe,Area harvested,2009,ha,191589.0
Southern Europe,Area harvested,2010,ha,186540.0
Southern Europe,Area harvested,2011,ha,190154.0
Southern Europe,Area harvested,2012,ha,177117.0
Southern Europe,Area harvested,2013,ha,186288.0
Southern Europe,Area harvested,2014,ha,170024.0
Southern Europe,Area harvested,2015,ha,190353.0
Southern Europe,Area harvested,2016,ha,177869.0
Southern Europe,Area harvested,2017,ha,166210.0
Southern Europe,Area harvested,2018,ha,200499.0
Southern Europe,Area harvested,2019,ha,187654.0
Southern Europe,Yield,2005,hg/ha,207476.0
Southern Europe,Yield,2006,hg/ha,207869.0
Southern Europe,Yield,2007,hg/ha,215076.0
Southern Europe,Yield,2008,hg/ha,214276.0
Southern Europe,Yield,2009,hg/ha,216012.0
Southern Europe,Yield,2010,hg/ha,216256.0
Southern Europe,Yield,2011,hg/ha,228236.0
Southern Europe,Yield,2012,hg/ha,200227.0
Southern Europe,Yield,2013,hg/ha,228319.0
Southern Europe,Yield,2014,hg/ha,257521.0
Southern Europe,Yield,2015,hg/ha,243274.0
Southern Europe,Yield,2016,hg/ha,246036.0
Southern Europe,Yield,2017,hg/ha,228586.0
Southern Europe,Yield,2018,hg/ha,228423.0
Southern Europe,Yield,2019,hg/ha,239373.0
Southern Europe,Production,2005,tonnes,3986834.0
Southern Europe,Production,2006,tonnes,3927469.0
Southern Europe,Production,2007,tonnes,4121980.0
Southern Europe,Production,2008,tonnes,4037607.0
Southern Europe,Production,2009,tonnes,4138553.0
Southern Europe,Production,2010,tonnes,4034047.0
Southern Europe,Production,2011,tonnes,4339995.0
Southern Europe,Production,2012,tonnes,3546367.0
Southern Europe,Production,2013,tonnes,4253302.0
Southern Europe,Production,2014,tonnes,4378476.0
Southern Europe,Production,2015,tonnes,4630797.0
Southern Europe,Production,2016,tonnes,4376219.0
Southern Europe,Production,2017,tonnes,3799322.0
Southern Europe,Production,2018,tonnes,4579856.0
Southern Europe,Production,2019,tonnes,4491937.0
Western Europe,Area harvested,2005,ha,103034.0
Western Europe,Area harvested,2006,ha,99854.0
Western Europe,Area harvested,2007,ha,97341.0
Western Europe,Area harvested,2008,ha,95708.0
Western Europe,Area harvested,2009,ha,94310.0
Western Europe,Area harvested,2010,ha,93598.0
Western Europe,Area harvested,2011,ha,91780.0
Western Europe,Area harvested,2012,ha,89782.0
Western Europe,Area harvested,2013,ha,88481.0
Western Europe,Area harvested,2014,ha,100720.0
Western Europe,Area harvested,2015,ha,99660.0
Western Europe,Area harvested,2016,ha,99425.0
Western Europe,Area harvested,2017,ha,101412.0
Western Europe,Area harvested,2018,ha,107906.0
Western Europe,Area harvested,2019,ha,107176.0
Western Europe,Yield,2005,hg/ha,395398.0
Western Europe,Yield,2006,hg/ha,413300.0
Western Europe,Yield,2007,hg/ha,447501.0
Western Europe,Yield,2008,hg/ha,445947.0
Western Europe,Yield,2009,hg/ha,451373.0
Western Europe,Yield,2010,hg/ha,399481.0
Western Europe,Yield,2011,hg/ha,429280.0
Western Europe,Yield,2012,hg/ha,365064.0
Western Europe,Yield,2013,hg/ha,393472.0
Western Europe,Yield,2014,hg/ha,414927.0
Western Europe,Yield,2015,hg/ha,408044.0
Western Europe,Yield,2016,hg/ha,376340.0
Western Europe,Yield,2017,hg/ha,289704.0
Western Europe,Yield,2018,hg/ha,382377.0
Western Europe,Yield,2019,hg/ha,346034.0
Western Europe,Production,2005,tonnes,4073946.0
Western Europe,Production,2006,tonnes,4126963.0
Western Europe,Production,2007,tonnes,4356020.0
Western Europe,Production,2008,tonnes,4268069.0
Western Europe,Production,2009,tonnes,4256896.0
Western Europe,Production,2010,tonnes,3739061.0
Western Europe,Production,2011,tonnes,3939933.0
Western Europe,Production,2012,tonnes,3277618.0
Western Europe,Production,2013,tonnes,3481482.0
Western Europe,Production,2014,tonnes,4179148.0
Western Europe,Production,2015,tonnes,4066568.0
Western Europe,Production,2016,tonnes,3741757.0
Western Europe,Production,2017,tonnes,2937942.0
Western Europe,Production,2018,tonnes,4126078.0
Western Europe,Production,2019,tonnes,3708656.0
Oceania,Area harvested,2005,ha,31482.0
Oceania,Area harvested,2006,ha,29720.0
Oceania,Area harvested,2007,ha,29247.0
Oceania,Area harvested,2008,ha,25273.0
Oceania,Area harvested,2009,ha,31284.0
Oceania,Area harvested,2010,ha,26172.0
Oceania,Area harvested,2011,ha,27785.0
Oceania,Area harvested,2012,ha,26901.0
Oceania,Area harvested,2013,ha,26899.0
Oceania,Area harvested,2014,ha,25121.0
Oceania,Area harvested,2015,ha,28507.0
Oceania,Area harvested,2016,ha,29462.0
Oceania,Area harvested,2017,ha,28283.0
Oceania,Area harvested,2018,ha,25412.0
Oceania,Area harvested,2019,ha,26372.0
Oceania,Yield,2005,hg/ha,310225.0
Oceania,Yield,2006,hg/ha,220475.0
Oceania,Yield,2007,hg/ha,273184.0
Oceania,Yield,2008,hg/ha,281518.0
Oceania,Yield,2009,hg/ha,232110.0
Oceania,Yield,2010,hg/ha,270730.0
Oceania,Yield,2011,hg/ha,266041.0
Oceania,Yield,2012,hg/ha,269942.0
Oceania,Yield,2013,hg/ha,272522.0
Oceania,Yield,2014,hg/ha,301250.0
Oceania,Yield,2015,hg/ha,292979.0
Oceania,Yield,2016,hg/ha,291324.0
Oceania,Yield,2017,hg/ha,277103.0
Oceania,Yield,2018,hg/ha,294489.0
Oceania,Yield,2019,hg/ha,310464.0
Oceania,Production,2005,tonnes,976650.0
Oceania,Production,2006,tonnes,655251.0
Oceania,Production,2007,tonnes,798980.0
Oceania,Production,2008,tonnes,711481.0
Oceania,Production,2009,tonnes,726134.0
Oceania,Production,2010,tonnes,708555.0
Oceania,Production,2011,tonnes,739196.0
Oceania,Production,2012,tonnes,726171.0
Oceania,Production,2013,tonnes,733056.0
Oceania,Production,2014,tonnes,756771.0
Oceania,Production,2015,tonnes,835196.0
Oceania,Production,2016,tonnes,858298.0
Oceania,Production,2017,tonnes,783730.0
Oceania,Production,2018,tonnes,748355.0
Oceania,Production,2019,tonnes,818756.0
Australia and New Zealand,Area harvested,2005,ha,31482.0
Australia and New Zealand,Area harvested,2006,ha,29720.0
Australia and New Zealand,Area harvested,2007,ha,29247.0
Australia and New Zealand,Area harvested,2008,ha,25273.0
Australia and New Zealand,Area harvested,2009,ha,31284.0
Australia and New Zealand,Area harvested,2010,ha,26172.0
Australia and New Zealand,Area harvested,2011,ha,27785.0
Australia and New Zealand,Area harvested,2012,ha,26901.0
Australia and New Zealand,Area harvested,2013,ha,26899.0
Australia and New Zealand,Area harvested,2014,ha,25121.0
Australia and New Zealand,Area harvested,2015,ha,28507.0
Australia and New Zealand,Area harvested,2016,ha,29462.0
Australia and New Zealand,Area harvested,2017,ha,28283.0
Australia and New Zealand,Area harvested,2018,ha,25412.0
Australia and New Zealand,Area harvested,2019,ha,26372.0
Australia and New Zealand,Yield,2005,hg/ha,310225.0
Australia and New Zealand,Yield,2006,hg/ha,220475.0
Australia and New Zealand,Yield,2007,hg/ha,273184.0
Australia and New Zealand,Yield,2008,hg/ha,281518.0
Australia and New Zealand,Yield,2009,hg/ha,232110.0
Australia and New Zealand,Yield,2010,hg/ha,270730.0
Australia and New Zealand,Yield,2011,hg/ha,266041.0
Australia and New Zealand,Yield,2012,hg/ha,269942.0
Australia and New Zealand,Yield,2013,hg/ha,272522.0
Australia and New Zealand,Yield,2014,hg/ha,301250.0
Australia and New Zealand,Yield,2015,hg/ha,292979.0
Australia and New Zealand,Yield,2016,hg/ha,291324.0
Australia and New Zealand,Yield,2017,hg/ha,277103.0
Australia and New Zealand,Yield,2018,hg/ha,294489.0
Australia and New Zealand,Yield,2019,hg/ha,310464.0
Australia and New Zealand,Production,2005,tonnes,976650.0
Australia and New Zealand,Production,2006,tonnes,655251.0
Australia and New Zealand,Production,2007,tonnes,798980.0
Australia and New Zealand,Production,2008,tonnes,711481.0
Australia and New Zealand,Production,2009,tonnes,726134.0
Australia and New Zealand,Production,2010,tonnes,708555.0
Australia and New Zealand,Production,2011,tonnes,739196.0
Australia and New Zealand,Production,2012,tonnes,726171.0
Australia and New Zealand,Production,2013,tonnes,733056.0
Australia and New Zealand,Production,2014,tonnes,756771.0
Australia and New Zealand,Production,2015,tonnes,835196.0
Australia and New Zealand,Production,2016,tonnes,858298.0
Australia and New Zealand,Production,2017,tonnes,783730.0
Australia and New Zealand,Production,2018,tonnes,748355.0
Australia and New Zealand,Production,2019,tonnes,818756.0
European Union (28),Area harvested,2005,ha,592875.0
European Union (28),Area harvested,2006,ha,555237.0
European Union (28),Area harvested,2007,ha,558845.0
European Union (28),Area harvested,2008,ha,547317.0
European Union (28),Area harvested,2009,ha,536491.0
European Union (28),Area harvested,2010,ha,531691.0
European Union (28),Area harvested,2011,ha,536905.0
European Union (28),Area harvested,2012,ha,546587.0
European Union (28),Area harvested,2013,ha,549900.0
European Union (28),Area harvested,2014,ha,535685.0
European Union (28),Area harvested,2015,ha,536795.0
European Union (28),Area harvested,2016,ha,529200.0
European Union (28),Area harvested,2017,ha,529903.0
European Union (28),Area harvested,2018,ha,523677.0
European Union (28),Area harvested,2019,ha,518140.0
European Union (28),Yield,2005,hg/ha,191723.0
European Union (28),Yield,2006,hg/ha,206952.0
European Union (28),Yield,2007,hg/ha,185498.0
European Union (28),Yield,2008,hg/ha,220085.0
European Union (28),Yield,2009,hg/ha,222605.0
European Union (28),Yield,2010,hg/ha,198395.0
European Union (28),Yield,2011,hg/ha,211607.0
European Union (28),Yield,2012,hg/ha,194555.0
European Union (28),Yield,2013,hg/ha,213993.0
European Union (28),Yield,2014,hg/ha,244500.0
European Union (28),Yield,2015,hg/ha,238064.0
European Union (28),Yield,2016,hg/ha,238722.0
European Union (28),Yield,2017,hg/ha,192001.0
European Union (28),Yield,2018,hg/ha,264267.0
European Union (28),Yield,2019,hg/ha,232462.0
European Union (28),Production,2005,tonnes,11366798.0
European Union (28),Production,2006,tonnes,11490766.0
European Union (28),Production,2007,tonnes,10366455.0
European Union (28),Production,2008,tonnes,12045628.0
European Union (28),Production,2009,tonnes,11942546.0
European Union (28),Production,2010,tonnes,10548473.0
European Union (28),Production,2011,tonnes,11361308.0
European Union (28),Production,2012,tonnes,10634145.0
European Union (28),Production,2013,tonnes,11767491.0
European Union (28),Production,2014,tonnes,13097522.0
European Union (28),Production,2015,tonnes,12779170.0
European Union (28),Production,2016,tonnes,12633176.0
European Union (28),Production,2017,tonnes,10174173.0
European Union (28),Production,2018,tonnes,13839040.0
European Union (28),Production,2019,tonnes,12044780.0
European Union (27),Area harvested,2005,ha,584425.0
European Union (27),Area harvested,2006,ha,539677.0
European Union (27),Area harvested,2007,ha,543885.0
European Union (27),Area harvested,2008,ha,531801.0
European Union (27),Area harvested,2009,ha,520941.0
European Union (27),Area harvested,2010,ha,515993.0
European Union (27),Area harvested,2011,ha,521276.0
European Union (27),Area harvested,2012,ha,530623.0
European Union (27),Area harvested,2013,ha,533823.0
European Union (27),Area harvested,2014,ha,519629.0
European Union (27),Area harvested,2015,ha,520924.0
European Union (27),Area harvested,2016,ha,512688.0
European Union (27),Area harvested,2017,ha,513296.0
European Union (27),Area harvested,2018,ha,507250.0
European Union (27),Area harvested,2019,ha,502200.0
European Union (27),Yield,2005,hg/ha,190764.0
European Union (27),Yield,2006,hg/ha,207930.0
European Union (27),Yield,2007,hg/ha,186130.0
European Union (27),Yield,2008,hg/ha,221939.0
European Union (27),Yield,2009,hg/ha,224854.0
European Union (27),Yield,2010,hg/ha,199867.0
European Union (27),Yield,2011,hg/ha,213350.0
European Union (27),Yield,2012,hg/ha,196573.0
European Union (27),Yield,2013,hg/ha,212973.0
European Union (27),Yield,2014,hg/ha,243368.0
European Union (27),Yield,2015,hg/ha,236495.0
European Union (27),Yield,2016,hg/ha,237027.0
European Union (27),Yield,2017,hg/ha,187784.0
European Union (27),Yield,2018,hg/ha,262857.0
European Union (27),Yield,2019,hg/ha,230752.0
European Union (27),Production,2005,tonnes,11148698.0
European Union (27),Production,2006,tonnes,11221527.0
European Union (27),Production,2007,tonnes,10123355.0
European Union (27),Production,2008,tonnes,11802728.0
European Union (27),Production,2009,tonnes,11713546.0
European Union (27),Production,2010,tonnes,10313023.0
European Union (27),Production,2011,tonnes,11121418.0
European Union (27),Production,2012,tonnes,10430595.0
European Union (27),Production,2013,tonnes,11368991.0
European Union (27),Production,2014,tonnes,12646122.0
European Union (27),Production,2015,tonnes,12319570.0
European Union (27),Production,2016,tonnes,12152076.0
European Union (27),Production,2017,tonnes,9638873.0
European Union (27),Production,2018,tonnes,13333440.0
European Union (27),Production,2019,tonnes,11588380.0
Least Developed Countries,Area harvested,2005,ha,15142.0
Least Developed Countries,Area harvested,2006,ha,19086.0
Least Developed Countries,Area harvested,2007,ha,19399.0
Least Developed Countries,Area harvested,2008,ha,19267.0
Least Developed Countries,Area harvested,2009,ha,21493.0
Least Developed Countries,Area harvested,2010,ha,21982.0
Least Developed Countries,Area harvested,2011,ha,22809.0
Least Developed Countries,Area harvested,2012,ha,22636.0
Least Developed Countries,Area harvested,2013,ha,23322.0
Least Developed Countries,Area harvested,2014,ha,26166.0
Least Developed Countries,Area harvested,2015,ha,26960.0
Least Developed Countries,Area harvested,2016,ha,33429.0
Least Developed Countries,Area harvested,2017,ha,39090.0
Least Developed Countries,Area harvested,2018,ha,40749.0
Least Developed Countries,Area harvested,2019,ha,40215.0
Least Developed Countries,Yield,2005,hg/ha,55474.0
Least Developed Countries,Yield,2006,hg/ha,62334.0
Least Developed Countries,Yield,2007,hg/ha,66117.0
Least Developed Countries,Yield,2008,hg/ha,65069.0
Least Developed Countries,Yield,2009,hg/ha,67713.0
Least Developed Countries,Yield,2010,hg/ha,66533.0
Least Developed Countries,Yield,2011,hg/ha,66993.0
Least Developed Countries,Yield,2012,hg/ha,68016.0
Least Developed Countries,Yield,2013,hg/ha,66981.0
Least Developed Countries,Yield,2014,hg/ha,62520.0
Least Developed Countries,Yield,2015,hg/ha,61816.0
Least Developed Countries,Yield,2016,hg/ha,64698.0
Least Developed Countries,Yield,2017,hg/ha,58956.0
Least Developed Countries,Yield,2018,hg/ha,67791.0
Least Developed Countries,Yield,2019,hg/ha,79098.0
Least Developed Countries,Production,2005,tonnes,83999.0
Least Developed Countries,Production,2006,tonnes,118971.0
Least Developed Countries,Production,2007,tonnes,128261.0
Least Developed Countries,Production,2008,tonnes,125369.0
Least Developed Countries,Production,2009,tonnes,145535.0
Least Developed Countries,Production,2010,tonnes,146253.0
Least Developed Countries,Production,2011,tonnes,152805.0
Least Developed Countries,Production,2012,tonnes,153960.0
Least Developed Countries,Production,2013,tonnes,156213.0
Least Developed Countries,Production,2014,tonnes,163590.0
Least Developed Countries,Production,2015,tonnes,166656.0
Least Developed Countries,Production,2016,tonnes,216278.0
Least Developed Countries,Production,2017,tonnes,230460.0
Least Developed Countries,Production,2018,tonnes,276241.0
Least Developed Countries,Production,2019,tonnes,318092.0
Land Locked Developing Countries,Area harvested,2005,ha,269619.0
Land Locked Developing Countries,Area harvested,2006,ha,268856.0
Land Locked Developing Countries,Area harvested,2007,ha,282379.0
Land Locked Developing Countries,Area harvested,2008,ha,274265.0
Land Locked Developing Countries,Area harvested,2009,ha,272466.0
Land Locked Developing Countries,Area harvested,2010,ha,284652.0
Land Locked Developing Countries,Area harvested,2011,ha,295630.0
Land Locked Developing Countries,Area harvested,2012,ha,306005.0
Land Locked Developing Countries,Area harvested,2013,ha,314952.0
Land Locked Developing Countries,Area harvested,2014,ha,309710.0
Land Locked Developing Countries,Area harvested,2015,ha,330738.0
Land Locked Developing Countries,Area harvested,2016,ha,348354.0
Land Locked Developing Countries,Area harvested,2017,ha,333650.0
Land Locked Developing Countries,Area harvested,2018,ha,350184.0
Land Locked Developing Countries,Area harvested,2019,ha,345087.0
Land Locked Developing Countries,Yield,2005,hg/ha,55569.0
Land Locked Developing Countries,Yield,2006,hg/ha,60729.0
Land Locked Developing Countries,Yield,2007,hg/ha,59510.0
Land Locked Developing Countries,Yield,2008,hg/ha,68399.0
Land Locked Developing Countries,Yield,2009,hg/ha,67804.0
Land Locked Developing Countries,Yield,2010,hg/ha,65872.0
Land Locked Developing Countries,Yield,2011,hg/ha,70590.0
Land Locked Developing Countries,Yield,2012,hg/ha,74091.0
Land Locked Developing Countries,Yield,2013,hg/ha,75833.0
Land Locked Developing Countries,Yield,2014,hg/ha,82787.0
Land Locked Developing Countries,Yield,2015,hg/ha,78878.0
Land Locked Developing Countries,Yield,2016,hg/ha,88649.0
Land Locked Developing Countries,Yield,2017,hg/ha,83713.0
Land Locked Developing Countries,Yield,2018,hg/ha,93016.0
Land Locked Developing Countries,Yield,2019,hg/ha,91978.0
Land Locked Developing Countries,Production,2005,tonnes,1498243.0
Land Locked Developing Countries,Production,2006,tonnes,1632738.0
Land Locked Developing Countries,Production,2007,tonnes,1680434.0
Land Locked Developing Countries,Production,2008,tonnes,1875954.0
Land Locked Developing Countries,Production,2009,tonnes,1847442.0
Land Locked Developing Countries,Production,2010,tonnes,1875063.0
Land Locked Developing Countries,Production,2011,tonnes,2086849.0
Land Locked Developing Countries,Production,2012,tonnes,2267222.0
Land Locked Developing Countries,Production,2013,tonnes,2388370.0
Land Locked Developing Countries,Production,2014,tonnes,2563987.0
Land Locked Developing Countries,Production,2015,tonnes,2608779.0
Land Locked Developing Countries,Production,2016,tonnes,3088109.0
Land Locked Developing Countries,Production,2017,tonnes,2793073.0
Land Locked Developing Countries,Production,2018,tonnes,3257276.0
Land Locked Developing Countries,Production,2019,tonnes,3174035.0
Small Island Developing States,Area harvested,2005,ha,321.0
Small Island Developing States,Area harvested,2006,ha,390.0
Small Island Developing States,Area harvested,2007,ha,420.0
Small Island Developing States,Area harvested,2008,ha,450.0
Small Island Developing States,Area harvested,2009,ha,465.0
Small Island Developing States,Area harvested,2010,ha,299.0
Small Island Developing States,Area harvested,2011,ha,351.0
Small Island Developing States,Area harvested,2012,ha,337.0
Small Island Developing States,Area harvested,2013,ha,329.0
Small Island Developing States,Area harvested,2014,ha,307.0
Small Island Developing States,Area harvested,2015,ha,301.0
Small Island Developing States,Area harvested,2016,ha,299.0
Small Island Developing States,Area harvested,2017,ha,434.0
Small Island Developing States,Area harvested,2018,ha,439.0
Small Island Developing States,Area harvested,2019,ha,375.0
Small Island Developing States,Yield,2005,hg/ha,40498.0
Small Island Developing States,Yield,2006,hg/ha,40154.0
Small Island Developing States,Yield,2007,hg/ha,41119.0
Small Island Developing States,Yield,2008,hg/ha,40422.0
Small Island Developing States,Yield,2009,hg/ha,45118.0
Small Island Developing States,Yield,2010,hg/ha,49900.0
Small Island Developing States,Yield,2011,hg/ha,46952.0
Small Island Developing States,Yield,2012,hg/ha,49318.0
Small Island Developing States,Yield,2013,hg/ha,48663.0
Small Island Developing States,Yield,2014,hg/ha,48599.0
Small Island Developing States,Yield,2015,hg/ha,49568.0
Small Island Developing States,Yield,2016,hg/ha,49967.0
Small Island Developing States,Yield,2017,hg/ha,51544.0
Small Island Developing States,Yield,2018,hg/ha,52278.0
Small Island Developing States,Yield,2019,hg/ha,52187.0
Small Island Developing States,Production,2005,tonnes,1300.0
Small Island Developing States,Production,2006,tonnes,1566.0
Small Island Developing States,Production,2007,tonnes,1727.0
Small Island Developing States,Production,2008,tonnes,1819.0
Small Island Developing States,Production,2009,tonnes,2098.0
Small Island Developing States,Production,2010,tonnes,1492.0
Small Island Developing States,Production,2011,tonnes,1648.0
Small Island Developing States,Production,2012,tonnes,1662.0
Small Island Developing States,Production,2013,tonnes,1601.0
Small Island Developing States,Production,2014,tonnes,1492.0
Small Island Developing States,Production,2015,tonnes,1492.0
Small Island Developing States,Production,2016,tonnes,1494.0
Small Island Developing States,Production,2017,tonnes,2237.0
Small Island Developing States,Production,2018,tonnes,2295.0
Small Island Developing States,Production,2019,tonnes,1957.0
Low Income Food Deficit Countries,Area harvested,2005,ha,465792.0
Low Income Food Deficit Countries,Area harvested,2006,ha,473215.0
Low Income Food Deficit Countries,Area harvested,2007,ha,502631.0
Low Income Food Deficit Countries,Area harvested,2008,ha,508156.0
Low Income Food Deficit Countries,Area harvested,2009,ha,523060.0
Low Income Food Deficit Countries,Area harvested,2010,ha,554111.0
Low Income Food Deficit Countries,Area harvested,2011,ha,575568.0
Low Income Food Deficit Countries,Area harvested,2012,ha,616875.0
Low Income Food Deficit Countries,Area harvested,2013,ha,621016.0
Low Income Food Deficit Countries,Area harvested,2014,ha,625914.0
Low Income Food Deficit Countries,Area harvested,2015,ha,630039.0
Low Income Food Deficit Countries,Area harvested,2016,ha,612169.0
Low Income Food Deficit Countries,Area harvested,2017,ha,632157.0
Low Income Food Deficit Countries,Area harvested,2018,ha,633780.0
Low Income Food Deficit Countries,Area harvested,2019,ha,640347.0
Low Income Food Deficit Countries,Yield,2005,hg/ha,73061.0
Low Income Food Deficit Countries,Yield,2006,hg/ha,79763.0
Low Income Food Deficit Countries,Yield,2007,hg/ha,67774.0
Low Income Food Deficit Countries,Yield,2008,hg/ha,78932.0
Low Income Food Deficit Countries,Yield,2009,hg/ha,77958.0
Low Income Food Deficit Countries,Yield,2010,hg/ha,72162.0
Low Income Food Deficit Countries,Yield,2011,hg/ha,89842.0
Low Income Food Deficit Countries,Yield,2012,hg/ha,75798.0
Low Income Food Deficit Countries,Yield,2013,hg/ha,70383.0
Low Income Food Deficit Countries,Yield,2014,hg/ha,82784.0
Low Income Food Deficit Countries,Yield,2015,hg/ha,76909.0
Low Income Food Deficit Countries,Yield,2016,hg/ha,92699.0
Low Income Food Deficit Countries,Yield,2017,hg/ha,79209.0
Low Income Food Deficit Countries,Yield,2018,hg/ha,85178.0
Low Income Food Deficit Countries,Yield,2019,hg/ha,81949.0
Low Income Food Deficit Countries,Production,2005,tonnes,3403137.0
Low Income Food Deficit Countries,Production,2006,tonnes,3774485.0
Low Income Food Deficit Countries,Production,2007,tonnes,3406520.0
Low Income Food Deficit Countries,Production,2008,tonnes,4010969.0
Low Income Food Deficit Countries,Production,2009,tonnes,4077681.0
Low Income Food Deficit Countries,Production,2010,tonnes,3998566.0
Low Income Food Deficit Countries,Production,2011,tonnes,5171016.0
Low Income Food Deficit Countries,Production,2012,tonnes,4675788.0
Low Income Food Deficit Countries,Production,2013,tonnes,4370893.0
Low Income Food Deficit Countries,Production,2014,tonnes,5181567.0
Low Income Food Deficit Countries,Production,2015,tonnes,4845538.0
Low Income Food Deficit Countries,Production,2016,tonnes,5674759.0
Low Income Food Deficit Countries,Production,2017,tonnes,5007257.0
Low Income Food Deficit Countries,Production,2018,tonnes,5398439.0
Low Income Food Deficit Countries,Production,2019,tonnes,5247585.0
Net Food Importing Developing Countries,Area harvested,2005,ha,219255.0
Net Food Importing Developing Countries,Area harvested,2006,ha,222574.0
Net Food Importing Developing Countries,Area harvested,2007,ha,221259.0
Net Food Importing Developing Countries,Area harvested,2008,ha,220799.0
Net Food Importing Developing Countries,Area harvested,2009,ha,220436.0
Net Food Importing Developing Countries,Area harvested,2010,ha,223077.0
Net Food Importing Developing Countries,Area harvested,2011,ha,228151.0
Net Food Importing Developing Countries,Area harvested,2012,ha,218767.0
Net Food Importing Developing Countries,Area harvested,2013,ha,233840.0
Net Food Importing Developing Countries,Area harvested,2014,ha,234357.0
Net Food Importing Developing Countries,Area harvested,2015,ha,236322.0
Net Food Importing Developing Countries,Area harvested,2016,ha,252787.0
Net Food Importing Developing Countries,Area harvested,2017,ha,243752.0
Net Food Importing Developing Countries,Area harvested,2018,ha,241745.0
Net Food Importing Developing Countries,Area harvested,2019,ha,233072.0
Net Food Importing Developing Countries,Yield,2005,hg/ha,73665.0
Net Food Importing Developing Countries,Yield,2006,hg/ha,77539.0
Net Food Importing Developing Countries,Yield,2007,hg/ha,82904.0
Net Food Importing Developing Countries,Yield,2008,hg/ha,82277.0
Net Food Importing Developing Countries,Yield,2009,hg/ha,79224.0
Net Food Importing Developing Countries,Yield,2010,hg/ha,86723.0
Net Food Importing Developing Countries,Yield,2011,hg/ha,90802.0
Net Food Importing Developing Countries,Yield,2012,hg/ha,94542.0
Net Food Importing Developing Countries,Yield,2013,hg/ha,99674.0
Net Food Importing Developing Countries,Yield,2014,hg/ha,98278.0
Net Food Importing Developing Countries,Yield,2015,hg/ha,106326.0
Net Food Importing Developing Countries,Yield,2016,hg/ha,96545.0
Net Food Importing Developing Countries,Yield,2017,hg/ha,109262.0
Net Food Importing Developing Countries,Yield,2018,hg/ha,106287.0
Net Food Importing Developing Countries,Yield,2019,hg/ha,116065.0
Net Food Importing Developing Countries,Production,2005,tonnes,1615140.0
Net Food Importing Developing Countries,Production,2006,tonnes,1725816.0
Net Food Importing Developing Countries,Production,2007,tonnes,1834327.0
Net Food Importing Developing Countries,Production,2008,tonnes,1816662.0
Net Food Importing Developing Countries,Production,2009,tonnes,1746381.0
Net Food Importing Developing Countries,Production,2010,tonnes,1934580.0
Net Food Importing Developing Countries,Production,2011,tonnes,2071649.0
Net Food Importing Developing Countries,Production,2012,tonnes,2068266.0
Net Food Importing Developing Countries,Production,2013,tonnes,2330771.0
Net Food Importing Developing Countries,Production,2014,tonnes,2303217.0
Net Food Importing Developing Countries,Production,2015,tonnes,2512716.0
Net Food Importing Developing Countries,Production,2016,tonnes,2440529.0
Net Food Importing Developing Countries,Production,2017,tonnes,2663287.0
Net Food Importing Developing Countries,Production,2018,tonnes,2569440.0
Net Food Importing Developing Countries,Production,2019,tonnes,2705161.0
